anio,mes,conglomerado,muestra,selviv,hogar,region,llave_panel,estrato,c201,c203,c204,c205,c206,c207,c208,nroinf,c301_dia,c301_mes,c301_anio,c303,c304,c305,c306_1,c306_2,c306_3,c306_4,c306_5,c306_6,c306_7,c306_8,c306_9,c306_10,c306_10a,c306_11,c300n,c306a,c308_cod,c309_cod,c310,c311,c312,c313,c317,c317a,c318_1,c318_2,c318_3,c318_4,c318_5,c318_6,c318_7,c318_t,c328_t,whorat,c330,c331,c333,c334,p209h,c335,c338,c339_1,c341_t,c342,c344,c345_1,c347_t,c348,c350,c352,c353,c354,c355,c356,c357_i,c358,c359,seguro1,c361_1,c362_1,c361_2,c362_2,c361_3,c362_3,c361_4,c362_4,c361_5,c362_5,c361_6,c362_6,c361_7,c362_7,c361_8,c362_8,c364_1,c365_1,c364_2,c365_2,c364_3,c365_3,c364_4,c365_4,c366,c366_1,c366_2,c375_1,c375_2,c375_3,c375_4,c375_5,c375_6,c376,c377,ocup300,i339_1,d341_t,i342,d344,i345_1,i348,d347_t,d350,d351_t,ingtot,ingtotp,ingtrabw,resident,factor_expansion,trimestre,fa_amj24,fa_efm24,fa_jas24,fa_efm25,fa_son24,grupo_edad,tiene_seguro,nivel_educativo_agrupado
2025,4,26524,1,1,1,1,202501265241000112,1,2,2,1,2, ,1,72.0,2,10.0,4.0,1953.0,1,,, , , , , , , , , , , , ,2, ,1142.0,5610.0,1, ,1, ,5,801.0,0.0,6.0,6.0,6.0,6.0,6.0,6.0,36.0,,36.0,1,,2, ,2,2, ,,,70000.0, ,, ,, , , , , , , , ,1,1,1,2,2, ,2, ,2, ,2, ,2, ,2, ,2, ,2, ,1,2,2, ,2, ,6,5, ,2,2,2,2,2,2,10,8,1,, ,70000.0,,,,,, ,70000.0,70000.0,70000.0,1,829.814382348452,2025_MarAbrMay,,,,,,60+,1,Secundaria
2025,3,29555,1,15,1,1,202503295551001512, ,2,2,1,2, ,2,60.0,2,5.0,1.0,1965.0,1,,, , , , , , , , , , , , ,2, ,1131.0,2100.0,3,5,1, ,4,250.0,0.0,8.0,8.0,8.0,8.0,5.0,0.0,37.0,,40.0,2,40.0,2, ,2,2,4,43970.0,,, ,, ,, , , , , , , , ,1,3,1,1,2, ,1,1,2, ,2, ,2, ,2, ,2, ,1,1,2, ,2, ,2, ,12,2, ,2,2,2,2,2,2,10,7,1,43970.0, ,,,,,,, ,43970.0,43970.0,43970.0,1,799.005741360619,2025_MarAbrMay,,,,,,60+,1,Postgrado
2025,4,17938,1,45,1,1,202401179381004511,1,1,1,1,2, ,1,62.0,1,2.0,10.0,1962.0,1,,, , , , , , , , , , , , ,1, ,3314.0,7911.0,3,5,1, ,4,400.0,0.0,8.0,8.0,8.0,0.0,0.0,0.0,24.0,11.0,65.0,2,65.0,2, ,2,2,4,20000.0,300.0,, ,6000.0, ,, , , , , , , , ,1,3,1,1,2, ,1,1,2, ,2, ,2, ,2, ,2, ,1,1,2, ,2, ,2, ,12,2, ,2,2,2,2,2,2,10,7,1,20000.0,25,,,6000.0,,,,7500,26025.0,20025.0,33525.0,1,440.35565191934,2025_MarAbrMay,,,,,,60+,1,Postgrado
2025,3,25321,1,138,1,1,202403253211013811,1,1,1,1,2, ,1,57.0,1,1.0,3.0,1968.0,1,,, , , , , , , , , , , , ,1, ,2142.0,8413.0,3,2, , ,5,9998.0,0.0,13.0,13.0,13.0,13.0,13.0,0.0,65.0,6.0,71.0,1,,2, ,2,2,4,16000.0,,, ,12000.0, ,, , , , , , , , ,1,1,1,1,2, ,2, ,2, ,2, ,2, ,2, ,2, ,1,1,2, ,2, ,2, ,12,2, ,1,2,2,2,2,2,10,7,1,16000.0, ,,,12000.0,,,, ,28000.0,16000.0,28000.0,1,997.905196222709,2025_MarAbrMay,,,,,,40-59,1,Postgrado
2025,5,2653302,1,51,1,1,20250526533021005112,1,2,2,1,2, ,1,58.0,1,26.0,9.0,1966.0,1,,, , , , , , , , , , , , ,2, ,2142.0,4100.0,3,5,1, ,3,100.0,0.0,10.0,10.0,10.0,10.0,10.0,5.0,55.0,,55.0,1,,1,1,1,2,4,20000.0,450.0,, ,, ,, , , , , , , , ,1,3,1,1,2, ,1,1,2, ,2, ,2, ,2, ,2, ,1,1,2, ,2, ,2, ,11,5, ,2,2,2,2,2,2,10,7,1,20000.0,450,,,,,,,5001,20450.0,20450.0,25451.0,1,885.922836606185,2025_MarAbrMay,,,,,,40-59,1,Superior Univ.
2025,5,26722,2,55,1,1,202505267222005512,1,2,2,1,2, ,2,62.0,2,26.0,9.0,1962.0,1,,, , , , , , , , , , , , ,2, ,4110.0,4290.0,3,5,1, ,5,1100.0,0.0,10.0,10.0,10.0,10.0,10.0,0.0,50.0,,50.0,1,,2, ,2,2,4,20000.0,,, ,, ,, , , , , , , , ,1,3,1,1,2, ,1,1,2, ,2, ,2, ,2, ,2, ,1,1,2, ,2, ,2, ,11,5, ,2,2,2,2,2,2,10,6,1,20000.0, ,,,,,,,5001,20000.0,20000.0,25001.0,1,681.974438816463,2025_MarAbrMay,,,,,,60+,1,Superior Univ.
2025,4,2626601,1,35,1,1,20240426266011003511,1,1,1,1,2, ,2,57.0,1,30.0,8.0,1967.0,1,,, , , , , , , , , , , , ,1, ,4110.0,2100.0,3,5,1, ,2,50.0,0.0,8.0,8.0,8.0,8.0,8.0,0.0,40.0,,40.0,1,,2, ,2,2,4,15000.0,50.0,, ,, ,, , , , , , , , ,1,3,1,1,2, ,1,1,2, ,2, ,2, ,2, ,2, ,1,1,2, ,2, ,2, ,11,5, ,2,2,2,2,2,2,10,7,1,15000.0,217,,,,,,,5250,15217.0,15217.0,20467.0,1,779.730590037922,2025_MarAbrMay,,,,,,40-59,1,Superior Univ.
2025,5,25262,1,100,1,1,202405252621010011,1,1,1,1,2, ,1,53.0,1,22.0,8.0,1971.0,1,,, , , , , , , , , , , , ,1, ,2146.0,729.0,3,5,1, ,5,750.0,10.0,10.0,10.0,0.0,0.0,0.0,0.0,30.0,,30.0,1,,2, ,2,2,4,11300.0,1100.0,, ,, ,, , , , , , , , ,1,3,1,1,2, ,1,2,2, ,2, ,2, ,2, ,2, ,1,1,2, ,2, ,2, ,11,5, ,2,2,2,2,2,2,10,7,1,11300.0,1100,,,,,,,6625,12400.0,12400.0,19025.0,1,1480.11364209984,2025_MarAbrMay,,,,,,40-59,1,Superior Univ.
2025,5,2627701,1,12,1,1,20240826277011001212,1,2,2,1,2, ,1,49.0,2,31.0,3.0,1976.0,1,,, , , , , , , , , , , , ,2, ,1499.0,6201.0,3,5,1, ,2,30.0,0.0,8.0,8.0,8.0,0.0,8.0,0.0,32.0,,40.0,2,40.0,2, ,2,2,4,15000.0,,, ,, ,, , , , , , , , ,1,3,1,1,2, ,1,1,2, ,2, ,2, ,2, ,2, ,1,1,2, ,2, ,2, ,11,5, ,2,2,2,2,2,2,10,7,1,15000.0, ,,,,,,,3750,15000.0,15000.0,18750.0,1,849.105264417926,2025_MarAbrMay,,,,,,40-59,1,Superior Univ.
2025,5,2734402,1,48,1,1,20240227344021004811,1,1,1,1,2, ,1,51.0,1,7.0,2.0,1974.0,1,,, , , , , , , , , , , , ,1, ,4110.0,6920.0,3,5,1, ,2,25.0,0.0,8.0,8.0,8.0,0.0,8.0,0.0,32.0,,40.0,2,40.0,2, ,2,2,4,15000.0,,, ,, ,, , , , , , , , ,1,1,1,1,2, ,2, ,2, ,2, ,2, ,2, ,2, ,1,1,2, ,2, ,2, ,11,5, ,2,2,2,2,2,2,10,7,1,15000.0, ,,,,,,,3750,15000.0,15000.0,18750.0,1,913.47609125995,2025_MarAbrMay,,,,,,40-59,1,Superior Univ.
2025,5,26398,1,86,1,1,202502263981008611,1,1,1,1,2, ,1,41.0,1,16.0,7.0,1983.0,1,,, , , , , , , , , , , , ,1, ,1221.0,1101.0,3,5,1, ,3,90.0,0.0,8.0,8.0,8.0,8.0,8.0,5.0,45.0,,45.0,1,,2, ,2,2,4,15000.0,,, ,, ,, , , , , , , , ,1,3,1,1,2, ,1,1,2, ,2, ,2, ,2, ,2, ,1,1,2, ,2, ,2, ,11,5, ,2,2,2,2,2,2,10,7,1,15000.0, ,,,,,,,3750,15000.0,15000.0,18750.0,1,996.042935994006,2025_MarAbrMay,,,,,,40-59,1,Superior Univ.
2025,5,25636,1,42,1,1,202502256361004211,1,1,1,1,2, ,1,45.0,1,26.0,1.0,1980.0,1,,, , , , , , , , , , , , ,1, ,2114.0,729.0,3,5,1, ,4,500.0,0.0,9.0,9.0,9.0,9.0,9.0,0.0,45.0,,45.0,1,,2, ,2,2,4,17000.0,,, ,, ,, , , , , , , , ,1,1,1,1,2, ,2, ,2, ,2, ,2, ,2, ,2, ,1,1,2, ,2, ,2, ,12,2, ,2,2,2,2,2,2,10,7,1,17000.0, ,,,,,,,1416,17000.0,17000.0,18416.0,1,814.428779823916,2025_MarAbrMay,,,,,,40-59,1,Postgrado
2025,5,2527102,1,19,1,1,20250525271021001911,1,1,1,1,2, ,1,65.0,2,19.0,6.0,1959.0,1,,, , , , , , , , , , , , ,1, ,4416.0,729.0,3,5,1, ,3,60.0,10.0,10.0,10.0,10.0,10.0,10.0,10.0,70.0,,70.0,1,,2, ,2,2,4,13500.0,630.0,, ,, ,, , , , , , , , ,1,3,1,1,2, ,1,1,2, ,2, ,2, ,2, ,2, ,1,1,2, ,2, ,2, ,11,5, ,2,2,2,2,2,2,10,7,1,13500.0,1229,,,,,,,3375,14729.0,14729.0,18104.0,1,1382.31121005008,2025_MarAbrMay,,,,,,60+,1,Superior Univ.
2025,5,2578501,1,22,1,1,20240825785011002212,1,2,2,1,2, ,1,53.0,2,22.0,5.0,1971.0,1,,, , , , , , , , , , , , ,2, ,2611.0,8413.0,3,2, , ,5,9998.0,0.0,8.0,8.0,8.0,8.0,8.0,0.0,40.0,,40.0,1,,2, ,2,2,4,18000.0,,, ,, ,, , , , , , , , ,1,1,1,1,2, ,2, ,2, ,2, ,2, ,2, ,2, ,1,1,2, ,2, ,2, ,11,6, ,2,2,2,2,2,2,10,7,1,18000.0, ,,,,,,,50,18000.0,18000.0,18050.0,1,1080.46782788688,2025_MarAbrMay,,,,,,40-59,1,Superior Univ.
2025,4,24790,1,56,1,1,202501247901005611,1,1,1,1,2, ,1,36.0,1,4.0,10.0,1988.0,1,,, , , , , , , , , , , , ,1, ,2142.0,4100.0,1, ,1, ,1,20.0,0.0,10.0,10.0,10.0,10.0,10.0,0.0,50.0,,50.0,1,,2, ,2,2, ,,,18000.0, ,, ,, , , , , , , , ,1,1,1,2,2, ,2, ,2, ,2, ,2, ,2, ,2, ,1,2,2, ,2, ,2, ,11,5, ,2,2,2,2,2,2,10,7,1,, ,18000.0,,,,,, ,18000.0,18000.0,18000.0,1,1076.6148281082,2025_MarAbrMay,,,,,,25-39,1,Superior Univ.
2025,5,2527102,1,17,1,1,20250525271021001713,1,3,3,1,2, ,1,35.0,3,27.0,2.0,1990.0,1,,, , , , , , , , , , , , ,3, ,2152.0,1074.0,3,5,1, ,4,400.0,0.0,8.0,8.0,8.0,8.0,8.0,0.0,40.0,,40.0,1,,2, ,2,2,4,14000.0,,, ,, ,, , , , , , , , ,1,3,1,1,2, ,1,1,2, ,2, ,2, ,2, ,2, ,1,1,2, ,2, ,2, ,11,5, ,2,2,2,2,2,2,10,7,1,14000.0, ,,,,,,,3501,14000.0,14000.0,17501.0,1,1682.49468848927,2025_MarAbrMay,,,,,,25-39,1,Superior Univ.
2025,5,29415,1,143,1,1,202505294151014311,1,1,1,1,2, ,1,37.0,1,16.0,12.0,1987.0,1,,, , , , , , , , , , , , ,1, ,2142.0,7110.0,2, ,1, ,1,1.0,0.0,1.0,2.0,2.0,4.0,2.0,3.0,14.0,20.0,60.0,2,60.0,1,1,1,2, ,,,13000.0, ,, ,4500.0, , , , , , , , ,1,1,1,2,2, ,2, ,2, ,2, ,2, ,2, ,2, ,1,2,2, ,2, ,2, ,11,5, ,2,2,2,2,2,2,10,7,1,, ,13000.0,,,4500.0,,, ,17500.0,13000.0,17500.0,1,1169.08892990513,2025_MarAbrMay,,,,,,25-39,1,Superior Univ.
2025,5,26700,1,59,1,1,202505267001005911,1,1,1,1,2, ,1,48.0,1,14.0,1.0,1977.0,1,,, , , , , , , , , , , , ,1, ,3513.0,6209.0,3,5,1, ,5,1300.0,0.0,9.0,9.0,9.0,9.0,9.0,0.0,45.0,10.0,55.0,1,,2, ,2,2,4,11000.0,,, ,, ,4000.0, , , , , , , , ,1,1,1,1,2, ,2, ,2, ,2, ,2, ,2, ,2, ,1,1,2, ,2, ,2, ,12,1, ,2,2,2,2,2,2,10,7,1,11000.0, ,,,,4000.0,,,2499,15000.0,11000.0,17499.0,1,1405.85064031963,2025_MarAbrMay,,,,,,40-59,1,Postgrado
2025,5,19968,1,16,1,1,202505199681001611,1,1,1,1,2, ,1,42.0,1,29.0,11.0,1982.0,1,,, , , , , , , , , , , , ,1, ,4312.0,6419.0,3,5,1, ,5,3000.0,2.0,10.0,10.0,10.0,10.0,10.0,0.0,52.0,,52.0,1,,2, ,2,2,4,13000.0,,, ,, ,, , , , , , , , ,1,3,1,1,2, ,1,4,2, ,2, ,2, ,2, ,2, ,1,1,2, ,2, ,2, ,11,5, ,2,2,2,2,2,2,10,7,1,13000.0, ,,,,,,,3712,13000.0,13000.0,16712.0,1,758.755473643204,2025_MarAbrMay,,,,,,40-59,1,Superior Univ.
2025,4,2657901,1,56,1,1,20240426579011005611,1,1,1,1,2, ,2,52.0,1,4.0,7.0,1972.0,1,,, , , , , , , , , , , , ,1, ,2611.0,1030.0,3,5,1, ,5,505.0,0.0,10.0,9.0,10.0,9.0,10.0,0.0,48.0,,48.0,1,,2, ,2,2,4,13200.0,,, ,, ,, , , , , , , , ,1,3,1,1,2, ,1,1,2, ,2, ,2, ,2, ,2, ,1,1,2, ,2, ,2, ,12,2, ,2,2,2,2,2,2,10,7,1,13200.0, ,,,,,,,3249,13200.0,13200.0,16449.0,1,678.602403965282,2025_MarAbrMay,,,,,,40-59,1,Postgrado
2025,3,49915,1,152,1,1,202312499151015211,1,1,1,1,2, ,1,44.0,2,9.0,6.0,1980.0,1,,, , , , , , , , , , , , ,1, ,2144.0,2410.0,3,5,1, ,4,400.0,0.0,8.0,8.0,8.0,8.0,8.0,0.0,40.0,,40.0,1,,2, ,2,2,4,12000.0,,, ,, ,, , , , , , , , ,1,1,1,1,2, ,2, ,2, ,2, ,2, ,2, ,2, ,1,1,2, ,2, ,2, ,11,5, ,2,2,2,2,2,2,10,7,1,12000.0, ,,,,,,,4000,12000.0,12000.0,16000.0,1,1962.12370348928,2025_MarAbrMay,,,,,,40-59,1,Superior Univ.
2025,3,27224,1,53,1,1,202503272241005311, ,1,1,1,2, ,1,57.0,1,12.0,6.0,1967.0,1,,, , , , , , , , , , , , ,1, ,2631.0,4220.0,3,5,1, ,5,2000.0,0.0,8.0,8.0,8.0,8.0,8.0,0.0,40.0,,40.0,1,,2, ,2,2,4,12000.0,,, ,, ,, , , , , , , , ,1,3,1,1,2, ,1,1,2, ,2, ,2, ,2, ,2, ,1,1,2, ,2, ,2, ,12,2, ,2,2,2,2,2,2,10,6,1,12000.0, ,,,,,,,4000,12000.0,12000.0,16000.0,1,910.802996533465,2025_MarAbrMay,,,,,,40-59,1,Postgrado
2025,5,2304701,1,119,1,1,20240523047011011911,1,1,1,1,2, ,1,54.0,1,3.0,4.0,1971.0,1,,, , , , , , , , , , , , ,1, ,3314.0,4530.0,1, ,1, ,1,3.0,0.0,11.0,11.0,11.0,11.0,0.0,11.0,55.0,12.0,67.0,1,,1,1,1,2, ,,,10000.0, ,, ,6000.0, , , , , , , , ,1,5,2, ,2, ,2, ,2, ,1,5,2, ,2, ,2, ,2, ,2, ,2, ,2, ,6,5, ,2,2,2,2,2,2,10,7,1,, ,10000.0,,,6000.0,,, ,16000.0,10000.0,16000.0,1,660.962140545659,2025_MarAbrMay,,,,,,40-59,1,Secundaria
2025,3,26444,1,63,1,1,202412264441006311,1,1,1,1,2, ,1,56.0,1,21.0,9.0,1968.0,1,,, , , , , , , , , , , , ,1, ,2212.0,8620.0,3,5,1, ,2,30.0,5.0,10.0,10.0,10.0,10.0,10.0,10.0,65.0,,65.0,1,,1,1,1,2,4,12000.0,,, ,, ,, , , , , , , , ,2,3,1,1,2, ,1,1,2, ,2, ,2, ,2, ,2, ,1,1,2, ,2, ,2, ,12,2, ,2,2,2,2,2,2,10,6,1,12000.0, ,,,,,,,3833,12000.0,12000.0,15833.0,1,1637.53793544195,2025_MarAbrMay,,,,,,40-59,1,Postgrado
2025,3,25524,1,7,1,1,202412255241000711,1,1,1,1,2, ,2,51.0,1,8.0,1.0,1974.0,1,,, , , , , , , , , , , , ,1, ,1114.0,8412.0,3,2, , ,5,1000.0,0.0,8.0,8.0,8.0,8.0,8.0,0.0,40.0,,40.0,1,,2, ,2,2,4,15600.0,,, ,, ,, , , , , , , , ,1,3,1,1,2, ,1,1,2, ,2, ,2, ,2, ,2, ,1,1,2, ,2, ,2, ,12,2, ,2,2,2,2,2,2,10,7,1,15600.0, ,,,,,,,50,15600.0,15600.0,15650.0,1,914.821659625603,2025_MarAbrMay,,,,,,40-59,1,Postgrado
2025,5,19839,1,110,1,1,202402198391011011,1,1,1,1,2, ,1,29.0,1,20.0,2.0,1996.0,1,,, , , , , , , , , , , , ,1, ,9629.0,7490.0,2, ,2,2,1,1.0,6.0,6.0,6.0,6.0,0.0,6.0,0.0,30.0,18.0,53.0,2,53.0,1,1,1,2, ,,,, ,3100.0, ,, , , , , , , , ,1,1,1,2,2, ,2, ,2, ,2, ,2, ,2, ,2, ,1,2,2, ,2, ,2, ,10,4, ,2,2,2,2,2,2,10,7,1,, ,12500.0,,3100.0,,,, ,15600.0,12500.0,15600.0,1,1283.48820888282,2025_MarAbrMay,,,,,,25-39,1,Superior Univ.
2025,4,29453,1,111,1,1,202404294531011111,1,1,1,1,2, ,1,42.0,1,10.0,6.0,1982.0,1,,, , , , , , , , , , , , ,1, ,5211.0,4641.0,2, ,1, ,1,2.0,0.0,12.0,12.0,12.0,12.0,12.0,12.0,72.0,,72.0,1,,1,1,1,2, ,,,15000.0,250,, ,, , , , , , , , ,1,6,2, ,2, ,2, ,2, ,2, ,2, ,2, ,2, ,2, ,2, ,2, ,2, ,6,5, ,2,2,2,2,2,2,2,2,1,, ,15000.0,250.0,,,,, ,15250.0,15250.0,15250.0,1,1036.63654449463,2025_MarAbrMay,,,,,,40-59,0,Secundaria
2025,4,28454,1,71,1,1,202504284541007112,1,2,2,1,2, ,1,62.0,2,21.0,7.0,1962.0,1,,, , , , , , , , , , , , ,2, ,2212.0,8610.0,3,2, , ,5,998.0,0.0,6.0,6.0,6.0,6.0,6.0,6.0,36.0,10.0,46.0,1,,2, ,2,2,4,13000.0,,, ,2000.0, ,, , , , , , , , ,2,1,1,1,2, ,2, ,2, ,2, ,2, ,2, ,2, ,1,1,2, ,2, ,2, ,11,7, ,2,2,2,2,2,2,10,7,1,13000.0, ,,,2000.0,,,,50,15000.0,13000.0,15050.0,1,956.248468398494,2025_MarAbrMay,,,,,,60+,1,Superior Univ.
2025,5,2734402,1,47,1,1,20240227344021004711,1,1,1,1,2, ,1,66.0,1,18.0,9.0,1958.0,1,,, , , , , , , , , , , , ,1, ,2631.0,8413.0,3,2, , ,5,9998.0,0.0,8.0,8.0,8.0,0.0,8.0,0.0,32.0,,40.0,2,40.0,2, ,2,2,4,15000.0,,, ,, ,, , , , , , , , ,1,1,1,1,2, ,2, ,2, ,2, ,2, ,2, ,2, ,2, ,1,1,2, ,2, ,11,5, ,2,2,2,2,2,2,10,7,1,15000.0, ,,,,,,,50,15000.0,15000.0,15050.0,1,913.47609125995,2025_MarAbrMay,,,,,,60+,1,Superior Univ.
2025,5,26896,1,21,1,1,202408268961002112,1,2,6,1,2, ,2,58.0,2,10.0,5.0,1967.0,1,,, , , , , , , , , , , , ,2, ,2611.0,8423.0,3,2, , ,5,9998.0,0.0,8.0,8.0,8.0,8.0,8.0,0.0,40.0,,40.0,1,,2, ,2,2,4,15000.0,,, ,, ,, , , , , , , , ,1,2,2, ,1,1,2, ,2, ,2, ,2, ,2, ,2, ,1,1,2, ,2, ,2, ,12,2, ,2,2,2,2,2,2,10,7,1,15000.0, ,,,,,,,50,15000.0,15000.0,15050.0,1,750.600797342413,2025_MarAbrMay,,,,,,40-59,1,Postgrado
2025,3,26444,1,65,1,1,202312264441006512,1,2,2,1,2, ,2,39.0,2,13.0,4.0,1985.0,2,2.0,2.0,2,2,2,1,2,2,2,2,2,2,2,2,2, ,3314.0,1410.0,1, ,1, ,1,5.0,3.0,3.0,3.0,3.0,3.0,3.0,3.0,21.0,,21.0,1,,2, ,2,2, ,,,15000.0, ,, ,, , , , , , , , ,1,1,1,2,2, ,2, ,2, ,2, ,2, ,2, ,2, ,2, ,2, ,2, ,2, ,11,6, ,2,2,2,2,2,2,10,6,1,, ,15000.0,,,,,, ,15000.0,15000.0,15000.0,1,1940.54389045286,2025_MarAbrMay,,,,,,25-39,1,Superior Univ.
2025,3,27291,1,70,1,1,202403272911007011,1,1,1,1,2, ,1,44.0,1,8.0,11.0,1980.0,1,,, , , , , , , , , , , , ,1, ,1111.0,8423.0,3,2, , ,5,9998.0,0.0,8.0,8.0,8.0,8.0,8.0,0.0,40.0,,40.0,1,,2, ,2,2,4,,,, ,, ,, , , , , , , , ,1,1,1,1,2, ,2, ,2, ,2, ,2, ,2, ,2, ,1,1,2, ,2, ,2, ,11,6, ,2,2,2,2,2,2,10,7,1,15000.0, ,,,,,,, ,15000.0,15000.0,15000.0,1,1245.38715317202,2025_MarAbrMay,,,,,,40-59,1,Superior Univ.
2025,4,29588,1,48,1,1,202504295881004811,1,1,1,1,2, ,2,55.0,1,8.0,7.0,1969.0,1,,, , , , , , , , , , , , ,1, ,1163.0,8620.0,3,5,1, ,2,30.0,6.0,8.0,8.0,8.0,8.0,8.0,8.0,54.0,,54.0,1,,1,1,1,2,4,12000.0,,, ,, ,, , , , , , , , ,1,3,1,1,2, ,1,1,2, ,2, ,2, ,2, ,2, ,1,1,2, ,2, ,2, ,11,5, ,2,2,2,2,2,2,10,7,1,12000.0, ,,,,,,,3000,12000.0,12000.0,15000.0,1,1203.88309090062,2025_MarAbrMay,,,,,,40-59,1,Superior Univ.
2025,5,2693901,1,15,1,1,20240226939011001511,1,1,1,1,2, ,2,49.0,4,6.0,12.0,1975.0,1,,, , , , , , , , , , , , ,1, ,2161.0,6820.0,1, ,1, ,1,6.0,0.0,8.0,8.0,8.0,8.0,8.0,0.0,40.0,,40.0,1,,2, ,2,2, ,,,15000.0, ,, ,, , , , , , , , ,1,1,1,2,2, ,2, ,2, ,2, ,2, ,2, ,2, ,1,2,2, ,2, ,2, ,11,5, ,2,2,2,2,2,2,10,7,1,, ,15000.0,,,,,, ,15000.0,15000.0,15000.0,1,794.623378129844,2025_MarAbrMay,,,,,,40-59,1,Superior Univ.
2025,4,2662401,1,72,1,1,20250426624011007211,1,1,1,1,2, ,1,41.0,1,17.0,9.0,1983.0,1,,, , , , , , , , , , , , ,1, ,2511.0,6202.0,3,5,1, ,5,9998.0,0.0,8.0,8.0,8.0,8.0,8.0,0.0,40.0,,40.0,1,,2, ,2,2,4,13000.0,,, ,, ,, , , , , , , , ,1,3,1,1,2, ,1,1,2, ,2, ,2, ,2, ,2, ,1,1,2, ,2, ,2, ,11,5, ,2,2,2,2,2,2,10,7,1,13000.0, ,,,,,,,1666,13000.0,13000.0,14666.0,1,1005.24215396832,2025_MarAbrMay,,,,,,40-59,1,Superior Univ.
2025,5,26700,1,63,1,1,202505267001006311,1,1,1,1,2, ,1,50.0,1,15.0,12.0,1974.0,1,,, , , , , , , , , , , , ,1, ,2511.0,7210.0,3,5,1, ,5,9998.0,0.0,8.0,8.0,8.0,8.0,8.0,0.0,40.0,4.0,44.0,1,,2, ,2,2,4,10000.0,,, ,, ,3000.0, , , , , , , , ,1,1,1,1,2, ,2, ,2, ,2, ,2, ,2, ,2, ,1,1,2, ,2, ,2, ,12,2, ,2,2,2,2,2,2,10,7,1,10000.0, ,,,,3000.0,,,1666,13000.0,10000.0,14666.0,1,1405.85064031963,2025_MarAbrMay,,,,,,40-59,1,Postgrado
2025,3,26444,1,64,1,1,202312264441006411,1,1,1,1,2, ,1,60.0,1,4.0,3.0,1965.0,1,,, , , , , , , , , , , , ,1, ,1131.0,1102.0,3,5,1, ,4,200.0,0.0,8.0,8.0,8.0,8.0,8.0,0.0,40.0,,40.0,1,,2, ,2,2,4,12000.0,,, ,, ,, , , , , , , , ,1,3,1,1,2, ,1,1,2, ,2, ,2, ,2, ,2, ,1,1,2, ,2, ,2, ,12,2, ,2,2,2,2,2,2,10,6,1,12000.0, ,,,,,,,2083,12000.0,12000.0,14083.0,1,1637.53793544195,2025_MarAbrMay,,,,,,60+,1,Postgrado
2025,5,2578501,1,22,1,1,20240825785011002211,1,1,1,1,2, ,2,47.0,1,19.0,10.0,1977.0,1,,, , , , , , , , , , , , ,1, ,2631.0,8430.0,3,3, , ,5,9998.0,0.0,8.0,8.0,8.0,8.0,8.0,0.0,40.0,,40.0,1,,1,1,1,2,4,14000.0,,, ,, ,, , , , , , , , ,1,1,1,1,2, ,2, ,2, ,2, ,2, ,2, ,2, ,1,1,2, ,2, ,2, ,11,5, ,2,2,2,2,2,2,10,7,1,14000.0, ,,,,,,,50,14000.0,14000.0,14050.0,1,995.292220543264,2025_MarAbrMay,,,,,,40-59,1,Superior Univ.
2025,4,2655102,1,47,1,1,20250426551021004711,1,1,1,1,2, ,2,51.0,1,22.0,9.0,1973.0,1,,, , , , , , , , , , , , ,1, ,2421.0,6810.0,1, ,1, ,1,9.0,0.0,8.0,8.0,8.0,0.0,0.0,0.0,24.0,,40.0,2,40.0,2, ,2,2, ,,,14000.0, ,, ,, , , , , , , , ,1,2,2, ,1,2,2, ,2, ,2, ,2, ,2, ,2, ,1,2,2, ,2, ,2, ,11,5, ,2,2,2,2,2,2,10,8,1,, ,14000.0,,,,,, ,14000.0,14000.0,14000.0,1,842.358850513403,2025_MarAbrMay,,,,,,40-59,1,Superior Univ.
2025,4,29516,1,56,1,1,202501295161005612,1,2,2,1,2, ,1,56.0,2,6.0,12.0,1968.0,1,,, , , , , , , , , , , , ,2, ,2144.0,4752.0,3,5,1, ,4,101.0,0.0,8.0,8.0,8.0,8.0,8.0,8.0,48.0,,48.0,1,,2, ,2,2,4,11000.0,,, ,, ,, , , , , , , , ,1,3,1,1,1,2,2, ,2, ,2, ,2, ,2, ,2, ,1,1,2, ,2, ,2, ,11,5, ,2,2,2,2,2,2,10,7,1,11000.0, ,,,,,,,2889,11000.0,11000.0,13889.0,1,890.121046445746,2025_MarAbrMay,,,,,,40-59,1,Superior Univ.
2025,3,19762,1,29,1,1,202503197621002911,1,1,1,1,2, ,1,44.0,2,18.0,2.0,1981.0,2,1.0,, , , , , , , , , , , , ,1, ,2141.0,4390.0,3,5,1, ,4,500.0,0.0,0.0,0.0,0.0,0.0,0.0,0.0,0.0,,45.0,2,45.0,2, ,2,2,4,11000.0,,, ,, ,, , , , , , , , ,2,1,1,1,2, ,2, ,2, ,2, ,2, ,2, ,2, ,1,1,2, ,2, ,2, ,11,5, ,1,2,2,2,2,2,10,7,1,11000.0, ,,,,,,,2776,11000.0,11000.0,13776.0,1,1990.06480523174,2025_MarAbrMay,,,,,,40-59,1,Superior Univ.
2025,4,2694701,1,66,1,1,20240426947011006612,1,2,2,1,2, ,2,46.0,2,13.0,8.0,1978.0,1,,, , , , , , , , , , , , ,2, ,2211.0,2100.0,3,5,1, ,4,200.0,0.0,8.0,8.0,8.0,0.0,0.0,0.0,24.0,,40.0,2,40.0,2, ,2,2,4,11000.0,,, ,, ,, , , , , , , , ,1,3,1,1,2, ,1,1,2, ,2, ,2, ,2, ,2, ,1,1,2, ,2, ,2, ,12,2, ,2,2,2,2,2,2,10,7,1,11000.0, ,,,,,,,2751,11000.0,11000.0,13751.0,1,832.483440053576,2025_MarAbrMay,,,,,,40-59,1,Postgrado
2025,3,2651402,1,179,1,1,20250326514021017911,1,1,1,1,2, ,2,25.0,1,8.0,7.0,1999.0,1,,, , , , , , , , , , , , ,1, ,4110.0,4210.0,3,5,1, ,5,1800.0,0.0,10.0,10.0,10.0,10.0,10.0,0.0,50.0,,50.0,1,,2, ,2,2,4,10000.0,,, ,, ,, , , , , , , , ,1,3,1,1,2, ,1,1,2, ,2, ,2, ,2, ,2, ,1,1,2, ,2, ,2, ,11,5, ,2,2,2,2,2,2,10,6,1,10000.0, ,,,,,,,3749,10000.0,10000.0,13749.0,1,2831.97157837164,2025_MarAbrMay,,,,,,25-39,1,Superior Univ.
2025,3,2651402,1,179,1,1,20250326514021017912,1,2,11,1,2, ,2,28.0,2,4.0,2.0,1997.0,1,,, , , , , , , , , , , , ,2, ,2141.0,610.0,3,5,1, ,5,3500.0,0.0,8.0,8.0,8.0,8.0,8.0,0.0,40.0,,40.0,1,,2, ,2,2,4,10000.0,,, ,, ,, , , , , , , , ,1,3,1,1,2, ,1,1,2, ,2, ,2, ,2, ,2, ,1,1,2, ,2, ,2, ,11,5, ,2,2,2,2,2,2,10,7,1,10000.0, ,,,,,,,3499,10000.0,10000.0,13499.0,1,2831.97157837164,2025_MarAbrMay,,,,,,25-39,1,Superior Univ.
2025,3,2641302,1,8,1,1,20240326413021000811,1,1,1,1,2, ,1,62.0,3,10.0,9.0,1962.0,1,,, , , , , , , , , , , , ,1, ,1132.0,729.0,3,5,1, ,4,200.0,0.0,8.0,8.0,8.0,8.0,8.0,0.0,40.0,,40.0,1,,1,1,1,2,4,10000.0,690.0,, ,, ,, , , , , , , , ,1,3,1,1,2, ,1,1,2, ,2, ,2, ,2, ,2, ,1,1,2, ,2, ,2, ,12,2, ,2,2,2,2,2,2,10,7,1,10000.0,990,,,,,,,2499,10990.0,10990.0,13489.0,1,1294.36901960654,2025_MarAbrMay,,,,,,60+,1,Postgrado
2025,5,27407,1,46,1,1,202405274071004613,1,3,3,1,2, ,2,36.0,3,15.0,7.0,1988.0,1,,, , , , , , , , , , , , ,3, ,2212.0,8610.0,3,2, , ,5,501.0,12.0,6.0,6.0,6.0,6.0,6.0,0.0,42.0,10.0,70.0,2,70.0,1,2,2,2,4,9000.0,40.0,, ,2000.0, ,2000.0, , , , , , , , ,1,1,1,1,2, ,2, ,2, ,2, ,2, ,2, ,2, ,1,1,2, ,2, ,2, ,11,7, ,2,2,2,2,2,2,10,7,1,9000.0,40,,,2000.0,2000.0,,,50,13040.0,9040.0,13090.0,1,1055.89206204613,2025_MarAbrMay,,,,,,25-39,1,Superior Univ.
2025,3,2704001,1,7,1,1,20240627040011000712,1,2,2,1,2, ,2,46.0,2,13.0,6.0,1978.0,1,,, , , , , , , , , , , , ,2, ,3317.0,8230.0,2, ,1, ,1,1.0,0.0,10.0,10.0,8.0,10.0,8.0,0.0,46.0,,46.0,1,,2, ,2,2, ,,,13000.0, ,, ,, , , , , , , , ,1,3,1,4,2, ,1,4,2, ,2, ,2, ,2, ,2, ,1,5,2, ,2, ,2, ,9,3, ,2,2,2,2,2,2,10,7,1,, ,13000.0,,,,,, ,13000.0,13000.0,13000.0,1,462.625245064365,2025_MarAbrMay,,,,,,40-59,1,Superior No Univ.
2025,3,2441301,1,96,1,1,20250324413011009613, ,2,6,1,2, ,2,60.0,2,23.0,3.0,1965.0,1,,, , , , , , , , , , , , ,2, ,3314.0,4923.0,1, ,1, ,1,6.0,0.0,0.0,0.0,0.0,0.0,5.0,5.0,10.0,,10.0,1,,2, ,2,2, ,,,13000.0, ,, ,, , , , , , , , ,1,1,1,4,2, ,2, ,2, ,2, ,2, ,2, ,2, ,2, ,2, ,2, ,2, ,8,1, ,2,2,2,2,2,2,10,7,1,, ,13000.0,,,,,, ,13000.0,13000.0,13000.0,1,461.979142753169,2025_MarAbrMay,,,,,,60+,1,Superior No Univ.
2025,3,2668202,1,53,1,1,20240626682021005311,1,1,1,1,2, ,1,47.0,1,23.0,7.0,1977.0,1,,, , , , , , , , , , , , ,1, ,2141.0,3510.0,3,5,1, ,2,32.0,0.0,8.0,8.0,8.0,8.0,0.0,0.0,32.0,,32.0,1,,2, ,2,2,4,12500.0,,, ,, ,, , , , , , , , ,1,2,2, ,1,1,2, ,2, ,2, ,2, ,2, ,2, ,1,1,2, ,2, ,2, ,12,2, ,2,2,2,2,2,2,10,7,1,12500.0, ,,,,,,,500,12500.0,12500.0,13000.0,1,804.43944640343,2025_MarAbrMay,,,,,,40-59,1,Postgrado
2025,4,2688001,1,4,1,1,20240126880011000411,1,1,1,1,2, ,1,67.0,1,25.0,9.0,1957.0,1,,, , , , , , , , , , , , ,1, ,1221.0,4663.0,3,5,1, ,1,11.0,0.0,8.0,8.0,8.0,8.0,8.0,0.0,40.0,,40.0,1,,2, ,2,2,4,12000.0,,, ,, ,, , , , , , , , ,1,3,1,1,2, ,1,1,2, ,2, ,2, ,2, ,2, ,1,1,2, ,2, ,2, ,11,5, ,2,2,2,2,2,2,10,7,1,12000.0, ,,,,,,,1000,12000.0,12000.0,13000.0,1,919.572181931979,2025_MarAbrMay,,,,,,60+,1,Superior Univ.
2025,5,24856,1,72,1,1,202502248561007211,1,1,1,1,2, ,1,35.0,1,19.0,2.0,1990.0,1,,, , , , , , , , , , , , ,1, ,2212.0,8610.0,3,2, , ,5,9998.0,0.0,12.0,0.0,12.0,0.0,12.0,0.0,36.0,28.0,64.0,1,,1,1,1,2,4,8500.0,,, ,4500.0, ,, , , , , , , , ,1,1,1,1,2, ,2, ,2, ,2, ,2, ,2, ,2, ,1,1,2, ,2, ,2, ,12,2, ,2,2,2,2,2,2,10,7,1,8500.0, ,,,4500.0,,,, ,13000.0,8500.0,13000.0,1,969.988840345752,2025_MarAbrMay,,,,,,25-39,1,Postgrado
2025,4,2731801,1,22,1,1,20250427318011002211,1,1,1,1,2, ,2,59.0,1,27.0,10.0,1965.0,1,,, , , , , , , , , , , , ,1, ,2411.0,6920.0,3,5,1, ,2,50.0,0.0,8.0,8.0,8.0,8.0,8.0,8.0,48.0,42.0,90.0,1,,2, ,2,2,4,5000.0,,, ,, ,6000.0, , , , , , , , ,1,3,1,1,2, ,1,1,2, ,2, ,2, ,2, ,2, ,1,1,2, ,2, ,2, ,12,2, ,2,2,2,2,2,2,10,4,1,5000.0, ,,,,6000.0,,,1876,11000.0,5000.0,12876.0,1,975.518767435833,2025_MarAbrMay,,,,,,40-59,1,Postgrado
2025,5,25636,1,40,1,1,202502256361004012,1,2,2,1,2, ,1,59.0,2,25.0,1.0,1966.0,1,,, , , , , , , , , , , , ,2, ,2311.0,8530.0,3,5,1, ,5,9998.0,0.0,8.0,8.0,8.0,8.0,8.0,0.0,40.0,,40.0,1,,2, ,2,2,4,9000.0,,, ,, ,, , , , , , , , ,1,1,1,1,2, ,2, ,2, ,2, ,2, ,2, ,2, ,1,1,2, ,2, ,2, ,12,2, ,2,2,2,2,2,2,10,9,1,9000.0, ,,,,,,,3666,9000.0,9000.0,12666.0,1,814.428779823916,2025_MarAbrMay,,,,,,40-59,1,Postgrado
2025,3,2640901,1,8,1,1,20250326409011000812, ,2,2,1,2, ,1,59.0,2,19.0,2.0,1966.0,1,,, , , , , , , , , , , , ,2, ,1169.0,4711.0,3,5,1, ,5,9998.0,0.0,9.0,9.0,9.0,9.0,9.0,0.0,45.0,,45.0,1,,2, ,2,2,4,10000.0,,, ,, ,, , , , , , , , ,1,4,2, ,2, ,2, ,1,3,2, ,2, ,2, ,2, ,2, ,2, ,2, ,1,3,11,5, ,2,2,2,2,2,2,10,7,1,10000.0, ,,,,,,,2499,10000.0,10000.0,12499.0,1,833.463425393685,2025_MarAbrMay,,,,,,40-59,1,Superior Univ.
2025,3,29575,1,8,1,1,202503295751000811, ,1,1,1,2, ,2,68.0,1,22.0,3.0,1956.0,1,,, , , , , , , , , , , , ,1, ,4110.0,6411.0,3,3, , ,5,9998.0,0.0,8.0,8.0,8.0,8.0,8.0,0.0,40.0,,40.0,1,,2, ,2,2,4,10000.0,,, ,, ,, , , , , , , , ,2,3,1,1,2, ,1,1,2, ,2, ,2, ,2, ,2, ,2, ,1,1,2, ,2, ,6,5, ,2,2,2,2,2,2,10,7,1,10000.0, ,,,,,,,2499,10000.0,10000.0,12499.0,1,870.823989971577,2025_MarAbrMay,,,,,,60+,1,Secundaria
2025,5,2627701,1,12,1,1,20240826277011001211,1,1,1,1,2, ,2,46.0,1,18.0,3.0,1979.0,1,,, , , , , , , , , , , , ,1, ,4110.0,6311.0,3,5,1, ,2,50.0,0.0,8.0,8.0,8.0,0.0,8.0,0.0,32.0,,32.0,1,,2, ,2,2,4,10000.0,,, ,, ,, , , , , , , , ,1,3,1,1,2, ,1,1,2, ,2, ,2, ,2, ,2, ,1,1,2, ,2, ,2, ,11,5, ,2,2,2,2,2,2,10,7,1,10000.0, ,,,,,,,2499,10000.0,10000.0,12499.0,1,782.168466552412,2025_MarAbrMay,,,,,,40-59,1,Superior Univ.
2025,5,1792901,1,32,1,1,20240517929011003211,1,1,1,1,2, ,1,54.0,1,15.0,3.0,1971.0,1,,, , , , , , , , , , , , ,1, ,2212.0,8610.0,3,3, , ,5,9998.0,0.0,6.0,6.0,6.0,6.0,6.0,0.0,30.0,,30.0,1,,2, ,2,2,4,10000.0,,, ,, ,, , , , , , , , ,1,1,1,1,2, ,2, ,2, ,2, ,2, ,2, ,2, ,1,1,2, ,2, ,2, ,12,2, ,2,2,2,2,2,2,10,7,1,10000.0, ,,,,,,,2499,10000.0,10000.0,12499.0,1,399.93886391194,2025_MarAbrMay,,,,,,40-59,1,Postgrado
2025,5,2527102,1,17,1,1,20250525271021001714,1,4,3,1,2, ,2,38.0,4,22.0,3.0,1987.0,1,,, , , , , , , , , , , , ,4, ,2411.0,8411.0,3,2, , ,5,9998.0,0.0,8.0,8.0,8.0,8.0,8.0,0.0,40.0,,40.0,1,,2, ,2,2,4,12000.0,,, ,, ,, , , , , , , , ,1,1,1,1,2, ,2, ,2, ,2, ,2, ,2, ,2, ,1,1,2, ,2, ,2, ,11,5, ,2,2,2,2,2,2,10,7,1,12000.0, ,,,,,,,75,12000.0,12000.0,12075.0,1,1638.09064529747,2025_MarAbrMay,,,,,,25-39,1,Superior Univ.
2025,3,2683602,1,67,1,1,20241226836021006711,1,1,1,1,2, ,1,70.0,2,17.0,6.0,1954.0,1,,, , , , , , , , , , , , ,1, ,2211.0,8610.0,3,2, , ,5,9998.0,0.0,6.0,6.0,6.0,6.0,12.0,0.0,36.0,25.0,61.0,1,,1,1,1,2,4,8000.0,,, ,, ,4000.0, , , , , , , , ,1,1,1,1,2, ,2, ,2, ,2, ,2, ,2, ,2, ,2, ,1,1,2, ,2, ,12,2, ,2,2,2,2,2,2,10,7,1,8000.0, ,,,,4000.0,,,50,12000.0,8000.0,12050.0,1,1080.06727028114,2025_MarAbrMay,,,,,,60+,1,Postgrado
2025,3,25321,1,136,1,1,202403253211013612,1,2,2,1,2, ,1,49.0,2,20.0,7.0,1975.0,1,,, , , , , , , , , , , , ,2, ,2141.0,8413.0,3,2, , ,5,998.0,0.0,8.0,8.0,8.0,8.0,8.0,0.0,40.0,,40.0,1,,2, ,2,1,4,12000.0,,, ,, ,, , , , , , , , ,1,1,1,1,2, ,2, ,2, ,2, ,2, ,2, ,2, ,1,1,2, ,2, ,2, ,12,2, ,2,2,2,2,2,1,10,7,1,12000.0, ,,,,,,,50,12000.0,12000.0,12050.0,1,997.905196222709,2025_MarAbrMay,,,,,,40-59,1,Postgrado
2025,5,2528301,1,79,1,1,20240225283011007911,1,1,1,1,2, ,1,58.0,1,5.0,4.0,1967.0,1,,, , , , , , , , , , , , ,1, ,2142.0,8412.0,3,2, , ,5,9998.0,0.0,8.0,8.0,8.0,8.0,8.0,0.0,40.0,,40.0,1,,2, ,2,2,4,12000.0,,, ,, ,, , , , , , , , ,1,1,1,1,2, ,2, ,2, ,2, ,2, ,2, ,2, ,1,1,2, ,2, ,2, ,11,5, ,2,2,2,2,2,2,10,7,1,12000.0, ,,,,,,,50,12000.0,12000.0,12050.0,1,741.227136085066,2025_MarAbrMay,,,,,,40-59,1,Superior Univ.
2025,5,2528301,1,36,1,1,20240225283011003611,1,1,1,1,2, ,1,51.0,1,5.0,3.0,1974.0,1,,, , , , , , , , , , , , ,1, ,2152.0,3312.0,3,5,1, ,2,50.0,0.0,8.0,8.0,8.0,8.0,8.0,0.0,40.0,,40.0,1,,2, ,2,2,4,9500.0,,, ,, ,, , , , , , , , ,1,3,1,1,2, ,1,1,2, ,2, ,2, ,2, ,2, ,1,1,2, ,2, ,2, ,11,5, ,2,2,2,2,2,2,10,7,1,9500.0, ,,,,,,,2376,9500.0,9500.0,11876.0,1,741.227136085066,2025_MarAbrMay,,,,,,40-59,1,Superior Univ.
2025,3,2704001,1,7,1,1,20240627040011000711,1,1,1,1,2, ,1,47.0,2,16.0,1.0,1978.0,1,,, , , , , , , , , , , , ,1, ,2611.0,6512.0,3,5,1, ,5,9998.0,0.0,7.0,8.0,7.0,8.0,8.0,0.0,38.0,,38.0,1,,2, ,2,2,4,10000.0,,, ,, ,, , , , , , , , ,1,3,1,1,2, ,1,1,2, ,2, ,2, ,2, ,2, ,1,1,2, ,2, ,2, ,12,2, ,2,2,2,2,2,2,10,7,1,10000.0, ,,,,,,,1749,10000.0,10000.0,11749.0,1,502.21601590284,2025_MarAbrMay,,,,,,40-59,1,Postgrado
2025,5,2642402,1,20,1,1,20250526424021002011,1,1,1,1,2, ,1,37.0,1,14.0,5.0,1988.0,1,,, , , , , , , , , , , , ,1, ,2212.0,8610.0,3,1, , ,5,1000.0,0.0,6.0,6.0,6.0,6.0,6.0,6.0,36.0,20.0,56.0,1,,2, ,2,2,4,6000.0,20.0,, ,5000.0, ,, , , , , , , , ,1,4,2, ,2, ,2, ,1,1,2, ,2, ,2, ,2, ,2, ,2, ,2, ,1,1,11,7, ,2,2,2,2,2,2,10,7,1,6000.0,600,,,5000.0,,,,50,11600.0,6600.0,11650.0,1,539.312389671399,2025_MarAbrMay,,,,,,25-39,1,Superior Univ.
2025,3,2819701,1,118,1,1,20241228197011011811,1,1,1,1,2, ,1,50.0,1,10.0,3.0,1975.0,1,,, , , , , , , , , , , , ,1, ,7111.0,4100.0,2, ,2,2,1,6.0,0.0,8.0,8.0,8.0,8.0,8.0,8.0,48.0,,48.0,1,,2, ,2,2, ,,,, ,, ,, , , , , , , , ,1,5,2, ,2, ,2, ,2, ,1,5,2, ,2, ,2, ,2, ,1,5,2, ,2, ,9,3, ,2,2,2,2,2,2,10,7,1,, ,11258.0,,,,,, ,11258.0,11258.0,11258.0,1,954.541147483185,2025_MarAbrMay,,,,,,40-59,1,Superior No Univ.
2025,4,29034,1,41,1,1,202504290341004115,1,5,3,1,2, ,1,52.0,5,10.0,1.0,1973.0,1,,, , , , , , , , , , , , ,5, ,4110.0,2630.0,3,5,1, ,5,9998.0,0.0,9.0,9.0,9.0,9.0,9.0,0.0,45.0,,45.0,1,,2, ,2,2,4,9000.0,,, ,, ,, , , , , , , , ,1,3,1,1,2, ,1,1,2, ,2, ,2, ,2, ,2, ,1,1,2, ,2, ,2, ,11,5, ,2,2,2,2,2,2,10,7,1,9000.0, ,,,,,,,2250,9000.0,9000.0,11250.0,1,944.8559379915,2025_MarAbrMay,,,,,,40-59,1,Superior Univ.
2025,5,2627701,1,11,1,1,20240526277011001113,1,3,3,1,2, ,2,27.0,3,8.0,4.0,1998.0,1,,, , , , , , , , , , , , ,3, ,4110.0,8610.0,3,3, , ,5,9998.0,0.0,8.0,8.0,8.0,0.0,8.0,0.0,32.0,,32.0,1,,2, ,2,2,4,9000.0,,, ,, ,, , , , , , , , ,1,1,1,1,2, ,2, ,2, ,2, ,2, ,2, ,2, ,1,1,2, ,2, ,2, ,11,5, ,2,2,2,2,2,2,10,6,1,9000.0, ,,,,,,,2250,9000.0,9000.0,11250.0,1,1006.2215949659,2025_MarAbrMay,,,,,,25-39,1,Superior Univ.
2025,5,2683902,1,25,1,1,20240526839021002511,1,1,1,1,2, ,1,42.0,1,4.0,10.0,1982.0,1,,, , , , , , , , , , , , ,1, ,2511.0,6419.0,3,5,1, ,5,9998.0,0.0,8.0,8.0,8.0,8.0,8.0,0.0,40.0,,40.0,1,,2, ,2,2,4,8500.0,,, ,, ,, , , , , , , , ,1,1,1,1,2, ,2, ,2, ,2, ,2, ,2, ,2, ,1,1,2, ,2, ,2, ,12,2, ,2,2,2,2,2,2,10,7,1,8500.0, ,,,,,,,2699,8500.0,8500.0,11199.0,1,1442.77241694754,2025_MarAbrMay,,,,,,40-59,1,Postgrado
2025,5,24545,1,141,1,1,202502245451014112,1,2,2,1,2, ,1,39.0,2,15.0,6.0,1985.0,2,1.0,, , , , , , , , , , , , ,2, ,2152.0,3312.0,3,5,1, ,5,9998.0,0.0,0.0,0.0,0.0,0.0,0.0,0.0,0.0,,48.0,2,48.0,2, ,2,2,4,7500.0,1100.0,, ,, ,, , , , , , , , ,1,3,1,1,2, ,1,1,2, ,2, ,2, ,2, ,2, ,1,1,2, ,2, ,2, ,11,5, ,2,2,2,2,2,2,10,7,1,7500.0,1100,,,,,,,2500,8600.0,8600.0,11100.0,1,1565.224383344,2025_MarAbrMay,,,,,,25-39,1,Superior Univ.
2025,3,25321,1,136,1,1,202403253211013611,1,1,1,1,2, ,2,35.0,1,22.0,6.0,1989.0,1,,, , , , , , , , , , , , ,1, ,2611.0,8413.0,3,2, , ,5,998.0,0.0,9.0,9.0,9.0,9.0,9.0,9.0,54.0,,54.0,1,,2, ,2,2,4,11000.0,,, ,, ,, , , , , , , , ,1,3,1,1,1,2,2, ,2, ,2, ,2, ,2, ,2, ,1,1,2, ,2, ,2, ,12,2, ,2,2,2,2,2,2,10,7,1,11000.0, ,,,,,,,50,11000.0,11000.0,11050.0,1,1182.55509681277,2025_MarAbrMay,,,,,,25-39,1,Postgrado
2025,3,2721101,1,1,1,1,20250327211011000112,1,2,2,1,2, ,1,52.0,1,5.0,3.0,1973.0,1,,, , , , , , , , , , , , ,2, ,1111.0,8423.0,3,2, , ,5,9998.0,0.0,8.0,8.0,8.0,9.0,8.0,0.0,41.0,,41.0,1,,2, ,2,2,4,10000.0,,, ,, ,, , , , , , , , ,1,3,1,1,2, ,1,1,2, ,2, ,2, ,2, ,2, ,1,1,2, ,2, ,2, ,12,2, ,2,2,2,2,2,2,10,7,1,10000.0, ,,,,,,,1032,10000.0,10000.0,11032.0,1,965.9558043543,2025_MarAbrMay,,,,,,40-59,1,Postgrado
2025,4,29353,1,15,1,1,202504293531001519,1,3,3,1,2, ,1,48.0,3,28.0,7.0,1976.0,1,,, , , , , , , , , , , , ,3, ,2411.0,6920.0,2, ,1, ,1,1.0,4.0,4.0,4.0,4.0,4.0,4.0,4.0,28.0,,28.0,1,,2, ,2,2, ,,,11000.0, ,, ,, , , , , , , , ,1,3,1,2,1,2,2, ,2, ,2, ,2, ,2, ,2, ,2, ,1,2,2, ,2, ,12,2, ,2,2,2,2,2,2,10,7,1,, ,11000.0,,,,,, ,11000.0,11000.0,11000.0,1,1206.09664680574,2025_MarAbrMay,,,,,,40-59,1,Postgrado
2025,3,2563101,1,83,1,1,20241225631011008311,1,1,1,1,2, ,1,34.0,1,14.0,12.0,1990.0,1,,, , , , , , , , , , , , ,1, ,2211.0,8610.0,3,5,1, ,5,6000.0,0.0,6.0,12.0,0.0,6.0,0.0,6.0,30.0,29.0,59.0,1,,2, ,2,1,4,5500.0,300.0,, ,4000.0, ,, , , , , , , , ,1,3,1,1,2, ,1,1,2, ,2, ,2, ,2, ,2, ,1,1,2, ,2, ,2, ,11,7, ,2,2,2,2,2,2,10,7,1,5500.0,300,,,4000.0,,,,916,9800.0,5800.0,10716.0,1,1822.16237332129,2025_MarAbrMay,,,,,,25-39,1,Superior Univ.
2025,5,2528301,1,35,1,1,20240225283011003511,1,1,1,1,2, ,2,40.0,1,10.0,10.0,1984.0,1,,, , , , , , , , , , , , ,1, ,4110.0,6810.0,3,5,1, ,1,10.0,0.0,8.0,8.0,8.0,8.0,8.0,0.0,40.0,,40.0,1,,2, ,2,2,4,8500.0,,, ,, ,, , , , , , , , ,1,3,1,1,1,2,2, ,2, ,2, ,2, ,2, ,2, ,1,1,2, ,2, ,2, ,11,5, ,2,2,2,2,2,2,10,7,1,8500.0, ,,,,,,,2124,8500.0,8500.0,10624.0,1,878.38196553263,2025_MarAbrMay,,,,,,40-59,1,Superior Univ.
2025,5,2683902,1,27,1,1,20250526839021002711,1,1,1,1,2, ,1,65.0,3,19.0,9.0,1959.0,1,,, , , , , , , , , , , , ,1, ,2212.0,8620.0,3,5,1, ,1,18.0,0.0,8.0,8.0,8.0,8.0,8.0,5.0,45.0,,45.0,1,,2, ,2,2,4,8500.0,,, ,, ,, , , , , , , , ,1,1,1,1,2, ,2, ,2, ,2, ,2, ,2, ,2, ,1,1,2, ,2, ,2, ,11,7, ,2,2,2,2,2,2,10,7,1,8500.0, ,,,,,,,2124,8500.0,8500.0,10624.0,1,1185.35915693641,2025_MarAbrMay,,,,,,60+,1,Superior Univ.
2025,5,22828,1,78,1,1,202502228281007811,1,1,1,1,2, ,1,34.0,1,11.0,9.0,1990.0,1,,, , , , , , , , , , , , ,1, ,2421.0,4661.0,3,5,1, ,4,150.0,0.0,8.0,8.0,8.0,8.0,8.0,0.0,40.0,,40.0,1,,2, ,2,2,4,8200.0,,, ,, ,, , , , , , , , ,1,3,1,1,2, ,1,1,2, ,2, ,2, ,2, ,2, ,1,1,2, ,2, ,2, ,11,5, ,2,2,2,2,2,2,10,7,1,8200.0, ,,,,,,,2132,8200.0,8200.0,10332.0,1,1217.61052009974,2025_MarAbrMay,,,,,,25-39,1,Superior Univ.
2025,5,25262,1,101,1,1,202405252621010111,1,1,1,1,2, ,1,36.0,1,30.0,1.0,1989.0,1,,, , , , , , , , , , , , ,1, ,2151.0,4220.0,3,5,1, ,5,998.0,0.0,10.0,8.0,8.0,10.0,8.0,0.0,44.0,,44.0,1,,2, ,2,2,4,8475.0,,, ,, ,, , , , , , , , ,1,3,1,1,2, ,1,1,2, ,2, ,2, ,2, ,2, ,1,1,2, ,2, ,2, ,11,5, ,2,2,2,2,2,2,10,7,1,8475.0, ,,,,,,,1667,8475.0,8475.0,10142.0,1,1801.53595159174,2025_MarAbrMay,,,,,,25-39,1,Superior Univ.
2025,4,2566001,1,94,1,1,20240425660011009411,1,1,1,1,2, ,1,44.0,1,16.0,2.0,1981.0,1,,, , , , , , , , , , , , ,1, ,2221.0,8610.0,3,2, , ,5,9000.0,7.0,5.0,12.0,0.0,12.0,0.0,0.0,36.0,36.0,72.0,1,,2, ,2,2,4,6000.0,,, ,4000.0, ,, , , , , , , , ,1,1,1,1,2, ,2, ,2, ,2, ,2, ,2, ,2, ,2, ,1,1,2, ,2, ,11,5, ,2,2,2,2,2,2,10,1,1,6000.0, ,,,4000.0,,,,83,10000.0,6000.0,10083.0,1,1186.11142388351,2025_MarAbrMay,,,,,,40-59,1,Superior Univ.
2025,5,19698,1,8,1,1,202505196981000812,1,2,3,1,2, ,1,36.0,2,11.0,8.0,1988.0,1,,, , , , , , , , , , , , ,2, ,4110.0,8423.0,3,2, , ,5,9998.0,0.0,8.0,8.0,8.0,8.0,8.0,0.0,40.0,35.0,75.0,1,,2, ,2,2,4,5000.0,,, ,5000.0, ,, , , , , , , , ,1,3,1,1,2, ,1,1,2, ,2, ,2, ,2, ,2, ,1,1,2, ,2, ,2, ,11,5, ,2,2,2,2,2,2,10,7,1,5000.0, ,,,5000.0,,,,50,10000.0,5000.0,10050.0,1,1326.89503875878,2025_MarAbrMay,,,,,,25-39,1,Superior Univ.
2025,3,26837,1,102,1,1,202503268371010211, ,1,1,1,2, ,1,47.0,1,3.0,3.0,1978.0,1,,, , , , , , , , , , , , ,1, ,4416.0,4659.0,3,5,1, ,1,12.0,0.0,10.0,10.0,10.0,10.0,10.0,10.0,60.0,,60.0,1,,2, ,2,2,4,8000.0,,, ,, ,, , , , , , , , ,1,1,1,1,2, ,2, ,2, ,2, ,2, ,2, ,2, ,1,1,2, ,2, ,2, ,11,5, ,2,2,2,2,2,2,10,7,1,8000.0, ,,,,,,,2042,8000.0,8000.0,10042.0,1,1297.69276539884,2025_MarAbrMay,,,,,,40-59,1,Superior Univ.
2025,5,25327,1,112,1,1,202402253271011211,1,1,1,1,2, ,1,57.0,1,15.0,5.0,1968.0,1,,, , , , , , , , , , , , ,1, ,2611.0,8411.0,3,2, , ,5,9998.0,0.0,8.0,8.0,8.0,8.0,8.0,0.0,40.0,,40.0,1,,2, ,2,2,4,8000.0,,, ,, ,, , , , , , , , ,1,1,1,1,2, ,2, ,2, ,2, ,2, ,2, ,2, ,1,1,2, ,2, ,2, ,12,2, ,2,2,2,2,2,2,10,7,1,8000.0, ,,,,,,,2026,8000.0,8000.0,10026.0,1,856.720179479078,2025_MarAbrMay,,,,,,40-59,1,Postgrado
2025,3,26141,1,180,1,1,202503261411018011, ,1,1,1,2, ,1,40.0,2,11.0,3.0,1985.0,1,,, , , , , , , , , , , , ,1, ,4110.0,4100.0,3,5,1, ,5,9998.0,0.0,9.0,9.0,9.0,9.0,9.0,0.0,45.0,,45.0,1,,2, ,2,2,4,8000.0,,, ,, ,, , , , , , , , ,1,3,1,1,2, ,1,1,2, ,2, ,2, ,2, ,2, ,1,1,2, ,2, ,2, ,12,2, ,2,2,2,2,2,2,10,7,1,8000.0, ,,,,,,,2001,8000.0,8000.0,10001.0,1,946.494236665704,2025_MarAbrMay,,,,,,40-59,1,Postgrado
2025,3,26444,1,63,1,1,202412264441006312,1,2,2,1,2, ,2,45.0,1,21.0,9.0,1979.0,1,,, , , , , , , , , , , , ,2, ,2211.0,8620.0,3,5,1, ,2,30.0,0.0,10.0,10.0,10.0,10.0,10.0,10.0,60.0,,60.0,1,,2, ,2,2,4,8000.0,,, ,, ,, , , , , , , , ,2,3,1,1,2, ,1,1,2, ,2, ,2, ,2, ,2, ,1,1,2, ,2, ,2, ,12,2, ,2,2,2,2,2,2,10,6,1,8000.0, ,,,,,,,2001,8000.0,8000.0,10001.0,1,1508.44729100115,2025_MarAbrMay,,,,,,40-59,1,Postgrado
2025,4,2671401,1,53,1,1,20240126714011005311,1,2,2,1,2, ,1,70.0,2,4.0,10.0,1954.0,1,,, , , , , , , , , , , , ,2, ,1321.0,2220.0,3,5,1, ,3,60.0,0.0,8.0,8.0,8.0,8.0,8.0,0.0,40.0,,40.0,1,,2, ,2,2,4,8000.0,,, ,, ,, , , , , , , , ,1,1,1,1,2, ,2, ,2, ,2, ,2, ,2, ,2, ,1,1,2, ,2, ,2, ,11,5, ,2,2,2,2,2,2,10,7,1,8000.0, ,,,,,,,2001,8000.0,8000.0,10001.0,1,832.732067460816,2025_MarAbrMay,,,,,,60+,1,Superior Univ.
2025,5,2627701,1,11,1,1,20240526277011001112,1,2,2,1,2, ,2,62.0,2,11.0,6.0,1962.0,1,,, , , , , , , , , , , , ,2, ,2421.0,2220.0,3,5,1, ,2,30.0,0.0,8.0,8.0,8.0,0.0,8.0,0.0,32.0,,40.0,2,40.0,2, ,2,2,4,8000.0,,, ,, ,, , , , , , , , ,1,1,1,1,2, ,2, ,2, ,2, ,2, ,2, ,2, ,1,1,2, ,2, ,2, ,11,5, ,2,2,2,2,2,2,10,7,1,8000.0, ,,,,,,,2001,8000.0,8000.0,10001.0,1,782.168466552412,2025_MarAbrMay,,,,,,60+,1,Superior Univ.
2025,5,2672403,1,101,1,1,20240526724031010112,1,2,2,1,2, ,2,53.0,2,6.0,7.0,1971.0,1,,, , , , , , , , , , , , ,2, ,1169.0,6010.0,3,5,1, ,4,101.0,0.0,8.0,8.0,8.0,0.0,8.0,0.0,32.0,,40.0,2,40.0,2, ,2,2,4,8000.0,,, ,, ,, , , , , , , , ,1,1,1,1,2, ,2, ,2, ,2, ,2, ,2, ,2, ,1,1,2, ,2, ,2, ,11,5, ,2,2,2,2,2,2,10,6,1,8000.0, ,,,,,,,2001,8000.0,8000.0,10001.0,1,914.965935601529,2025_MarAbrMay,,,,,,40-59,1,Superior Univ.
2025,5,2485902,1,47,1,1,20250524859021004711,1,1,1,1,2, ,1,30.0,2,19.0,7.0,1994.0,1,,, , , , , , , , , , , , ,1, ,2143.0,3510.0,3,5,1, ,5,1000.0,0.0,8.0,8.0,8.0,8.0,8.0,0.0,40.0,,40.0,1,,1,1,1,2,4,8000.0,,, ,, ,, , , , , , , , ,1,3,1,1,2, ,1,1,2, ,2, ,2, ,2, ,2, ,1,1,2, ,2, ,2, ,12,2, ,2,2,2,2,2,2,10,7,1,8000.0, ,,,,,,,2001,8000.0,8000.0,10001.0,1,761.441187147101,2025_MarAbrMay,,,,,,25-39,1,Postgrado
2025,3,27806,1,83,1,1,202503278061008311, ,1,1,1,2, ,1,61.0,1,25.0,7.0,1963.0,1,,, , , , , , , , , , , , ,1, ,1133.0,6419.0,3,5,1, ,3,95.0,0.0,8.0,8.0,8.0,8.0,8.0,0.0,40.0,,40.0,1,,2, ,2,2,4,10000.0,,, ,, ,, , , , , , , , ,1,3,1,1,2, ,1,1,2, ,2, ,2, ,2, ,2, ,1,1,2, ,2, ,2, ,12,2, ,2,2,2,2,2,2,10,9,1,10000.0, ,,,,,,, ,10000.0,10000.0,10000.0,1,938.992386245177,2025_MarAbrMay,,,,,,60+,1,Postgrado
2025,3,21250,1,95,1,1,202403212501009513,1,3,3,1,2, ,1,24.0,3,19.0,2.0,2001.0,1,,, , , , , , , , , , , , ,3, ,2631.0,6419.0,3,5,1, ,5,6000.0,0.0,8.0,8.0,8.0,8.0,8.0,0.0,40.0,,40.0,1,,1,1,1,2,4,7500.0,,, ,, ,, , , , , , , , ,1,3,1,1,2, ,1,1,2, ,2, ,2, ,2, ,2, ,1,1,2, ,2, ,2, ,11,5, ,2,2,2,2,2,2,10,7,1,7500.0, ,,,,,,,2500,7500.0,7500.0,10000.0,1,877.968101236046,2025_MarAbrMay,,,,,,15-24,1,Superior Univ.
2025,4,26517,1,45,1,1,202401265171004511,1,1,1,1,2, ,1,68.0,2,3.0,11.0,1956.0,1,,, , , , , , , , , , , , ,1, ,1321.0,2825.0,1, ,1, ,1,7.0,2.0,8.0,8.0,8.0,8.0,8.0,3.0,45.0,,45.0,1,,2, ,2,2, ,,,10000.0, ,, ,, , , , , , , , ,1,1,1,5,2, ,2, ,2, ,2, ,2, ,2, ,2, ,1,5,2, ,2, ,2, ,11,5, ,2,2,2,2,2,2,10,7,1,, ,10000.0,,,,,, ,10000.0,10000.0,10000.0,1,1372.04587870984,2025_MarAbrMay,,,,,,60+,1,Superior Univ.
2025,4,2645802,1,13,1,1,20240126458021001311,1,1,1,1,2, ,1,70.0,2,4.0,3.0,1955.0,1,,, , , , , , , , , , , , ,1, ,1491.0,6820.0,1, ,1, ,1,12.0,0.0,9.0,9.0,9.0,9.0,9.0,6.0,51.0,,51.0,1,,2, ,2,2, ,,,, ,, ,, , , , , , , , ,1,1,1,2,2, ,2, ,2, ,2, ,2, ,2, ,2, ,1,2,2, ,2, ,2, ,11,5, ,2,2,2,2,2,2,10,7,1,, ,10000.0,,,,,, ,10000.0,10000.0,10000.0,1,845.051010139497,2025_MarAbrMay,,,,,,60+,1,Superior Univ.
2025,5,2642402,1,18,1,1,20250526424021001811,1,1,1,1,2, ,1,42.0,2,29.0,5.0,1982.0,1,,, , , , , , , , , , , , ,1, ,1133.0,4100.0,1, ,1, ,1,11.0,0.0,9.0,9.0,9.0,9.0,9.0,4.0,49.0,,49.0,1,,2, ,2,2, ,,,10000.0, ,, ,, , , , , , , , ,2,3,1,2,2, ,1,2,2, ,2, ,2, ,2, ,2, ,1,2,2, ,2, ,2, ,11,5, ,2,2,2,2,2,2,10,6,1,, ,10000.0,,,,,, ,10000.0,10000.0,10000.0,1,539.312389671399,2025_MarAbrMay,,,,,,40-59,1,Superior Univ.
2025,5,26700,1,65,1,1,202505267001006511,1,1,1,1,2, ,1,31.0,1,3.0,3.0,1994.0,1,,, , , , , , , , , , , , ,1, ,2141.0,6202.0,3,5,1, ,3,60.0,0.0,8.0,8.0,8.0,8.0,15.0,0.0,47.0,,47.0,2,40.0,2, ,2,1,4,10000.0,,, ,, ,, , , , , , , , ,1,2,2, ,1,2,2, ,2, ,2, ,2, ,2, ,2, ,1,5,2, ,2, ,2, ,11,5, ,2,2,2,2,2,2,12,7,1,10000.0, ,,,,,,, ,10000.0,10000.0,10000.0,1,1711.14595465178,2025_MarAbrMay,,,,,,25-39,1,Superior Univ.
2025,5,2443802,1,42,1,1,20240524438021004214,1,4,7,1,2, ,1,59.0,4,29.0,9.0,1965.0,1,,, , , , , , , , , , , , ,4, ,3314.0,2511.0,1, ,1, ,1,4.0,0.0,8.0,8.0,8.0,8.0,8.0,8.0,48.0,,48.0,1,,2, ,2,2, ,,,10000.0, ,, ,, , , , , , , , ,1,5,2, ,2, ,2, ,2, ,1,5,2, ,2, ,2, ,2, ,2, ,2, ,2, ,11,5, ,2,2,2,2,2,2,10,7,1,, ,10000.0,,,,,, ,10000.0,10000.0,10000.0,1,815.259593201718,2025_MarAbrMay,,,,,,40-59,1,Superior Univ.
2025,5,23496,1,11,1,1,202505234961001111,1,1,1,1,2, ,1,66.0,1,2.0,5.0,1959.0,1,,, , , , , , , , , , , , ,1, ,2151.0,7120.0,3,5,1, ,2,50.0,0.0,8.0,8.0,8.0,8.0,8.0,5.0,45.0,,45.0,1,,2, ,2,2,4,10000.0,,, ,, ,, , , , , , , , ,1,1,1,5,2, ,2, ,2, ,2, ,2, ,2, ,2, ,1,5,2, ,2, ,2, ,11,5, ,2,2,2,2,2,2,10,7,1,10000.0, ,,,,,,, ,10000.0,10000.0,10000.0,1,998.53661795102,2025_MarAbrMay,,,,,,60+,1,Superior Univ.
2025,5,25131,1,66,1,1,202405251311006611,1,1,1,1,2, ,1,55.0,1,20.0,1.0,1970.0,1,,, , , , , , , , , , , , ,1, ,3314.0,4923.0,1, ,1, ,1,6.0,0.0,12.0,12.0,12.0,12.0,12.0,0.0,60.0,,60.0,1,,2, ,2,2, ,,,10000.0, ,, ,, , , , , , , , ,1,5,2, ,2, ,2, ,2, ,1,5,2, ,2, ,2, ,1,5,2, ,2, ,2, ,9,3, ,2,2,2,2,2,2,10,7,1,, ,10000.0,,,,,, ,10000.0,10000.0,10000.0,1,676.139377241078,2025_MarAbrMay,,,,,,40-59,1,Superior No Univ.
2025,3,2721101,1,1,1,1,20241227211011000111,1,1,1,1,2, ,2,43.0,1,21.0,6.0,1981.0,1,,, , , , , , , , , , , , ,1, ,1111.0,8423.0,3,2, , ,5,9990.0,0.0,8.0,8.0,8.0,8.0,8.0,5.0,45.0,,45.0,1,,2, ,2,2,4,9000.0,,, ,, ,, , , , , , , , ,1,3,1,1,1,2,1,1,2, ,2, ,2, ,2, ,2, ,1,1,2, ,2, ,2, ,12,2, ,2,2,2,2,2,2,10,7,1,9000.0, ,,,,,,,949,9000.0,9000.0,9949.0,1,1144.69386877521,2025_MarAbrMay,,,,,,40-59,1,Postgrado
2025,4,27698,1,87,1,1,202504276981008711,1,1,1,1,2, ,1,42.0,1,12.0,12.0,1982.0,1,,, , , , , , , , , , , , ,1, ,2611.0,6910.0,3,5,1, ,1,2.0,8.0,10.0,10.0,0.0,0.0,10.0,10.0,48.0,,48.0,1,,2, ,2,2,4,8500.0,,, ,, ,, , , , , , , , ,1,1,1,1,2, ,2, ,2, ,2, ,2, ,2, ,2, ,2, ,1,1,2, ,2, ,11,5, ,2,2,2,2,2,2,10,7,1,8500.0, ,,,,,,,1416,8500.0,8500.0,9916.0,1,1000.57962161803,2025_MarAbrMay,,,,,,40-59,1,Superior Univ.
2025,4,27698,1,87,1,1,202504276981008712,1,2,6,1,2, ,1,64.0,2,7.0,12.0,1960.0,1,,, , , , , , , , , , , , ,2, ,2631.0,6910.0,3,5,1, ,1,2.0,8.0,10.0,10.0,0.0,0.0,10.0,10.0,48.0,,48.0,1,,2, ,2,2,4,8500.0,,, ,, ,, , , , , , , , ,1,1,1,1,2, ,2, ,2, ,2, ,2, ,2, ,2, ,1,1,2, ,2, ,2, ,11,5, ,2,2,2,2,2,2,10,7,1,8500.0, ,,,,,,,1416,8500.0,8500.0,9916.0,1,822.060501571142,2025_MarAbrMay,,,,,,60+,1,Superior Univ.
2025,4,27698,1,89,1,1,202504276981008912,1,2,2,1,2, ,2,68.0,2,10.0,5.0,1956.0,1,,, , , , , , , , , , , , ,2, ,2211.0,8610.0,3,2, , ,5,502.0,0.0,12.0,6.0,12.0,6.0,12.0,6.0,54.0,,54.0,1,,2, ,2,2,4,9800.0,,, ,, ,, , , , , , , , ,1,1,1,1,2, ,2, ,2, ,2, ,2, ,2, ,2, ,1,1,2, ,2, ,2, ,11,7, ,2,2,2,2,2,2,10,7,1,9800.0, ,,,,,,,50,9800.0,9800.0,9850.0,1,757.255700643884,2025_MarAbrMay,,,,,,60+,1,Superior Univ.
2025,3,25542,1,8,1,1,202403255421000812,1,2,2,1,2, ,1,41.0,1,11.0,8.0,1983.0,1,,, , , , , , , , , , , , ,2, ,2611.0,6910.0,3,5,1, ,2,40.0,0.0,12.0,12.0,12.0,12.0,12.0,0.0,60.0,,60.0,1,,2, ,2,2,4,8000.0,,, ,, ,, , , , , , , , ,1,2,2, ,1,1,2, ,2, ,2, ,2, ,2, ,2, ,1,1,2, ,2, ,2, ,11,6, ,2,2,2,2,2,2,10,7,1,8000.0, ,,,,,,,1667,8000.0,8000.0,9667.0,1,940.615390364376,2025_MarAbrMay,,,,,,40-59,1,Superior Univ.
2025,5,17935,2,82,1,1,202505179352008211,1,1,1,1,2, ,1,58.0,2,25.0,8.0,1966.0,1,,, , , , , , , , , , , , ,1, ,8343.0,5022.0,3,5,1, ,3,80.0,16.0,16.0,16.0,16.0,16.0,16.0,16.0,112.0,,112.0,1,,2, ,2,2,4,7000.0,180.0,, ,, ,, , , , , , , , ,1,1,1,1,2, ,2, ,2, ,2, ,2, ,2, ,2, ,1,1,2, ,2, ,2, ,9,3, ,2,2,2,2,2,2,10,7,1,7000.0,779,,,,,,,1749,7779.0,7779.0,9528.0,1,531.800809896061,2025_MarAbrMay,,,,,,40-59,1,Superior No Univ.
2025,3,2559402,1,77,1,1,20250325594021007711, ,1,1,1,2, ,1,54.0,1,23.0,7.0,1970.0,1,,, , , , , , , , , , , , ,1, ,2211.0,8610.0,3,2, , ,5,9000.0,12.0,0.0,0.0,12.0,0.0,0.0,12.0,36.0,32.0,68.0,1,,1,1,1,2,4,5000.0,,, ,4000.0, ,, , , , , , , , ,1,1,1,1,2, ,2, ,2, ,2, ,2, ,2, ,2, ,1,1,2, ,2, ,2, ,11,7, ,2,2,2,2,2,2,10,7,1,5000.0, ,,,4000.0,,,,375,9000.0,5000.0,9375.0,1,717.087443385729,2025_MarAbrMay,,,,,,40-59,1,Superior Univ.
2025,3,29468,1,63,1,1,202412294681006311,1,1,1,1,2, ,2,53.0,1,3.0,11.0,1971.0,1,,, , , , , , , , , , , , ,1, ,1219.0,4641.0,3,5,1, ,2,30.0,0.0,9.0,9.0,9.0,9.0,9.0,0.0,45.0,,45.0,1,,1,1,1,2,4,8000.0,,, ,, ,, , , , , , , , ,1,1,1,1,2, ,2, ,2, ,2, ,2, ,2, ,2, ,1,1,2, ,2, ,2, ,11,5, ,2,2,2,2,2,2,10,7,1,8000.0, ,,,,,,,1334,8000.0,8000.0,9334.0,1,781.527322539933,2025_MarAbrMay,,,,,,40-59,1,Superior Univ.
2025,5,2699804,2,72,1,1,20250526998042007211,1,1,1,1,2, ,2,48.0,1,11.0,6.0,1976.0,1,,, , , , , , , , , , , , ,1, ,2311.0,8530.0,3,5,1, ,3,60.0,0.0,8.0,8.0,8.0,8.0,8.0,0.0,40.0,,40.0,1,,2, ,2,2,4,8000.0,,, ,, ,, , , , , , , , ,1,1,1,1,2, ,2, ,2, ,2, ,2, ,2, ,2, ,1,1,2, ,2, ,2, ,12,2, ,2,2,2,2,2,2,10,7,1,8000.0, ,,,,,,,1334,8000.0,8000.0,9334.0,1,659.628740167677,2025_MarAbrMay,,,,,,40-59,1,Postgrado
2025,5,22385,1,126,1,1,202408223851012611,1,1,1,1,2, ,1,39.0,2,16.0,7.0,1985.0,1,,, , , , , , , , , , , , ,1, ,2212.0,8610.0,3,3, , ,5,9998.0,0.0,8.0,8.0,8.0,8.0,8.0,8.0,48.0,,48.0,1,,1,1,1,2,4,7000.0,,, ,, ,, , , , , , , , ,1,1,1,1,2, ,2, ,2, ,2, ,2, ,2, ,2, ,1,1,2, ,2, ,2, ,11,7, ,2,2,2,2,2,2,10,7,1,7000.0, ,,,,,,,2282,7000.0,7000.0,9282.0,1,1401.2302499346,2025_MarAbrMay,,,,,,25-39,1,Superior Univ.
2025,5,25705,1,41,1,1,202402257051004111,1,1,1,1,2, ,1,54.0,1,21.0,6.0,1970.0,1,,, , , , , , , , , , , , ,1, ,4110.0,1709.0,3,5,1, ,5,2000.0,0.0,8.0,8.0,8.0,0.0,8.0,0.0,32.0,,48.0,2,48.0,1,1,1,2,4,6000.0,250.0,, ,, ,, , , , , , , , ,1,1,1,1,2, ,2, ,2, ,2, ,2, ,2, ,2, ,1,1,2, ,2, ,2, ,8,2, ,2,2,2,2,2,2,10,1,1,6000.0,1083,,,,,,,2182,7083.0,7083.0,9265.0,1,713.164766417402,2025_MarAbrMay,,,,,,40-59,1,Superior No Univ.
2025,3,20911,1,88,1,1,202312209111008811,1,1,1,1,2, ,1,46.0,1,25.0,6.0,1978.0,1,,, , , , , , , , , , , , ,1, ,2631.0,8413.0,3,2, , ,5,9998.0,0.0,8.0,8.0,8.0,8.0,8.0,0.0,40.0,,40.0,1,,2, ,2,2,4,9000.0,,, ,, ,, , , , , , , , ,1,3,1,1,2, ,1,1,2, ,2, ,2, ,2, ,2, ,1,1,2, ,2, ,2, ,12,2, ,2,2,2,2,2,2,10,7,1,9000.0, ,,,,,,,50,9000.0,9000.0,9050.0,1,1727.66457297017,2025_MarAbrMay,,,,,,40-59,1,Postgrado
2025,4,17842,1,70,1,1,202404178421007012,1,2,3,1,2, ,1,36.0,2,27.0,11.0,1988.0,1,,, , , , , , , , , , , , ,2, ,2211.0,8610.0,3,2, , ,5,9998.0,0.0,8.0,8.0,0.0,0.0,8.0,8.0,32.0,,48.0,2,48.0,2, ,2,2,4,9000.0,,, ,, ,, , , , , , , , ,1,1,1,1,2, ,2, ,2, ,2, ,2, ,2, ,2, ,2, ,1,1,2, ,2, ,11,7, ,2,2,2,2,2,2,10,7,1,9000.0, ,,,,,,,50,9000.0,9000.0,9050.0,1,322.847476368085,2025_MarAbrMay,,,,,,25-39,1,Superior Univ.
2025,4,2565602,1,144,1,1,20250425656021014411,1,1,1,1,2, ,2,27.0,1,21.0,2.0,1998.0,1,,, , , , , , , , , , , , ,1, ,2212.0,8610.0,3,2, , ,5,9000.0,0.0,6.0,6.0,6.0,0.0,0.0,6.0,24.0,25.0,66.0,2,66.0,2, ,2,2,4,6000.0,,, ,3000.0, ,, , , , , , , , ,1,1,1,1,2, ,2, ,2, ,2, ,2, ,2, ,2, ,1,1,2, ,2, ,2, ,11,7, ,2,2,2,2,2,2,10,7,1,6000.0, ,,,3000.0,,,,50,9000.0,6000.0,9050.0,1,1272.42242426208,2025_MarAbrMay,,,,,,25-39,1,Superior Univ.
2025,5,21227,1,54,1,1,202502212271005411,1,1,1,1,2, ,1,52.0,1,16.0,10.0,1972.0,1,,, , , , , , , , , , , , ,1, ,2611.0,8411.0,3,2, , ,5,9998.0,0.0,8.0,8.0,8.0,8.0,8.0,0.0,40.0,,40.0,1,,2, ,2,2,4,9000.0,,, ,, ,, , , , , , , , ,1,1,1,1,2, ,2, ,2, ,2, ,2, ,2, ,2, ,1,1,2, ,2, ,2, ,12,2, ,2,2,2,2,2,2,10,7,1,9000.0, ,,,,,,,50,9000.0,9000.0,9050.0,1,784.942648388843,2025_MarAbrMay,,,,,,40-59,1,Postgrado
2025,5,23496,1,9,1,1,202505234961000912,1,2,2,1,2, ,1,62.0,2,18.0,5.0,1963.0,1,,, , , , , , , , , , , , ,2, ,2311.0,8530.0,3,2, , ,5,9998.0,0.0,6.0,8.0,8.0,8.0,6.0,3.0,39.0,13.0,52.0,1,,2, ,2,2,4,5000.0,,, ,4000.0, ,, , , , , , , , ,1,1,1,1,2, ,2, ,2, ,2, ,2, ,2, ,2, ,1,1,2, ,2, ,2, ,12,2, ,2,2,2,2,2,2,10,7,1,5000.0, ,,,4000.0,,,,50,9000.0,5000.0,9050.0,1,998.53661795102,2025_MarAbrMay,,,,,,60+,1,Postgrado
2025,3,1828802,1,40,1,1,20241218288021004011,1,1,1,1,2, ,1,54.0,1,14.0,12.0,1970.0,1,,, , , , , , , , , , , , ,1, ,2421.0,8413.0,3,2, , ,5,9998.0,0.0,8.0,8.0,8.0,8.0,8.0,0.0,40.0,,40.0,1,,1,1,1,2,4,9000.0,,, ,, ,, , , , , , , , ,1,6,2, ,2, ,2, ,2, ,2, ,2, ,2, ,2, ,2, ,2, ,2, ,2, ,12,2, ,2,2,2,2,2,2,10,7,1,9000.0, ,,,,,,, ,9000.0,9000.0,9000.0,1,421.814361036577,2025_MarAbrMay,,,,,,40-59,0,Postgrado
2025,4,24241,1,79,1,1,202504242411007911,1,1,1,1,2, ,2,52.0,1,5.0,12.0,1972.0,1,,, , , , , , , , , , , , ,1, ,3314.0,1071.0,1, ,2,1,1,5.0,9.0,9.0,9.0,9.0,9.0,9.0,9.0,63.0,,63.0,1,,2, ,2,2, ,,,, ,, ,, , , , , , , , ,2,5,2, ,2, ,2, ,2, ,1,4,2, ,2, ,2, ,2, ,2, ,2, ,2, ,10,1, ,2,2,2,2,2,2,10,7,1,, ,9000.0,,,,,, ,9000.0,9000.0,9000.0,1,780.619203231411,2025_MarAbrMay,,,,,,40-59,1,Superior Univ.
2025,5,2721702,1,7,1,1,20240227217021000711,1,1,1,1,2, ,1,52.0,1,14.0,6.0,1972.0,1,,, , , , , , , , , , , , ,1, ,1322.0,3312.0,1, ,1, ,1,2.0,0.0,10.0,10.0,10.0,10.0,10.0,6.0,56.0,,56.0,1,,1,1,1,2, ,,,9000.0, ,, ,, , , , , , , , ,1,1,1,2,2, ,2, ,2, ,2, ,2, ,2, ,2, ,1,2,2, ,2, ,2, ,11,5, ,2,2,2,2,2,2,10,7,1,, ,9000.0,,,,,, ,9000.0,9000.0,9000.0,1,814.836081680658,2025_MarAbrMay,,,,,,40-59,1,Superior Univ.
2025,5,2946101,1,13,1,1,20240229461011001311,1,1,1,1,2, ,1,66.0,1,18.0,4.0,1959.0,1,,, , , , , , , , , , , , ,1, ,4321.0,5222.0,3,5,1, ,5,9998.0,10.0,10.0,10.0,9.0,0.0,0.0,9.0,48.0,,48.0,1,,2, ,2,2,4,6800.0,,, ,, ,, , , , , , , , ,1,3,1,1,2, ,1,1,2, ,2, ,2, ,2, ,2, ,2, ,1,1,2, ,2, ,9,3, ,2,2,2,2,2,2,10,7,1,6800.0, ,,,,,,,2168,6800.0,6800.0,8968.0,1,1096.45331891706,2025_MarAbrMay,,,,,,60+,1,Superior No Univ.
2025,4,2731801,1,23,1,1,20250127318011002311,1,1,1,1,2, ,1,51.0,1,23.0,6.0,1973.0,1,,, , , , , , , , , , , , ,1, ,2512.0,6419.0,3,5,1, ,5,7000.0,0.0,8.0,8.0,8.0,8.0,8.0,0.0,40.0,,40.0,1,,2, ,2,2,4,6000.0,300.0,, ,, ,, , , , , , , , ,1,1,1,1,2, ,2, ,2, ,2, ,2, ,2, ,2, ,1,1,2, ,2, ,2, ,11,5, ,2,2,2,2,2,2,10,5,1,6000.0,300,,,,,,,2605,6300.0,6300.0,8905.0,1,1059.00219248068,2025_MarAbrMay,,,,,,40-59,1,Superior Univ.
2025,5,19968,1,16,1,1,202505199681001612,1,2,2,1,2, ,2,40.0,2,16.0,1.0,1985.0,1,,, , , , , , , , , , , , ,2, ,2311.0,8530.0,3,5,1, ,5,1000.0,0.0,5.0,5.0,5.0,5.0,5.0,5.0,30.0,,30.0,1,,2, ,2,2,4,6500.0,,, ,, ,, , , , , , , , ,1,3,1,1,2, ,1,1,2, ,2, ,2, ,2, ,2, ,1,1,2, ,2, ,2, ,12,2, ,2,2,2,2,2,2,10,7,1,6500.0, ,,,,,,,2376,6500.0,6500.0,8876.0,1,738.730560010982,2025_MarAbrMay,,,,,,40-59,1,Postgrado
2025,5,24230,1,16,1,1,202505242301001611,1,1,1,1,2, ,1,40.0,1,19.0,6.0,1984.0,1,,, , , , , , , , , , , , ,1, ,3143.0,2011.0,3,5,1, ,5,3000.0,0.0,2.0,9.0,9.0,9.0,0.0,0.0,29.0,,45.0,2,45.0,2, ,2,2,4,6600.0,,, ,, ,, , , , , , , , ,1,3,1,1,2, ,1,1,2, ,2, ,2, ,2, ,2, ,1,1,2, ,2, ,2, ,11,5, ,2,2,2,2,2,2,10,7,1,6600.0, ,,,,,,,2167,6600.0,6600.0,8767.0,1,1208.88697990518,2025_MarAbrMay,,,,,,40-59,1,Superior Univ.
2025,3,27110,1,67,1,1,202503271101006711,1,1,1,1,2, ,1,35.0,1,8.0,5.0,1989.0,1,,, , , , , , , , , , , , ,1, ,4110.0,7110.0,3,5,1, ,2,30.0,0.0,9.0,9.0,9.0,9.0,9.0,0.0,45.0,6.0,51.0,1,,2, ,2,2,4,5000.0,,, ,, ,2500.0, , , , , , , , ,1,3,1,1,2, ,1,1,2, ,2, ,2, ,2, ,2, ,1,1,2, ,2, ,2, ,11,5, ,2,2,2,2,2,2,10,6,1,5000.0, ,,,,2500.0,,,1251,7500.0,5000.0,8751.0,1,1009.54541746182,2025_MarAbrMay,,,,,,25-39,1,Superior Univ.
2025,3,2640701,1,170,1,1,20250326407011017012, ,2,2,1,2, ,1,45.0,1,1.0,11.0,1979.0,1,,, , , , , , , , , , , , ,2, ,2511.0,4322.0,3,5,1, ,2,50.0,0.0,15.0,15.0,15.0,15.0,15.0,15.0,90.0,,90.0,1,,1,1,1,1,4,7000.0,,, ,, ,, , , , , , , , ,1,3,1,1,2, ,1,1,2, ,2, ,2, ,2, ,2, ,1,1,2, ,2, ,2, ,12,2, ,2,2,2,2,2,2,10,7,1,7000.0, ,,,,,,,1749,7000.0,7000.0,8749.0,1,947.730222764583,2025_MarAbrMay,,,,,,40-59,1,Postgrado
2025,4,2655102,1,47,1,1,20250426551021004712,1,2,3,1,2, ,2,29.0,1,24.0,11.0,1995.0,1,,, , , , , , , , , , , , ,2, ,2611.0,6910.0,3,5,1, ,1,20.0,0.0,8.0,8.0,8.0,0.0,0.0,0.0,24.0,,40.0,2,40.0,2, ,2,2,4,7000.0,,, ,, ,, , , , , , , , ,2,1,1,1,2, ,2, ,2, ,2, ,2, ,2, ,2, ,2, ,1,1,2, ,2, ,12,2, ,2,2,2,2,2,2,10,8,1,7000.0, ,,,,,,,1749,7000.0,7000.0,8749.0,1,1083.65358914714,2025_MarAbrMay,,,,,,25-39,1,Postgrado
2025,5,18294,1,8,1,1,202402182941000811,1,1,1,1,2, ,1,52.0,1,10.0,3.0,1973.0,1,,, , , , , , , , , , , , ,1, ,6223.0,311.0,3,5,1, ,5,501.0,0.0,12.0,12.0,12.0,0.0,12.0,0.0,48.0,,48.0,1,,2, ,2,2,4,7000.0,,, ,, ,, , , , , , , , ,2,1,1,1,2, ,2, ,2, ,2, ,2, ,2, ,2, ,1,1,2, ,2, ,2, ,10,2, ,2,2,2,2,2,2,10,7,1,7000.0, ,,,,,,,1749,7000.0,7000.0,8749.0,1,376.531995514692,2025_MarAbrMay,,,,,,40-59,1,Superior Univ.
2025,5,26136,1,101,1,1,202505261361010111,1,1,1,1,2, ,1,54.0,1,20.0,1.0,1971.0,1,,, , , , , , , , , , , , ,1, ,1169.0,4321.0,3,5,1, ,1,12.0,0.0,10.0,10.0,10.0,0.0,10.0,5.0,45.0,,55.0,2,55.0,2, ,2,2,4,7000.0,,, ,, ,, , , , , , , , ,1,1,1,1,2, ,2, ,2, ,2, ,2, ,2, ,2, ,1,1,2, ,2, ,2, ,12,2, ,2,2,2,2,2,2,10,7,1,7000.0, ,,,,,,,1749,7000.0,7000.0,8749.0,1,1387.03208624995,2025_MarAbrMay,,,,,,40-59,1,Postgrado
2025,5,2485902,1,45,1,1,20250524859021004511,1,1,1,1,2, ,1,33.0,1,4.0,8.0,1991.0,1,,, , , , , , , , , , , , ,1, ,4419.0,8411.0,3,2, , ,5,9998.0,0.0,8.0,8.0,8.0,8.0,8.0,0.0,40.0,,40.0,1,,2, ,2,2,4,7000.0,,, ,, ,, , , , , , , , ,1,1,1,1,2, ,2, ,2, ,2, ,2, ,2, ,2, ,1,1,2, ,2, ,2, ,6,5, ,2,2,2,2,2,2,10,7,1,7000.0, ,,,,,,,1749,7000.0,7000.0,8749.0,1,761.441187147101,2025_MarAbrMay,,,,,,25-39,1,Secundaria
2025,5,19968,1,14,1,1,202505199681001411,1,1,1,1,2, ,1,48.0,1,14.0,3.0,1977.0,1,,, , , , , , , , , , , , ,1, ,4110.0,1104.0,3,5,1, ,5,1000.0,0.0,8.0,8.0,8.0,8.0,8.0,0.0,40.0,,40.0,1,,2, ,2,2,4,7000.0,,, ,, ,, , , , , , , , ,1,3,1,1,2, ,1,1,2, ,2, ,2, ,2, ,2, ,1,1,2, ,2, ,2, ,11,5, ,2,2,2,2,2,2,10,7,1,7000.0, ,,,,,,,1749,7000.0,7000.0,8749.0,1,623.381579793052,2025_MarAbrMay,,,,,,40-59,1,Superior Univ.
2025,5,28984,1,16,1,1,202405289841001611,1,2,2,1,2, ,2,46.0,2,6.0,8.0,1978.0,1,,, , , , , , , , , , , , ,2, ,2411.0,5229.0,3,5,1, ,4,160.0,0.0,9.0,9.0,9.0,9.0,9.0,0.0,45.0,,45.0,1,,2, ,2,2,4,6330.0,,, ,, ,, , , , , , , , ,1,3,1,1,2, ,1,1,2, ,2, ,2, ,2, ,2, ,1,1,2, ,2, ,2, ,11,5, ,2,2,2,2,2,2,10,6,1,6330.0, ,,,,,,,2387,6330.0,6330.0,8717.0,1,752.587890307584,2025_MarAbrMay,,,,,,40-59,1,Superior Univ.
2025,5,2683902,1,26,2,1,20240826839021002621,1,1,1,1,2, ,1,60.0,1,2.0,7.0,1964.0,1,,, , , , , , , , , , , , ,1, ,2151.0,2610.0,3,5,1, ,4,200.0,0.0,8.0,8.0,8.0,8.0,8.0,5.0,45.0,,45.0,1,,2, ,2,2,4,6500.0,,, ,, ,, , , , , , , , ,1,1,1,1,2, ,2, ,2, ,2, ,2, ,2, ,2, ,1,1,2, ,2, ,2, ,12,2, ,2,2,2,2,2,2,10,7,1,6500.0, ,,,,,,,2168,6500.0,6500.0,8668.0,1,1185.35915693641,2025_MarAbrMay,,,,,,60+,1,Postgrado
2025,3,1783901,1,52,1,1,20240317839011005211,1,1,1,1,2, ,2,48.0,1,20.0,3.0,1976.0,1,,, , , , , , , , , , , , ,1, ,5120.0,5630.0,2, ,3,2,1,2.0,0.0,8.0,8.0,8.0,8.0,8.0,8.0,48.0,18.0,66.0,1,,2, ,2,2, ,,,, ,, ,200.0,100, , , , , , , ,1,5,2, ,2, ,2, ,2, ,1,5,2, ,2, ,2, ,2, ,2, ,2, ,2, ,8,1, ,2,2,2,2,2,2,10,7,1,, ,8250.0,87.0,,200.0,,100.0, ,8637.0,8337.0,8637.0,1,300.040547065166,2025_MarAbrMay,,,,,,40-59,1,Superior No Univ.
2025,5,21352,1,53,1,1,202505213521005311,1,1,1,1,2, ,2,35.0,1,15.0,9.0,1989.0,1,,, , , , , , , , , , , , ,1, ,5142.0,9602.0,3,5,2,2,1,4.0,10.0,10.0,0.0,10.0,10.0,10.0,10.0,60.0,2.0,70.0,2,70.0,1,1,1,2,1,187.0,,, ,, ,3000.0, , , , , , , , ,1,5,2, ,2, ,2, ,2, ,1,5,2, ,2, ,2, ,2, ,2, ,2, ,2, ,6,5, ,2,2,2,2,2,2,10,7,1,5610.0, ,,,,3000.0,,, ,8610.0,5610.0,8610.0,1,1044.02487310616,2025_MarAbrMay,,,,,,25-39,1,Secundaria
2025,5,19968,1,14,1,1,202505199681001412,1,2,2,1,2, ,2,42.0,2,6.0,5.0,1983.0,1,,, , , , , , , , , , , , ,2, ,5221.0,4659.0,3,5,1, ,3,55.0,0.0,8.0,8.0,8.0,8.0,8.0,0.0,40.0,,40.0,1,,2, ,2,2,4,6000.0,700.0,, ,, ,, , , , , , , , ,1,3,1,1,2, ,1,1,2, ,2, ,2, ,2, ,2, ,1,1,2, ,2, ,2, ,11,5, ,2,2,2,2,2,2,10,6,1,6000.0,1033,,,,,,,1500,7033.0,7033.0,8533.0,1,738.730560010982,2025_MarAbrMay,,,,,,40-59,1,Superior Univ.
2025,3,21672,1,124,1,1,202403216721012413,1,3,3,1,2, ,1,34.0,3,18.0,9.0,1990.0,1,,, , , , , , , , , , , , ,3, ,2212.0,8610.0,3,3, , ,5,1000.0,0.0,0.0,12.0,0.0,0.0,12.0,0.0,24.0,8.0,48.0,2,48.0,2, ,2,2,4,6500.0,,, ,2000.0, ,, , , , , , , , ,1,1,1,1,2, ,2, ,2, ,2, ,2, ,2, ,2, ,2, ,1,1,2, ,2, ,11,7, ,2,2,2,2,2,2,10,7,1,6500.0, ,,,2000.0,,,, ,8500.0,6500.0,8500.0,1,890.744321784661,2025_MarAbrMay,,,,,,25-39,1,Superior Univ.
2025,5,2699002,1,68,1,1,20240526990021006811,1,1,1,1,2, ,1,46.0,2,7.0,11.0,1978.0,1,,, , , , , , , , , , , , ,1, ,1211.0,5229.0,3,5,1, ,4,200.0,0.0,8.0,8.0,8.0,8.0,8.0,0.0,40.0,,40.0,1,,2, ,2,2,4,8500.0,,, ,, ,, , , , , , , , ,1,1,1,1,2, ,2, ,2, ,2, ,2, ,2, ,2, ,1,1,2, ,2, ,2, ,11,5, ,2,2,2,2,2,2,10,7,1,8500.0, ,,,,,,, ,8500.0,8500.0,8500.0,1,852.982456707865,2025_MarAbrMay,,,,,,40-59,1,Superior Univ.
2025,4,26219,1,32,1,1,202401262191003212,1,2,3,1,2, ,1,38.0,2,24.0,6.0,1986.0,1,,, , , , , , , , , , , , ,2, ,2330.0,8521.0,3,5,1, ,4,400.0,0.0,8.0,8.0,8.0,0.0,8.0,0.0,32.0,3.0,35.0,1,,1,1,1,2,4,8000.0,,, ,270.0, ,, , , , , , , , ,1,2,2, ,1,1,2, ,2, ,2, ,2, ,2, ,2, ,1,1,2, ,2, ,2, ,12,2, ,2,2,2,2,2,2,10,7,1,8000.0, ,,,270.0,,,, ,8270.0,8000.0,8270.0,1,1181.9166600692,2025_MarAbrMay,,,,,,25-39,1,Postgrado
2025,4,1969701,1,27,1,1,20240119697011002711,1,1,1,1,2, ,1,39.0,1,12.0,12.0,1985.0,1,,, , , , , , , , , , , , ,1, ,2142.0,4100.0,3,5,1, ,3,100.0,0.0,8.0,8.0,8.0,8.0,8.0,8.0,48.0,,48.0,1,,2, ,2,2,4,6000.0,1000.0,, ,, ,, , , , , , , , ,1,1,1,1,2, ,2, ,2, ,2, ,2, ,2, ,2, ,1,1,2, ,2, ,2, ,11,5, ,2,2,2,2,2,2,10,7,1,6000.0,1000,,,,,,,1233,7000.0,7000.0,8233.0,1,1353.12246209317,2025_MarAbrMay,,,,,,25-39,1,Superior Univ.
2025,4,46816,1,34,1,1,202401468161003411,1,1,1,1,2, ,1,44.0,1,23.0,5.0,1980.0,1,,, , , , , , , , , , , , ,1, ,3213.0,4772.0,2, ,2,1,1,2.0,0.0,12.0,12.0,12.0,12.0,12.0,0.0,60.0,24.0,84.0,1,,2, ,2,2, ,,,, ,, ,2000.0, , , , , , , , ,1,5,2, ,2, ,2, ,2, ,1,5,2, ,2, ,2, ,2, ,2, ,2, ,2, ,9,3, ,2,2,2,2,2,2,10,7,1,, ,6200.0,,,2000.0,,, ,8200.0,6200.0,8200.0,1,1348.8684452434,2025_MarAbrMay,,,,,,40-59,1,Superior No Univ.
2025,5,1962301,1,37,1,1,20240519623011003711,1,1,1,1,2, ,1,39.0,1,22.0,8.0,1985.0,1,,, , , , , , , , , , , , ,1, ,4110.0,4659.0,3,5,1, ,5,9998.0,0.0,8.0,8.0,8.0,8.0,8.0,8.0,48.0,,48.0,1,,2, ,2,2,4,6000.0,,, ,, ,, , , , , , , , ,1,1,1,1,2, ,2, ,2, ,2, ,2, ,2, ,2, ,1,1,2, ,2, ,2, ,11,5, ,2,2,2,2,2,2,10,7,1,6000.0, ,,,,,,,2167,6000.0,6000.0,8167.0,1,1152.5924822288,2025_MarAbrMay,,,,,,25-39,1,Superior Univ.
2025,3,2391701,1,244,1,1,20241223917011024411,1,1,1,1,2, ,1,32.0,2,17.0,6.0,1992.0,1,,, , , , , , , , , , , , ,1, ,2151.0,3510.0,3,5,1, ,4,150.0,0.0,8.0,8.0,8.0,8.0,8.0,0.0,40.0,,40.0,1,,2, ,2,2,4,6500.0,,, ,, ,, , , , , , , , ,1,3,1,1,2, ,1,1,2, ,2, ,2, ,2, ,2, ,1,1,2, ,2, ,2, ,12,2, ,2,2,2,2,2,2,10,7,1,6500.0, ,,,,,,,1626,6500.0,6500.0,8126.0,1,793.105398388545,2025_MarAbrMay,,,,,,25-39,1,Postgrado
2025,5,25903,1,29,1,1,202405259031002912,1,2,3,1,2, ,1,37.0,2,5.0,2.0,1988.0,1,,, , , , , , , , , , , , ,2, ,2142.0,4100.0,3,5,1, ,1,17.0,0.0,9.0,10.0,8.0,10.0,11.0,6.0,54.0,,54.0,2,48.0,2, ,2,2,4,6500.0,,, ,, ,, , , , , , , , ,1,1,1,1,2, ,2, ,2, ,2, ,2, ,2, ,2, ,1,1,2, ,2, ,2, ,11,5, ,2,2,2,2,2,2,10,7,1,6500.0, ,,,,,,,1626,6500.0,6500.0,8126.0,1,865.543268164012,2025_MarAbrMay,,,,,,25-39,1,Superior Univ.
2025,5,2018302,1,99,1,1,20240220183021009911,1,1,1,1,2, ,1,50.0,1,22.0,10.0,1974.0,1,,, , , , , , , , , , , , ,1, ,9411.0,5610.0,1, ,3,2,1,4.0,10.0,0.0,8.0,10.0,8.0,10.0,10.0,56.0,,56.0,1,,2, ,2,2, ,,,, ,, ,, , , , , , , , ,1,5,2, ,2, ,2, ,2, ,1,5,2, ,2, ,2, ,2, ,2, ,2, ,2, ,6,5, ,2,2,2,2,2,2,1,1,1,, ,7825.0,260.0,,,,, ,8085.0,8085.0,8085.0,1,1182.66991643741,2025_MarAbrMay,,,,,,40-59,1,Secundaria
2025,5,20438,1,12,1,1,202505204381001214,1,3,7,1,2, ,1,42.0,1,8.0,8.0,1982.0,1,,, , , , , , , , , , , , ,3, ,1111.0,8423.0,3,2, , ,5,9000.0,0.0,8.0,8.0,8.0,8.0,8.0,0.0,40.0,,40.0,1,,2, ,2,2,4,8000.0,,, ,, ,, , , , , , , , ,1,1,1,1,2, ,2, ,2, ,2, ,2, ,2, ,2, ,1,1,2, ,2, ,2, ,11,6, ,2,2,2,2,2,2,10,7,1,8000.0, ,,,,,,,83,8000.0,8000.0,8083.0,1,1290.62361397842,2025_MarAbrMay,,,,,,40-59,1,Superior Univ.
2025,5,22385,1,126,1,1,202408223851012612,1,2,2,1,2, ,2,33.0,2,27.0,4.0,1992.0,1,,, , , , , , , , , , , , ,2, ,2211.0,8610.0,3,3, , ,5,9998.0,0.0,8.0,8.0,8.0,8.0,8.0,8.0,48.0,,48.0,1,,2, ,2,2,4,7000.0,,, ,, ,, , , , , , , , ,1,1,1,1,2, ,2, ,2, ,2, ,2, ,2, ,2, ,1,1,2, ,2, ,2, ,11,7, ,2,2,2,2,2,2,10,7,1,7000.0, ,,,,,,,1083,7000.0,7000.0,8083.0,1,1364.24927818744,2025_MarAbrMay,,,,,,25-39,1,Superior Univ.
2025,3,18391,1,69,1,1,202412183911006914,1,4,3,1,2, ,1,52.0,4,18.0,10.0,1972.0,1,,, , , , , , , , , , , , ,4, ,4416.0,8411.0,3,2, , ,5,9998.0,0.0,8.0,8.0,8.0,8.0,8.0,0.0,40.0,,40.0,1,,2, ,2,2,4,8000.0,,, ,, ,, , , , , , , , ,1,1,1,1,2, ,2, ,2, ,2, ,2, ,2, ,2, ,2, ,1,1,2, ,2, ,12,2, ,2,2,2,2,2,2,10,7,1,8000.0, ,,,,,,,50,8000.0,8000.0,8050.0,1,340.13952166847,2025_MarAbrMay,,,,,,40-59,1,Postgrado
2025,3,18482,1,10,1,1,202312184821001011,1,1,1,1,2, ,1,71.0,1,29.0,10.0,1953.0,1,,, , , , , , , , , , , , ,1, ,2211.0,8610.0,3,2, , ,5,9998.0,0.0,12.0,0.0,12.0,0.0,12.0,0.0,36.0,,36.0,1,,2, ,2,2,4,8000.0,,, ,, ,, , , , , , , , ,1,1,1,1,2, ,2, ,2, ,2, ,2, ,2, ,2, ,1,1,2, ,2, ,2, ,12,2, ,2,2,2,2,2,2,10,7,1,8000.0, ,,,,,,,50,8000.0,8000.0,8050.0,1,690.90840293084,2025_MarAbrMay,,,,,,60+,1,Postgrado
2025,3,49910,1,250,1,1,202403499101025011,1,1,1,1,2, ,1,52.0,1,4.0,9.0,1972.0,1,,, , , , , , , , , , , , ,1, ,2631.0,8411.0,3,2, , ,5,9998.0,0.0,8.0,8.0,8.0,8.0,8.0,0.0,40.0,,40.0,1,,2, ,2,2,4,8000.0,,, ,, ,, , , , , , , , ,1,1,1,1,2, ,2, ,2, ,2, ,2, ,2, ,2, ,1,1,2, ,2, ,2, ,12,2, ,2,2,2,2,2,2,10,9,1,8000.0, ,,,,,,,50,8000.0,8000.0,8050.0,1,805.273550732724,2025_MarAbrMay,,,,,,40-59,1,Postgrado
2025,3,49910,1,250,1,1,202403499101025012,1,2,2,1,2, ,2,48.0,2,4.0,8.0,1976.0,1,,, , , , , , , , , , , , ,2, ,2611.0,8411.0,3,2, , ,5,9998.0,0.0,8.0,8.0,8.0,8.0,8.0,0.0,40.0,,40.0,1,,2, ,2,2,4,8000.0,,, ,, ,, , , , , , , , ,1,1,1,1,2, ,2, ,2, ,2, ,2, ,2, ,2, ,1,1,2, ,2, ,2, ,12,2, ,2,2,2,2,2,2,10,7,1,8000.0, ,,,,,,,50,8000.0,8000.0,8050.0,1,741.792101316918,2025_MarAbrMay,,,,,,40-59,1,Postgrado
2025,3,21659,1,106,1,1,202312216591010613,1,2,3,1,2, ,2,49.0,3,31.0,12.0,1975.0,1,,, , , , , , , , , , , , ,2, ,2211.0,8610.0,3,2, , ,5,9998.0,0.0,12.0,0.0,12.0,0.0,12.0,0.0,36.0,,36.0,1,,2, ,2,2,4,8000.0,,, ,, ,, , , , , , , , ,1,1,1,1,2, ,2, ,2, ,2, ,2, ,2, ,2, ,2, ,1,1,2, ,2, ,12,2, ,2,2,2,2,2,2,10,7,1,8000.0, ,,,,,,,50,8000.0,8000.0,8050.0,1,1624.79379836518,2025_MarAbrMay,,,,,,40-59,1,Postgrado
2025,3,21659,1,106,1,1,202312216591010615,1,4,4,1,2, ,1,47.0,4,8.0,8.0,1977.0,1,,, , , , , , , , , , , , ,4, ,2421.0,8610.0,3,3, , ,5,9998.0,0.0,8.0,8.0,8.0,8.0,8.0,0.0,40.0,,40.0,1,,1,1,1,2,4,8000.0,,, ,, ,, , , , , , , , ,1,1,1,1,2, ,2, ,2, ,2, ,2, ,2, ,2, ,1,1,2, ,2, ,2, ,12,2, ,2,2,2,2,2,2,10,7,1,8000.0, ,,,,,,,50,8000.0,8000.0,8050.0,1,1763.84120145685,2025_MarAbrMay,,,,,,40-59,1,Postgrado
2025,5,2561301,1,60,1,1,20250525613011006011,1,1,1,1,2, ,2,36.0,1,18.0,1.0,1989.0,1,,, , , , , , , , , , , , ,1, ,2611.0,8412.0,3,2, , ,5,9998.0,0.0,8.0,8.0,8.0,8.0,8.0,0.0,40.0,,40.0,1,,2, ,2,1,4,8000.0,,, ,, ,, , , , , , , , ,1,1,1,1,2, ,2, ,2, ,2, ,2, ,2, ,2, ,1,1,2, ,2, ,2, ,12,2, ,2,2,2,2,2,2,10,7,1,8000.0, ,,,,,,,50,8000.0,8000.0,8050.0,1,922.369795281974,2025_MarAbrMay,,,,,,25-39,1,Postgrado
2025,3,29468,1,64,1,1,202412294681006411,1,1,1,1,2, ,1,35.0,1,29.0,7.0,1989.0,1,,, , , , , , , , , , , , ,1, ,1330.0,6201.0,1, ,1, ,1,17.0,6.0,12.0,12.0,12.0,12.0,12.0,5.0,71.0,,71.0,1,,1,1,1,2, ,,,8000.0, ,, ,, , , , , , , , ,1,2,2, ,1,2,2, ,2, ,2, ,2, ,2, ,2, ,1,5,2, ,2, ,2, ,11,5, ,2,2,2,2,2,2,10,6,1,, ,8000.0,,,,,, ,8000.0,8000.0,8000.0,1,1032.65028180871,2025_MarAbrMay,,,,,,25-39,1,Superior Univ.
2025,4,2658802,1,1,1,1,20240126588021000111,1,1,1,1,2, ,1,41.0,1,7.0,6.0,1983.0,1,,, , , , , , , , , , , , ,1, ,2631.0,729.0,3,5,1, ,5,9998.0,0.0,9.0,9.0,9.0,9.0,9.0,0.0,45.0,,45.0,1,,2, ,2,2,4,6500.0,,, ,, ,, , , , , , , , ,1,3,1,1,2, ,1,1,2, ,2, ,2, ,2, ,2, ,1,1,2, ,2, ,2, ,11,5, ,2,2,2,2,2,2,10,7,1,6500.0, ,,,,,,,1500,6500.0,6500.0,8000.0,1,1006.5891081267,2025_MarAbrMay,,,,,,40-59,1,Superior Univ.
2025,4,26517,1,46,1,1,202401265171004611,1,1,1,1,2, ,1,69.0,1,8.0,3.0,1956.0,1,,, , , , , , , , , , , , ,1, ,3314.0,5811.0,1, ,1, ,1,10.0,0.0,8.0,8.0,8.0,8.0,8.0,5.0,45.0,,45.0,1,,2, ,2,2, ,,,8000.0, ,, ,, , , , , , , , ,1,1,1,3,2, ,2, ,2, ,2, ,2, ,2, ,2, ,1,3,2, ,2, ,2, ,11,6, ,2,2,2,2,2,2,10,7,1,, ,8000.0,,,,,, ,8000.0,8000.0,8000.0,1,1372.04587870984,2025_MarAbrMay,,,,,,60+,1,Superior Univ.
2025,4,25563,1,196,1,1,202501255631019612,1,2,3,1,2, ,2,29.0,2,15.0,8.0,1995.0,1,,, , , , , , , , , , , , ,2, ,2212.0,8620.0,3,5,1, ,1,20.0,0.0,9.0,9.0,9.0,9.0,9.0,0.0,45.0,,45.0,1,,2, ,2,2,4,8000.0,,, ,, ,, , , , , , , , ,1,6,2, ,2, ,2, ,2, ,2, ,2, ,2, ,2, ,2, ,2, ,2, ,2, ,11,7, ,2,2,2,2,2,2,10,7,1,8000.0, ,,,,,,, ,8000.0,8000.0,8000.0,1,1117.81352070284,2025_MarAbrMay,,,,,,25-39,0,Superior Univ.
2025,5,25659,2,50,1,1,202505256592005011,1,1,1,1,2, ,1,59.0,1,14.0,7.0,1965.0,1,,, , , , , , , , , , , , ,1, ,3314.0,4210.0,1, ,1, ,1,4.0,12.0,12.0,12.0,12.0,12.0,12.0,12.0,84.0,10.0,94.0,1,,2, ,2,2, ,,,8000.0, ,, ,, , , , , , , , ,1,3,1,2,1,2,2, ,2, ,2, ,2, ,2, ,2, ,1,2,2, ,2, ,2, ,11,5, ,2,2,2,2,2,2,10,7,1,, ,8000.0,,,,,, ,8000.0,8000.0,8000.0,1,833.567946096866,2025_MarAbrMay,,,,,,40-59,1,Superior Univ.
2025,5,26896,1,24,1,1,202405268961002411,1,1,1,1,2, ,1,50.0,1,21.0,5.0,1974.0,1,,, , , , , , , , , , , , ,1, ,3314.0,1392.0,1, ,2,1,1,11.0,0.0,8.0,8.0,8.0,8.0,8.0,0.0,40.0,,40.0,1,,2, ,2,2, ,,,, ,, ,, , , , , , , , ,1,5,2, ,2, ,2, ,2, ,1,5,2, ,2, ,2, ,1,5,2, ,2, ,2, ,9,3, ,2,2,2,2,2,2,10,7,1,, ,8000.0,,,,,, ,8000.0,8000.0,8000.0,1,814.836081680658,2025_MarAbrMay,,,,,,40-59,1,Superior No Univ.
2025,5,28984,1,17,1,1,202402289841001711,1,1,1,1,2, ,1,78.0,1,22.0,12.0,1946.0,1,,, , , , , , , , , , , , ,1, ,3314.0,1610.0,1, ,1, ,1,5.0,4.0,4.0,4.0,4.0,4.0,4.0,4.0,28.0,,50.0,2,50.0,1,1,1,2, ,,,8000.0, ,, ,, , , , , , , , ,1,1,1,3,2, ,2, ,2, ,2, ,2, ,2, ,2, ,1,3,2, ,2, ,2, ,11,5, ,2,2,2,2,2,2,10,7,1,, ,8000.0,,,,,, ,8000.0,8000.0,8000.0,1,816.993227065272,2025_MarAbrMay,,,,,,60+,1,Superior Univ.
2025,5,20132,1,11,1,1,202505201321001111,1,1,1,1,2, ,1,40.0,1,21.0,2.0,1985.0,1,,, , , , , , , , , , , , ,1, ,4110.0,8010.0,3,4,1, ,5,2000.0,0.0,8.0,8.0,8.0,8.0,8.0,0.0,40.0,,40.0,1,,2, ,2,2,4,6000.0,,, ,, ,, , , , , , , , ,1,1,1,1,2, ,2, ,2, ,2, ,2, ,2, ,2, ,1,1,2, ,2, ,2, ,12,2, ,2,2,2,2,2,2,10,7,1,6000.0, ,,,,,,,1842,6000.0,6000.0,7842.0,1,1513.4117139803,2025_MarAbrMay,,,,,,40-59,1,Postgrado
2025,4,2671502,1,5,1,1,20250126715021000511,1,1,1,1,2, ,1,56.0,2,7.0,4.0,1969.0,1,,, , , , , , , , , , , , ,1, ,2611.0,6910.0,2, ,2,2,1,1.0,0.0,8.0,8.0,8.0,0.0,0.0,0.0,24.0,,24.0,1,,2, ,2,2, ,,,, ,, ,, , , , , , , , ,1,2,2, ,1,2,2, ,2, ,2, ,2, ,2, ,2, ,2, ,2, ,2, ,2, ,12,2, ,2,2,2,2,2,2,10,7,1,, ,7700.0,,,,,, ,7700.0,7700.0,7700.0,1,1297.47342065389,2025_MarAbrMay,,,,,,40-59,1,Postgrado
2025,4,2671502,1,5,1,1,20250126715021000512,1,2,2,1,2, ,2,57.0,2,22.0,3.0,1968.0,1,,, , , , , , , , , , , , ,2, ,2611.0,6910.0,2, ,2,2,1,1.0,0.0,8.0,8.0,8.0,0.0,0.0,0.0,24.0,,40.0,2,40.0,2, ,2,2, ,,,, ,, ,, , , , , , , , ,1,2,2, ,1,2,2, ,2, ,2, ,2, ,2, ,2, ,1,5,2, ,2, ,2, ,12,2, ,2,2,2,2,2,2,10,7,1,, ,7700.0,,,,,, ,7700.0,7700.0,7700.0,1,1195.19079477273,2025_MarAbrMay,,,,,,40-59,1,Postgrado
2025,4,18414,1,52,1,1,202504184141005211,1,1,1,1,2, ,1,49.0,1,1.0,4.0,1976.0,1,,, , , , , , , , , , , , ,1, ,2642.0,6020.0,3,5,1, ,3,55.0,0.0,8.0,8.0,8.0,8.0,8.0,0.0,40.0,,40.0,1,,2, ,2,2,4,7000.0,,, ,, ,, , , , , , , , ,2,3,1,1,2, ,1,1,2, ,2, ,2, ,2, ,2, ,1,1,2, ,2, ,2, ,11,5, ,2,2,2,2,2,2,10,6,1,7000.0, ,,,,,,,666,7000.0,7000.0,7666.0,1,353.515795110197,2025_MarAbrMay,,,,,,40-59,1,Superior Univ.
2025,4,2347601,1,14,1,1,20240423476011001411,1,1,1,1,2, ,1,62.0,1,17.0,8.0,1962.0,1,,, , , , , , , , , , , , ,1, ,4419.0,8412.0,3,3, , ,5,9998.0,0.0,8.0,8.0,8.0,8.0,8.0,0.0,40.0,,40.0,1,,2, ,2,2,4,5865.0,,, ,, ,, , , , , , , , ,1,1,1,1,2, ,2, ,2, ,2, ,2, ,2, ,2, ,1,1,2, ,2, ,2, ,10,1, ,2,2,2,2,2,2,10,7,1,5865.0, ,,,,,,,1800,5865.0,5865.0,7665.0,1,816.827358710962,2025_MarAbrMay,,,,,,60+,1,Superior Univ.
2025,5,29593,1,113,1,1,202502295931011311,1,1,1,1,2, ,1,66.0,1,14.0,11.0,1958.0,1,,, , , , , , , , , , , , ,1, ,1211.0,4663.0,3,5,1, ,3,100.0,0.0,8.0,8.0,8.0,8.0,8.0,0.0,40.0,,40.0,1,,1,1,1,2,4,6000.0,19.0,, ,, ,, , , , , , , , ,1,1,1,1,2, ,2, ,2, ,2, ,2, ,2, ,2, ,1,1,2, ,2, ,2, ,11,5, ,2,2,2,2,2,2,10,6,1,6000.0,570,,,,,,,1084,6570.0,6570.0,7654.0,1,827.634554326819,2025_MarAbrMay,,,,,,60+,1,Superior Univ.
2025,3,25747,1,41,1,1,202503257471004112, ,2,2,1,2, ,2,68.0,2,5.0,5.0,1956.0,1,,, , , , , , , , , , , , ,2, ,2212.0,8610.0,3,3, , ,5,9998.0,0.0,8.0,8.0,8.0,8.0,6.0,0.0,38.0,,38.0,1,,2, ,2,2,4,6500.0,,, ,, ,, , , , , , , , ,1,1,1,1,2, ,2, ,2, ,2, ,2, ,2, ,2, ,2, ,1,1,2, ,2, ,10,5, ,2,2,2,2,2,2,10,7,1,6500.0, ,,,,,,,1084,6500.0,6500.0,7584.0,1,953.171680386219,2025_MarAbrMay,,,,,,60+,1,Superior Univ.
2025,5,25262,1,101,1,1,202405252621010112,1,2,2,1,2, ,2,36.0,2,24.0,3.0,1989.0,1,,, , , , , , , , , , , , ,2, ,4110.0,4630.0,3,5,1, ,5,998.0,0.0,8.0,8.0,8.0,8.0,8.0,8.0,48.0,,48.0,1,,2, ,2,2,4,6000.0,,, ,, ,, , , , , , , , ,1,3,1,1,2, ,1,1,2, ,2, ,2, ,2, ,2, ,1,1,2, ,2, ,2, ,11,5, ,2,2,2,2,2,2,10,7,1,6000.0, ,,,,,,,1575,6000.0,6000.0,7575.0,1,1753.99019661649,2025_MarAbrMay,,,,,,25-39,1,Superior Univ.
2025,4,17995,2,143,1,1,202504179952014311,1,1,1,1,2, ,1,37.0,1,4.0,8.0,1987.0,1,,, , , , , , , , , , , , ,1, ,2144.0,2593.0,3,5,1, ,4,200.0,0.0,8.0,8.0,8.0,8.0,8.0,0.0,40.0,,40.0,1,,2, ,2,2,4,6000.0,,, ,, ,, , , , , , , , ,1,3,1,1,2, ,1,1,2, ,2, ,2, ,2, ,2, ,1,1,2, ,2, ,2, ,11,5, ,2,2,2,2,2,2,10,7,1,6000.0, ,,,,,,,1567,6000.0,6000.0,7567.0,1,618.063457601757,2025_MarAbrMay,,,,,,25-39,1,Superior Univ.
2025,3,29555,1,16,1,1,202503295551001611, ,1,1,1,2, ,1,67.0,1,27.0,8.0,1957.0,1,,, , , , , , , , , , , , ,1, ,1321.0,2220.0,3,5,1, ,4,180.0,0.0,12.0,12.0,12.0,12.0,12.0,12.0,72.0,,72.0,1,,1,1,1,2,3,2800.0,,, ,, ,, , , , , , , , ,1,1,1,1,2, ,2, ,2, ,2, ,2, ,2, ,2, ,1,1,2, ,2, ,2, ,11,5, ,2,2,2,2,2,2,10,7,1,5600.0, ,,,,,,,1917,5600.0,5600.0,7517.0,1,867.383447813781,2025_MarAbrMay,,,,,,60+,1,Superior Univ.
2025,5,2561301,1,62,1,1,20250525613011006211,1,1,1,1,2, ,2,39.0,1,4.0,3.0,1986.0,1,,, , , , , , , , , , , , ,1, ,2221.0,8610.0,3,3, , ,5,9998.0,8.0,5.0,10.0,8.0,10.0,0.0,5.0,46.0,,46.0,1,,1,1,1,2,4,6800.0,,, ,, ,, , , , , , , , ,1,1,1,1,2, ,2, ,2, ,2, ,2, ,2, ,2, ,1,1,2, ,2, ,2, ,12,2, ,2,2,2,2,2,2,10,7,1,6800.0, ,,,,,,,709,6800.0,6800.0,7509.0,1,922.369795281974,2025_MarAbrMay,,,,,,25-39,1,Postgrado
2025,3,2980102,1,10,1,1,20231229801021001011,1,1,1,1,2, ,1,47.0,1,26.0,6.0,1977.0,1,,, , , , , , , , , , , , ,1, ,2611.0,8423.0,3,2, , ,5,9998.0,0.0,8.0,8.0,8.0,8.0,8.0,0.0,40.0,,40.0,1,,1,1,1,2,4,6000.0,,, ,, ,, , , , , , , , ,1,1,1,1,2, ,2, ,2, ,2, ,2, ,2, ,2, ,1,1,2, ,2, ,2, ,12,2, ,2,2,2,2,2,2,10,7,1,6000.0, ,,,,,,,1500,6000.0,6000.0,7500.0,1,2098.39392238409,2025_MarAbrMay,,,,,,40-59,1,Postgrado
2025,3,2441301,1,96,1,1,20250324413011009611, ,3,1,1,2, ,1,32.0,3,16.0,9.0,1992.0,1,,, , , , , , , , , , , , ,3, ,3314.0,4661.0,3,5,1, ,2,25.0,0.0,8.0,8.0,8.0,8.0,8.0,0.0,40.0,,40.0,1,,2, ,2,2,4,6000.0,,, ,, ,, , , , , , , , ,1,1,1,1,2, ,2, ,2, ,2, ,2, ,2, ,2, ,1,1,2, ,2, ,2, ,11,5, ,2,2,2,2,2,2,10,7,1,6000.0, ,,,,,,,1500,6000.0,6000.0,7500.0,1,610.423817817873,2025_MarAbrMay,,,,,,25-39,1,Superior Univ.
2025,3,49909,1,431,1,1,202403499091043111,1,1,1,1,2, ,2,43.0,1,2.0,7.0,1981.0,1,,, , , , , , , , , , , , ,1, ,4110.0,9499.0,3,5,1, ,2,30.0,0.0,8.0,8.0,8.0,8.0,8.0,0.0,40.0,,48.0,2,48.0,2, ,2,2,4,6000.0,,, ,, ,, , , , , , , , ,1,1,1,1,2, ,2, ,2, ,2, ,2, ,2, ,2, ,1,1,2, ,2, ,2, ,11,5, ,2,2,2,2,2,2,10,6,1,6000.0, ,,,,,,,1500,6000.0,6000.0,7500.0,1,968.264089519074,2025_MarAbrMay,,,,,,40-59,1,Superior Univ.
2025,3,2704001,1,8,1,1,20240327040011000811,1,1,1,1,2, ,1,71.0,2,12.0,2.0,1954.0,1,,, , , , , , , , , , , , ,1, ,3422.0,8541.0,3,5,1, ,1,13.0,0.0,4.0,4.0,4.0,4.0,0.0,4.0,20.0,,20.0,1,,2, ,2,2,4,7500.0,,, ,, ,, , , , , , , , ,1,3,1,3,2, ,1,2,2, ,2, ,2, ,2, ,2, ,1,3,2, ,2, ,2, ,11,6, ,2,2,2,2,2,2,10,7,1,7500.0, ,,,,,,, ,7500.0,7500.0,7500.0,1,502.21601590284,2025_MarAbrMay,,,,,,60+,1,Superior Univ.
2025,3,2704001,1,8,1,1,20240327040011000812,1,2,2,1,2, ,2,47.0,2,13.0,9.0,1977.0,1,,, , , , , , , , , , , , ,2, ,3422.0,8541.0,3,5,1, ,1,13.0,0.0,6.0,8.0,6.0,8.0,6.0,0.0,34.0,,34.0,1,,2, ,2,2,4,6000.0,,, ,, ,, , , , , , , , ,1,3,1,1,2, ,1,1,2, ,2, ,2, ,2, ,2, ,1,1,2, ,2, ,2, ,11,5, ,2,2,2,2,2,2,10,7,1,6000.0, ,,,,,,,1500,6000.0,6000.0,7500.0,1,462.625245064365,2025_MarAbrMay,,,,,,40-59,1,Superior Univ.
2025,3,28823,1,106,1,1,202312288231010611,1,1,1,1,2, ,1,52.0,1,25.0,12.0,1972.0,1,,, , , , , , , , , , , , ,1, ,1169.0,4321.0,3,5,1, ,1,17.0,0.0,8.0,8.0,8.0,8.0,8.0,5.0,45.0,,45.0,1,,2, ,2,2,4,6000.0,,, ,, ,, , , , , , , , ,1,1,1,1,2, ,2, ,2, ,2, ,2, ,2, ,2, ,1,1,2, ,2, ,2, ,11,5, ,2,2,2,2,2,2,10,7,1,6000.0, ,,,,,,,1500,6000.0,6000.0,7500.0,1,1939.08752529492,2025_MarAbrMay,,,,,,40-59,1,Superior Univ.
2025,4,26335,2,26,1,1,202504263352002611,1,1,1,1,2, ,1,45.0,1,2.0,11.0,1979.0,1,,, , , , , , , , , , , , ,1, ,2142.0,4100.0,3,5,1, ,2,50.0,0.0,8.0,8.0,8.0,8.0,8.0,0.0,40.0,,40.0,1,,2, ,2,2,4,6000.0,,, ,, ,, , , , , , , , ,1,1,1,1,2, ,2, ,2, ,2, ,2, ,2, ,2, ,1,1,2, ,2, ,2, ,12,2, ,2,2,2,2,2,2,10,6,1,6000.0, ,,,,,,,1500,6000.0,6000.0,7500.0,1,886.022557044985,2025_MarAbrMay,,,,,,40-59,1,Postgrado
2025,4,2625902,1,11,1,1,20240426259021001111,1,1,1,1,2, ,1,54.0,1,16.0,1.0,1971.0,1,,, , , , , , , , , , , , ,1, ,4110.0,4100.0,3,5,1, ,1,18.0,0.0,9.0,9.0,9.0,9.0,9.0,9.0,54.0,,54.0,1,,2, ,2,2,4,6000.0,,, ,, ,, , , , , , , , ,1,1,1,1,2, ,2, ,2, ,2, ,2, ,2, ,2, ,1,1,2, ,2, ,2, ,11,5, ,2,2,2,2,2,2,10,7,1,6000.0, ,,,,,,,1500,6000.0,6000.0,7500.0,1,784.051449926566,2025_MarAbrMay,,,,,,40-59,1,Superior Univ.
2025,4,26515,1,75,1,1,202501265151007511,1,1,1,1,2, ,2,61.0,1,1.0,6.0,1963.0,1,,, , , , , , , , , , , , ,1, ,2643.0,7490.0,2, ,2,2,1,1.0,0.0,8.0,8.0,8.0,8.0,8.0,0.0,40.0,,40.0,1,,2, ,2,2, ,,,, ,, ,, , , , , , , , ,1,1,1,2,2, ,2, ,2, ,2, ,2, ,2, ,2, ,1,5,2, ,2, ,2, ,11,5, ,2,2,2,2,2,2,10,7,1,, ,7500.0,,,,,, ,7500.0,7500.0,7500.0,1,1048.11259855442,2025_MarAbrMay,,,,,,60+,1,Superior Univ.
2025,4,26515,1,75,1,1,202501265151007512,1,2,3,1,2, ,1,35.0,2,12.0,12.0,1989.0,1,,, , , , , , , , , , , , ,2, ,2611.0,6910.0,1, ,1, ,1,3.0,0.0,8.0,8.0,8.0,8.0,8.0,8.0,48.0,,48.0,1,,2, ,2,2, ,,,7500.0, ,, ,, , , , , , , , ,1,2,2, ,1,2,2, ,2, ,2, ,2, ,2, ,2, ,1,5,2, ,2, ,2, ,12,2, ,2,2,2,2,2,2,10,7,1,, ,7500.0,,,,,, ,7500.0,7500.0,7500.0,1,1384.89562558982,2025_MarAbrMay,,,,,,25-39,1,Postgrado
2025,4,26613,1,70,1,1,202504266131007011,1,1,1,1,2, ,1,68.0,1,9.0,4.0,1957.0,1,,, , , , , , , , , , , , ,1, ,5111.0,5110.0,3,5,1, ,5,9998.0,0.0,12.0,0.0,12.0,0.0,12.0,0.0,36.0,,36.0,1,,2, ,2,2,4,6000.0,,, ,, ,, , , , , , , , ,1,1,1,1,2, ,2, ,2, ,2, ,2, ,2, ,2, ,1,1,2, ,2, ,2, ,10,3, ,2,2,2,2,2,2,10,7,1,6000.0, ,,,,,,,1500,6000.0,6000.0,7500.0,1,1210.9083520099,2025_MarAbrMay,,,,,,60+,1,Superior Univ.
2025,4,2694701,1,66,1,1,20240426947011006611,1,1,1,1,2, ,1,52.0,1,7.0,9.0,1972.0,1,,, , , , , , , , , , , , ,1, ,2211.0,8610.0,3,5,1, ,5,3000.0,0.0,8.0,12.0,8.0,0.0,0.0,0.0,28.0,,43.0,2,43.0,2, ,2,2,4,7500.0,,, ,, ,, , , , , , , , ,1,3,1,1,2, ,1,4,2, ,2, ,2, ,2, ,2, ,1,1,2, ,2, ,2, ,12,2, ,2,2,2,2,2,2,10,7,1,7500.0, ,,,,,,, ,7500.0,7500.0,7500.0,1,903.726117476855,2025_MarAbrMay,,,,,,40-59,1,Postgrado
2025,4,26517,1,45,1,1,202401265171004512,1,2,2,1,2, ,2,62.0,2,9.0,10.0,1962.0,1,,, , , , , , , , , , , , ,2, ,1211.0,6820.0,3,5,1, ,3,60.0,0.0,8.0,8.0,8.0,8.0,8.0,8.0,48.0,,48.0,1,,2, ,2,2,4,6000.0,,, ,, ,, , , , , , , , ,1,3,1,1,2, ,1,1,2, ,2, ,2, ,2, ,2, ,1,1,2, ,2, ,2, ,11,5, ,2,2,2,2,2,2,10,7,1,6000.0, ,,,,,,,1500,6000.0,6000.0,7500.0,1,1263.88454525212,2025_MarAbrMay,,,,,,60+,1,Superior Univ.
2025,4,1778902,1,35,1,1,20240417789021003511,1,1,1,1,2, ,1,56.0,2,4.0,9.0,1968.0,1,,, , , , , , , , , , , , ,1, ,2251.0,8610.0,3,3, , ,5,9998.0,0.0,6.0,6.0,6.0,6.0,6.0,6.0,36.0,,36.0,1,,2, ,2,2,4,6000.0,,, ,, ,, , , , , , , , ,1,1,1,1,2, ,2, ,2, ,2, ,2, ,2, ,2, ,2, ,1,1,2, ,2, ,12,2, ,2,2,2,2,2,2,10,7,1,6000.0, ,,,,,,,1500,6000.0,6000.0,7500.0,1,252.928027196828,2025_MarAbrMay,,,,,,40-59,1,Postgrado
2025,4,1847901,1,111,1,1,20250418479011011111,1,1,1,1,2, ,1,66.0,1,19.0,12.0,1958.0,2,1.0,, , , , , , , , , , , , ,1, ,8343.0,5222.0,3,5,1, ,5,2000.0,0.0,0.0,0.0,0.0,0.0,0.0,0.0,0.0,,48.0,2,48.0,2, ,2,2,4,6000.0,,, ,, ,, , , , , , , , ,1,3,1,1,2, ,1,1,2, ,2, ,2, ,2, ,2, ,1,1,2, ,2, ,2, ,10,2, ,2,2,2,2,2,2,10,7,1,6000.0, ,,,,,,,1500,6000.0,6000.0,7500.0,1,363.273492469455,2025_MarAbrMay,,,,,,60+,1,Superior Univ.
2025,4,26470,1,68,1,1,202401264701006811,1,1,1,1,2, ,1,38.0,1,14.0,12.0,1986.0,1,,, , , , , , , , , , , , ,1, ,2152.0,2710.0,3,5,1, ,4,500.0,0.0,8.0,8.0,8.0,8.0,8.0,0.0,40.0,,40.0,1,,2, ,2,2,4,6000.0,,, ,, ,, , , , , , , , ,1,1,1,1,2, ,2, ,2, ,2, ,2, ,2, ,2, ,1,1,2, ,2, ,2, ,12,2, ,2,2,2,2,2,2,10,7,1,6000.0, ,,,,,,,1500,6000.0,6000.0,7500.0,1,1041.68042376161,2025_MarAbrMay,,,,,,25-39,1,Postgrado
2025,5,20507,1,123,1,1,202505205071012313,1,3,3,1,2, ,2,36.0,3,21.0,8.0,1988.0,1,,, , , , , , , , , , , , ,3, ,2411.0,4659.0,3,5,1, ,4,180.0,0.0,12.0,12.0,8.0,12.0,8.0,0.0,52.0,,52.0,2,48.0,1,2,2,2,4,6000.0,,, ,, ,, , , , , , , , ,1,3,1,1,2, ,1,1,2, ,2, ,2, ,2, ,2, ,1,1,2, ,2, ,2, ,11,5, ,2,2,2,2,2,2,10,7,1,6000.0, ,,,,,,,1500,6000.0,6000.0,7500.0,1,1155.26323719566,2025_MarAbrMay,,,,,,25-39,1,Superior Univ.
2025,5,26398,1,88,1,1,202502263981008813,1,3,3,1,2, ,2,35.0,1,3.0,2.0,1990.0,1,,, , , , , , , , , , , , ,3, ,4416.0,8413.0,3,2, , ,5,9998.0,0.0,8.0,8.0,8.0,8.0,8.0,0.0,40.0,,40.0,1,,2, ,2,2,4,6000.0,,, ,, ,, , , , , , , , ,1,1,1,1,2, ,2, ,2, ,2, ,2, ,2, ,2, ,1,1,2, ,2, ,2, ,11,5, ,2,2,2,2,2,2,10,6,1,6000.0, ,,,,,,,1500,6000.0,6000.0,7500.0,1,969.75558195161,2025_MarAbrMay,,,,,,25-39,1,Superior Univ.
2025,5,26466,1,57,1,1,202402264661005713,1,3,3,1,2, ,2,50.0,3,28.0,7.0,1974.0,1,,, , , , , , , , , , , , ,3, ,2212.0,8610.0,3,5,1, ,5,600.0,0.0,12.0,0.0,12.0,0.0,12.0,0.0,36.0,,36.0,1,,2, ,2,2,4,6000.0,,, ,, ,, , , , , , , , ,1,1,1,1,2, ,2, ,2, ,2, ,2, ,2, ,2, ,1,1,2, ,2, ,2, ,11,7, ,2,2,2,2,2,2,10,7,1,6000.0, ,,,,,,,1500,6000.0,6000.0,7500.0,1,766.077102611352,2025_MarAbrMay,,,,,,40-59,1,Superior Univ.
2025,5,2528402,1,11,1,1,20250525284021001111,1,1,1,1,2, ,1,65.0,1,9.0,9.0,1959.0,1,,, , , , , , , , , , , , ,1, ,2611.0,8411.0,3,2, , ,5,9998.0,0.0,8.0,8.0,8.0,8.0,8.0,0.0,40.0,,40.0,1,,1,1,1,2,4,6000.0,,, ,, ,, , , , , , , , ,1,1,1,1,2, ,2, ,2, ,2, ,2, ,2, ,2, ,1,1,2, ,2, ,2, ,12,2, ,2,2,2,2,2,2,10,5,1,6000.0, ,,,,,,,1500,6000.0,6000.0,7500.0,1,821.247479441604,2025_MarAbrMay,,,,,,60+,1,Postgrado
2025,5,2653302,1,51,1,1,20250526533021005111,1,1,1,1,2, ,2,49.0,1,23.0,1.0,1976.0,1,,, , , , , , , , , , , , ,1, ,2142.0,7110.0,3,5,1, ,2,40.0,0.0,10.0,10.0,10.0,10.0,10.0,0.0,50.0,,50.0,1,,1,1,1,2,4,6000.0,,, ,, ,, , , , , , , , ,1,3,1,1,2, ,1,1,2, ,2, ,2, ,2, ,2, ,1,1,2, ,2, ,2, ,11,5, ,2,2,2,2,2,2,10,7,1,6000.0, ,,,,,,,1500,6000.0,6000.0,7500.0,1,816.083630181052,2025_MarAbrMay,,,,,,40-59,1,Superior Univ.
2025,5,2693901,1,17,1,1,20240226939011001711,1,1,1,1,2, ,1,68.0,1,30.0,1.0,1957.0,1,,, , , , , , , , , , , , ,1, ,2421.0,6492.0,3,5,1, ,5,9998.0,0.0,8.0,8.0,8.0,8.0,8.0,0.0,40.0,,40.0,1,,2, ,2,2,4,6000.0,,, ,, ,, , , , , , , , ,1,3,1,1,2, ,1,1,2, ,2, ,2, ,2, ,2, ,1,1,2, ,2, ,2, ,12,2, ,2,2,2,2,2,2,10,8,1,6000.0, ,,,,,,,1500,6000.0,6000.0,7500.0,1,862.626048546275,2025_MarAbrMay,,,,,,60+,1,Postgrado
2025,3,18045,1,80,1,1,202412180451008011,1,1,1,1,2, ,1,38.0,1,26.0,3.0,1986.0,1,,, , , , , , , , , , , , ,1, ,2330.0,8521.0,3,2, , ,5,9998.0,0.0,8.0,8.0,8.0,8.0,8.0,0.0,40.0,30.0,70.0,1,,1,1,1,2,4,3100.0,,, ,3100.0, ,, , , , , , , , ,1,1,1,1,2, ,2, ,2, ,2, ,2, ,2, ,2, ,2, ,1,1,2, ,2, ,12,2, ,2,2,2,2,2,2,10,7,1,3100.0, ,,,3100.0,,,,1293,6200.0,3100.0,7493.0,1,1021.29985661668,2025_MarAbrMay,,,,,,25-39,1,Postgrado
2025,4,29135,1,22,1,1,202504291351002211,1,1,1,1,2, ,1,45.0,1,19.0,9.0,1979.0,1,,, , , , , , , , , , , , ,1, ,2320.0,2395.0,3,5,1, ,4,400.0,0.0,8.0,8.0,8.0,0.0,0.0,0.0,24.0,,40.0,2,40.0,2, ,2,2,4,6000.0,100.0,, ,, ,, , , , , , , , ,1,1,1,1,2, ,2, ,2, ,2, ,2, ,2, ,2, ,1,1,2, ,2, ,2, ,11,5, ,2,2,2,2,2,2,10,7,1,6000.0,433,,,,,,,1050,6433.0,6433.0,7483.0,1,834.244990761236,2025_MarAbrMay,,,,,,40-59,1,Superior Univ.
2025,5,1924402,1,15,1,1,20250519244021001511,1,1,1,1,2, ,1,50.0,1,14.0,12.0,1974.0,1,,, , , , , , , , , , , , ,1, ,7111.0,4100.0,1, ,3,2,1,3.0,0.0,8.0,8.0,8.0,8.0,8.0,5.0,45.0,,45.0,1,,2, ,2,2, ,,,, ,, ,, , , , , , , , ,1,5,2, ,2, ,2, ,2, ,1,5,2, ,2, ,2, ,1,5,2, ,2, ,2, ,6,5, ,2,2,2,2,2,2,10,7,1,, ,7417.0,,,,,, ,7417.0,7417.0,7417.0,1,696.462875467805,2025_MarAbrMay,,,,,,40-59,1,Secundaria
2025,4,2657901,1,56,1,1,20240426579011005612,1,2,3,1,2, ,1,25.0,2,19.0,5.0,1999.0,1,,, , , , , , , , , , , , ,2, ,2631.0,7020.0,3,5,1, ,4,150.0,0.0,8.0,8.0,8.0,0.0,0.0,0.0,24.0,,40.0,2,40.0,2, ,2,1,4,5200.0,,, ,, ,, , , , , , , , ,1,3,1,1,2, ,1,1,2, ,2, ,2, ,2, ,2, ,1,1,2, ,2, ,2, ,11,5, ,2,2,2,2,2,2,10,7,1,5200.0, ,,,,,,,2216,5200.0,5200.0,7416.0,1,896.653185986354,2025_MarAbrMay,,,,,,25-39,1,Superior Univ.
2025,4,25213,1,26,1,1,202504252131002612,1,2,2,1,2, ,2,39.0,2,31.0,12.0,1985.0,1,,, , , , , , , , , , , , ,2, ,5120.0,5610.0,2, ,2,1,1,2.0,10.0,10.0,10.0,10.0,10.0,10.0,10.0,70.0,,70.0,1,,2, ,2,2, ,,,, ,, ,, , , , , , , , ,2,5,2, ,2, ,2, ,2, ,1,5,2, ,2, ,2, ,2, ,2, ,2, ,2, ,6,5, ,2,2,2,2,2,2,10,7,1,, ,7300.0,50.0,,,,, ,7350.0,7350.0,7350.0,1,726.117482114895,2025_MarAbrMay,,,,,,25-39,1,Secundaria
2025,4,29135,1,27,1,1,202504291351002711,1,1,1,1,2, ,1,37.0,2,6.0,1.0,1988.0,1,,, , , , , , , , , , , , ,1, ,5212.0,4752.0,1, ,1, ,1,4.0,5.0,9.0,9.0,9.0,9.0,9.0,9.0,59.0,,59.0,1,,1,1,1,1, ,,,7000.0,300,, ,, , , , , , , , ,1,1,1,5,2, ,2, ,2, ,2, ,2, ,2, ,2, ,1,5,2, ,2, ,2, ,11,5, ,2,2,2,2,2,2,10,7,1,, ,7000.0,300.0,,,,, ,7300.0,7300.0,7300.0,1,1015.41010132133,2025_MarAbrMay,,,,,,25-39,1,Superior Univ.
2025,4,25753,2,60,1,1,202504257532006011,1,1,1,1,2, ,1,36.0,1,29.0,3.0,1989.0,1,,, , , , , , , , , , , , ,1, ,2142.0,7110.0,2, ,1, ,1,1.0,0.0,10.0,10.0,10.0,10.0,10.0,6.0,56.0,,56.0,1,,2, ,2,2, ,,,7000.0,300,, ,, , , , , , , , ,1,5,2, ,2, ,2, ,2, ,1,5,2, ,2, ,2, ,2, ,2, ,2, ,2, ,11,5, ,2,2,2,2,2,2,10,7,1,, ,7000.0,300.0,,,,, ,7300.0,7300.0,7300.0,1,495.433372587806,2025_MarAbrMay,,,,,,25-39,1,Superior Univ.
2025,3,17919,1,99,1,1,202403179191009912,1,2,3,1,2, ,1,19.0,2,21.0,3.0,2006.0,1,,, , , , , , , , , , , , ,2, ,3421.0,9312.0,3,5,1, ,2,30.0,0.0,2.0,0.0,0.0,2.0,2.0,2.0,8.0,,8.0,1,,1,2,2,2,4,7000.0,60.0,, ,, ,, , , , , , , , ,1,6,2, ,2, ,2, ,2, ,2, ,2, ,2, ,2, ,2, ,2, ,2, ,2, ,6,5, ,2,2,2,2,2,2,10,7,1,7000.0,260,,,,,,, ,7260.0,7260.0,7260.0,1,447.716484323737,2025_MarAbrMay,,,,,,15-24,0,Secundaria
2025,5,27293,1,144,1,1,202505272931014412,1,2,3,1,2, ,2,33.0,2,25.0,1.0,1992.0,1,,, , , , , , , , , , , , ,2, ,4110.0,8291.0,3,5,1, ,2,30.0,0.0,8.0,8.0,8.0,0.0,8.0,0.0,32.0,,32.0,1,,2, ,2,2,4,6000.0,,, ,, ,, , , , , , , , ,1,1,1,1,2, ,2, ,2, ,2, ,2, ,2, ,2, ,1,1,2, ,2, ,2, ,11,6, ,2,2,2,2,2,2,10,7,1,6000.0, ,,,,,,,1251,6000.0,6000.0,7251.0,1,1201.31173143257,2025_MarAbrMay,,,,,,25-39,1,Superior Univ.
2025,4,2416602,1,50,1,1,20240124166021005014,1,4,4,1,2, ,1,44.0,3,8.0,1.0,1981.0,1,,, , , , , , , , , , , , ,4, ,2211.0,8610.0,3,2, , ,5,9998.0,6.0,12.0,12.0,12.0,12.0,12.0,12.0,78.0,7.0,85.0,1,,2, ,2,2,4,5200.0,,, ,, ,2000.0, , , , , , , , ,1,1,1,1,2, ,2, ,2, ,2, ,2, ,2, ,2, ,1,1,2, ,2, ,2, ,11,7, ,2,2,2,2,2,2,10,7,1,5200.0, ,,,,2000.0,,,50,7200.0,5200.0,7250.0,1,1127.38990642293,2025_MarAbrMay,,,,,,40-59,1,Superior Univ.
2025,3,29575,1,5,1,1,202503295751000511, ,1,1,1,2, ,1,59.0,2,15.0,11.0,1965.0,1,,, , , , , , , , , , , , ,1, ,3121.0,729.0,3,5,1, ,5,9990.0,8.0,8.0,8.0,8.0,8.0,8.0,8.0,56.0,,56.0,1,,2, ,2,2,4,6000.0,1200.0,, ,, ,, , , , , , , , ,1,3,1,2,2, ,1,1,2, ,2, ,2, ,2, ,2, ,1,1,2, ,2, ,2, ,12,2, ,2,2,2,2,2,2,10,1,1,6000.0,1200,,,,,,, ,7200.0,7200.0,7200.0,1,945.347793839681,2025_MarAbrMay,,,,,,40-59,1,Postgrado
2024,4,1797501,1,49,1,1,20240417975011004911,1,1,1,1,2, ,2,51.0,1,20.0,9.0,1972.0,1,,, , , , , , , , , , , , ,1, ,9412.0,5610.0,3,5,2,1,1,5.0,0.0,8.0,8.0,8.0,0.0,0.0,8.0,32.0,,48.0,2,48.0,2, ,2,2,2,300.0,20.0,, ,, ,, , , , , , , , ,1,5,2, ,2, ,2, ,2, ,1,5,2, ,2, ,2, ,2, ,1,5,2, ,2, ,9,3, ,2,2,2,2,2,2,10,7,1,1299.0,600,,,,,,, ,1899.0,1899.0,1899.0,1,,2024_AbrMayJun,448.739003125204,,,,,40-59,0,
2024,4,1797501,1,49,1,1,20240417975011004912,1,2,2,1,2, ,1,48.0,2,4.0,6.0,1975.0,1,,, , , , , , , , , , , , ,2, ,8322.0,4922.0,2, ,3,2,1,1.0,10.0,10.0,0.0,10.0,10.0,10.0,10.0,60.0,,60.0,1,,2, ,2,2, ,,,, ,, ,, , , , , , , , ,1,5,2, ,2, ,2, ,2, ,1,5,2, ,2, ,2, ,2, ,1,5,2, ,2, ,6,5, ,2,2,2,2,2,2,10,7,1,, ,1445.0,,,,,, ,1445.0,1445.0,1445.0,1,,2024_AbrMayJun,528.082666723265,,,,,40-59,0,
2024,4,1797501,1,49,1,1,20240417975011004913,1,3,8,1,2, ,1,18.0,3,8.0,4.0,2005.0,1,,, , , , , , , , , , , , ,3, ,5230.0,5610.0,3,5,2,1,1,9.0,0.0,7.0,7.0,7.0,7.0,7.0,7.0,42.0,,42.0,1,,2, ,2,2,2,105.0,27.0,, ,, ,, , , , , , , , ,1,6,2, ,2, ,2, ,2, ,2, ,2, ,2, ,2, ,2, ,2, ,2, ,2, ,10,1, ,2,2,2,2,2,2,10,6,1,455.0,810,,,,,,, ,1265.0,1265.0,1265.0,1,,2024_AbrMayJun,497.79629253589,,,,,15-24,0,
2024,4,1797501,1,50,1,1,20240417975011005011,1,1,1,1,2, ,1,49.0,1,18.0,7.0,1974.0,1,,, , , , , , , , , , , , ,1, ,7421.0,9522.0,2, ,3,2,1,1.0,0.0,5.0,5.0,5.0,0.0,0.0,3.0,18.0,,34.0,2,34.0,2, ,2,2, ,,,, ,, ,, , , , , , , , ,1,5,2, ,2, ,2, ,2, ,1,5,2, ,2, ,2, ,1,5,2, ,2, ,2, ,6,5, ,2,2,2,2,2,2,10,6,1,, ,739.0,,,,,, ,739.0,739.0,739.0,1,,2024_AbrMayJun,528.082666723265,,,,,40-59,0,
2024,4,1797501,1,50,1,1,20240417975011005012,1,2,2,1,2, ,2,47.0,2,,,1977.0,1,,, , , , , , , , , , , , ,2, ,9111.0,9700.0,6, , , ,1,1.0,0.0,12.0,0.0,12.0,0.0,12.0,12.0,48.0,14.0,62.0,1,,2, ,2,2,2,280.0,32.0,, ,, ,450.0, , , , , , , , ,1,5,2, ,2, ,2, ,2, ,1,5,2, ,2, ,2, ,2, ,2, ,2, ,2, ,5,3, ,2,2,2,2,2,2,10,7,1,1212.0,960,,,,450.0,,, ,2622.0,2172.0,2622.0,1,,2024_AbrMayJun,448.739003125204,,,,,40-59,0,
2024,4,1797501,1,50,1,1,20240417975011005013,1,3,3,1,2, ,1,27.0,3,9.0,2.0,1997.0,1,,, , , , , , , , , , , , ,3, ,2655.0,9000.0,3,5,1, ,1,15.0,3.0,0.0,0.0,0.0,3.0,3.0,3.0,12.0,11.0,27.0,2,27.0,1,1,1,2,4,1200.0,,, ,1000.0, ,, , , , , , , , ,1,5,2, ,2, ,2, ,2, ,1,5,2, ,2, ,2, ,2, ,2, ,2, ,2, ,10,4, ,2,2,2,2,2,2,10,7,1,1200.0, ,,,1000.0,,,, ,2200.0,1200.0,2200.0,1,,2024_AbrMayJun,564.314408775868,,,,,25-39,0,
2024,4,1797501,1,50,1,1,20240417975011005014,1,4,3,1,2, ,1,13.0, ,,,, ,,, , , , , , , , , , , , , , ,,, , , , , ,,,,,,,,,,,, ,, , , , , ,,,, ,, ,, , , , , , , , , , , , , , , , , , , , , , , , , , , , , , , , , , , , , , , , , , , , , , ,, ,,,,,,, ,,,,1,,2024_AbrMayJun, ,,,,,0-14,0,
2024,4,1797501,1,51,1,1,20240417975011005111,1,1,1,1,2, ,1,70.0,1,4.0,11.0,1953.0,1,,, , , , , , , , , , , , ,1, ,9533.0,4789.0,2, ,3,2,1,1.0,5.0,7.0,2.0,7.0,7.0,7.0,6.0,41.0,,41.0,1,,2, ,2,2, ,,,, ,, ,, , , , , , , , ,1,5,2, ,2, ,2, ,2, ,1,5,2, ,2, ,2, ,2, ,2, ,2, ,2, ,4,5, ,2,2,2,1,2,2,10,7,1,, ,634.0,,,,,, ,634.0,634.0,634.0,1,,2024_AbrMayJun,528.082666723265,,,,,60+,0,
2024,4,18495,1,86,1,1,202404184951008611,1,1,1,1,2, ,1,34.0,1,19.0,6.0,1989.0,1,,, , , , , , , , , , , , ,1, ,8331.0,4921.0,2, ,3,2,1,1.0,10.0,14.0,14.0,9.0,9.0,9.0,9.0,74.0,,74.0,1,,2, ,2,2, ,,,, ,, ,, , , , , , , , ,1,5,2, ,2, ,2, ,2, ,1,5,2, ,2, ,2, ,2, ,2, ,2, ,2, ,6,5, ,2,2,2,2,2,2,10,7,1,, ,2730.0,,,,,, ,2730.0,2730.0,2730.0,1,,2024_AbrMayJun,480.027021178262,,,,,25-39,0,
2024,4,18495,1,86,1,1,202404184951008612,1,2,2,1,2, ,2,37.0,2,20.0,3.0,1987.0,2,2.0,2.0,2,2,2,2,2,2,2,2,2,2,2,2,2,2,,, , , , , ,,,,,,,,,,,, ,, , , , , ,,,, ,, ,, ,2,5,2,2,6, , ,1,5,2, ,2, ,2, ,2, ,1,5,2, ,2, ,2, ,1,5,2, ,2, ,2, ,9,3, ,2,2,2,2,2,2,10,7,4,, ,,,,,,, ,,,,1,,2024_AbrMayJun,506.22815908713,,,,,25-39,0,
2024,4,18495,1,86,1,1,202404184951008613,1,3,3,1,2, ,2,3.0, ,,,, ,,, , , , , , , , , , , , , , ,,, , , , , ,,,,,,,,,,,, ,, , , , , ,,,, ,, ,, , , , , , , , , , , , , , , , , , , , , , , , , , , , , , , , , , , , , , , , , , , , , , ,, ,,,,,,, ,,,,1,,2024_AbrMayJun, ,,,,,0-14,0,
2024,4,18495,1,86,1,1,202404184951008614,1,4,3,1,2, ,2,, ,,,, ,,, , , , , , , , , , , , , , ,,, , , , , ,,,,,,,,,,,, ,, , , , , ,,,, ,, ,, , , , , , , , , , , , , , , , , , , , , , , , , , , , , , , , , , , , , , , , , , , , , , ,, ,,,,,,, ,,,,1,,2024_AbrMayJun, ,,,,,,0,
2024,4,18495,1,86,1,1,202404184951008615,1,5,6,1,1, ,1,62.0, ,,,, ,,, , , , , , , , , , , , , , ,,, , , , , ,,,,,,,,,,,, ,, , , , , ,,,, ,, ,, , , , , , , , , , , , , , , , , , , , , , , , , , , , , , , , , , , , , , , , , , , , , , ,, ,,,,,,, ,,,,0,,2024_AbrMayJun, ,,,,,60+,0,
2024,4,18495,1,86,1,1,202404184951008616,1,6,11,1,2, ,1,41.0,6,2.0,5.0,1982.0,1,,, , , , , , , , , , , , ,6, ,5132.0,5610.0,3,5,1, ,3,70.0,8.0,0.0,8.0,8.0,8.0,8.0,8.0,48.0,,48.0,1,,2, ,2,2,4,2000.0,60.0,, ,, ,, , , , , , , , ,1,1,1,1,2, ,2, ,2, ,2, ,2, ,2, ,2, ,1,1,2, ,2, ,2, ,9,3, ,2,2,2,2,2,2,10,7,1,2000.0,260,,,,,,,501,2260.0,2260.0,2761.0,1,,2024_AbrMayJun,480.027021178262,,,,,40-59,0,
2024,4,18495,1,197,1,1,202404184951019711,1,1,1,1,2, ,1,48.0,1,5.0,2.0,1976.0,1,,, , , , , , , , , , , , ,1, ,9412.0,5610.0,4, ,3,2,1,4.0,0.0,10.0,10.0,10.0,0.0,0.0,10.0,40.0,,60.0,2,60.0,2, ,2, , ,,,, ,, ,, , , , , , , , ,1,5,2, ,2, ,2, ,2, ,1,5,2, ,2, ,2, ,2, ,2, ,2, ,2, ,8,2, ,2,2,2,2,2,2,1,7,1,, ,,,,,,, ,,,,1,,2024_AbrMayJun,449.206941203097,,,,,40-59,0,
2024,4,18495,1,197,1,1,202404184951019712,1,2,2,1,2, ,2,49.0,2,1.0,4.0,1975.0,1,,, , , , , , , , , , , , ,2, ,9411.0,5610.0,1, ,3,2,1,4.0,0.0,10.0,10.0,10.0,0.0,0.0,10.0,40.0,,60.0,2,60.0,2, ,2,2, ,,,, ,, ,, , , , , , , , ,1,5,2, ,2, ,2, ,2, ,1,5,2, ,2, ,2, ,2, ,2, ,2, ,2, ,5,2, ,2,2,2,2,2,2,1,1,1,, ,2764.0,650.0,,,,, ,3414.0,3414.0,3414.0,1,,2024_AbrMayJun,381.714242285543,,,,,40-59,0,
2024,4,18495,1,197,1,1,202404184951019713,1,3,3,1,2, ,1,20.0,3,7.0,1.0,2004.0,1,,, , , , , , , , , , , , ,3, ,9412.0,5610.0,4, ,3,2,1,4.0,0.0,10.0,10.0,10.0,0.0,0.0,10.0,40.0,,60.0,2,60.0,2, ,2, , ,,,, ,, ,, , , , , , , , ,1,5,2, ,2, ,2, ,2, ,1,5,2, ,2, ,2, ,2, ,2, ,2, ,2, ,10,2, ,2,2,2,2,2,2,10,7,1,, ,,,,,,, ,,,,1,,2024_AbrMayJun,423.444214330691,,,,,15-24,0,
2024,4,18495,1,197,1,1,202404184951019714,1,4,3,1,2, ,1,13.0, ,,,, ,,, , , , , , , , , , , , , , ,,, , , , , ,,,,,,,,,,,, ,, , , , , ,,,, ,, ,, , , , , , , , , , , , , , , , , , , , , , , , , , , , , , , , , , , , , , , , , , , , , , ,, ,,,,,,, ,,,,1,,2024_AbrMayJun, ,,,,,0-14,0,
2024,4,18495,1,197,1,1,202404184951019715,1,5,8,1,2, ,1,20.0,5,4.0,9.0,2003.0,1,,, , , , , , , , , , , , ,5, ,9412.0,5610.0,3,5,3,2,1,4.0,0.0,10.0,10.0,10.0,0.0,0.0,10.0,40.0,,60.0,2,60.0,2, ,2,2,2,150.0,20.0,, ,, ,, , , , , , , , ,2,5,2, ,2, ,2, ,2, ,1,5,2, ,2, ,2, ,2, ,2, ,2, ,2, ,8,1, ,2,2,2,2,2,2,10,7,1,650.0,600,,,,,,, ,1250.0,1250.0,1250.0,1,,2024_AbrMayJun,423.444214330691,,,,,15-24,0,
2024,4,18495,1,200,1,1,202404184951020011,1,1,1,1,2, ,2,64.0,1,16.0,2.0,1960.0,1,,, , , , , , , , , , , , ,1, ,4417.0,8430.0,3,2, , ,5,9998.0,0.0,8.0,8.0,8.0,8.0,8.0,0.0,40.0,,40.0,1,,2, ,2,2,4,2000.0,,, ,, ,, , , , , , , , ,1,1,1,1,2, ,2, ,2, ,2, ,2, ,2, ,2, ,1,1,2, ,2, ,2, ,9,3, ,2,2,2,2,2,2,10,7,1,2000.0, ,,,,,,,50,2000.0,2000.0,2050.0,1,,2024_AbrMayJun,381.714242285543,,,,,60+,0,
2024,4,18495,1,200,1,1,202404184951020012,1,2,3,1,2, ,2,40.0,2,21.0,6.0,1983.0,2,2.0,2.0,2,2,2,2,2,2,2,2,2,2,2,2,2,2,,, , , , , ,,,,,,,,,,,, ,, , , , , ,,,, ,, ,, ,1,5,1,1,13,7,4,1,1,1,2,2, ,2, ,2, ,2, ,2, ,2, ,2, ,1,2,2, ,2, ,2, ,11,6, ,2,2,2,2,2,2,10,7,2,, ,,,,,,, ,,,,1,,2024_AbrMayJun,506.22815908713,,,,,40-59,0,
2024,4,18495,1,200,1,1,202404184951020013,1,3,5,1,2, ,2,5.0, ,,,, ,,, , , , , , , , , , , , , , ,,, , , , , ,,,,,,,,,,,, ,, , , , , ,,,, ,, ,, , , , , , , , , , , , , , , , , , , , , , , , , , , , , , , , , , , , , , , , , , , , , , ,, ,,,,,,, ,,,,1,,2024_AbrMayJun, ,,,,,0-14,0,
2024,4,18574,1,58,1,1,202404185741005811,1,1,1,1,2, ,2,61.0,1,19.0,6.0,1962.0,1,,, , , , , , , , , , , , ,1, ,4224.0,8610.0,3,2, , ,5,9998.0,0.0,6.0,6.0,6.0,0.0,0.0,0.0,18.0,,36.0,2,36.0,2, ,2,2,4,2800.0,,, ,, ,, , , , , , , , ,2,1,1,1,2, ,2, ,2, ,2, ,2, ,2, ,2, ,1,1,2, ,2, ,2, ,6,5, ,2,2,2,2,2,2,10,7,1,2800.0, ,,,,,,,83,2800.0,2800.0,2883.0,1,,2024_AbrMayJun,412.742796348657,,,,,60+,0,
2024,4,18574,1,58,1,1,202404185741005812,1,2,2,1,2, ,1,63.0,2,4.0,7.0,1960.0,1,,, , , , , , , , , , , , ,2, ,3512.0,9511.0,2, ,2,2,1,1.0,0.0,6.0,3.0,0.0,6.0,3.0,0.0,18.0,,18.0,1,,1,1,1,1, ,,,, ,, ,, , , , , , , , ,1,1,1,4,2, ,2, ,2, ,2, ,2, ,2, ,2, ,1,5,2, ,2, ,2, ,9,3, ,2,2,2,2,2,2,10,7,1,, ,1700.0,,,,,, ,1700.0,1700.0,1700.0,1,,2024_AbrMayJun,485.721800531347,,,,,60+,0,
2024,4,18574,1,58,1,1,202404185741005813,1,3,3,1,2, ,1,29.0,3,5.0,11.0,1994.0,1,,, , , , , , , , , , , , ,3, ,5120.0,5610.0,3,5,1, ,1,14.0,0.0,8.0,8.0,8.0,8.0,8.0,6.0,46.0,,46.0,1,,2, ,2,2,4,2000.0,120.0,, ,, ,, , , , , , , , ,1,1,1,1,2, ,2, ,2, ,2, ,2, ,2, ,2, ,1,1,2, ,2, ,2, ,9,3, ,2,2,2,2,2,2,10,7,1,2000.0,520,,,,,,,501,2520.0,2520.0,3021.0,1,,2024_AbrMayJun,519.047164333526,,,,,25-39,0,
2024,4,18574,1,60,1,1,202404185741006011,1,1,1,1,2, ,2,78.0,1,23.0,6.0,1945.0,2,2.0,2.0,2,2,2,2,2,2,2,2,2,2,2,2,1,2,,, , , , , ,,,,,,,,,,,, ,, , , , , ,,,, ,, ,, ,2,6,2,2,3, , ,1,1,1,4,2, ,2, ,2, ,2, ,2, ,2, ,2, ,2, ,2, ,2, ,2, ,6,5, ,2,2,2,2,2,2,10,7,4,, ,,,,,,, ,,,,1,,2024_AbrMayJun,412.742796348657,,,,,60+,0,
2024,4,18574,1,61,1,1,202404185741006111,1,1,1,1,2, ,1,48.0,1,18.0,3.0,1976.0,1,,, , , , , , , , , , , , ,1, ,8322.0,4922.0,2, ,3,2,1,1.0,0.0,9.0,9.0,9.0,9.0,9.0,0.0,45.0,,45.0,1,,2, ,2,2, ,,,, ,, ,, , , , , , , , ,1,2,2, ,2, ,1,2,2, ,2, ,2, ,2, ,2, ,1,5,2, ,2, ,2, ,9,3, ,2,2,2,2,2,2,10,7,1,, ,2918.0,,,,,, ,2918.0,2918.0,2918.0,1,,2024_AbrMayJun,485.721800531347,,,,,40-59,0,
2024,4,18574,1,61,1,1,202404185741006112,1,2,2,1,2, ,2,48.0,2,14.0,1.0,1976.0,1,,, , , , , , , , , , , , ,2, ,4110.0,6511.0,3,2, , ,5,9998.0,0.0,8.0,8.0,8.0,8.0,8.0,0.0,40.0,,40.0,1,,2, ,2,2,4,5000.0,75.0,, ,, ,, , , , , , , , ,1,3,1,1,1,2,2, ,2, ,2, ,2, ,2, ,2, ,1,1,2, ,2, ,2, ,11,5, ,2,2,2,2,2,2,10,7,1,5000.0,325,,,,,,,50,5325.0,5325.0,5375.0,1,,2024_AbrMayJun,412.742796348657,,,,,40-59,0,
2024,4,18574,1,61,1,1,202404185741006113,1,3,3,1,2, ,1,19.0,3,1.0,4.0,2005.0,2,2.0,2.0,2,2,2,2,2,2,2,2,2,2,2,2,3,2,,, , , , , ,,,,,,,,,,,, ,, , , , , ,,,, ,, ,, ,2,4,1,2,5, , ,2,3,1,4,1,4,2, ,2, ,2, ,2, ,2, ,2, ,2, ,2, ,2, ,2, ,10,2, ,2,2,2,2,2,2,10,7,4,, ,,,,,,, ,,,,1,,2024_AbrMayJun,457.864888860419,,,,,15-24,0,
2024,4,18574,1,61,1,1,202404185741006114,1,4,3,1,2, ,2,17.0,4,5.0,10.0,2006.0,2,2.0,2.0,2,2,2,2,2,2,2,2,2,2,2,2,4,2,,, , , , , ,,,,,,,,,,,, ,, , , , , ,,,, ,, ,, ,2,4,2,2,5, , ,2,3,1,4,1,4,2, ,2, ,2, ,2, ,2, ,2, ,2, ,2, ,2, ,2, ,6,5, ,2,2,2,2,2,2,10,7,4,, ,,,,,,, ,,,,1,,2024_AbrMayJun,484.643449709979,,,,,15-24,0,
2024,4,18574,1,173,1,1,202404185741017311,1,1,1,1,2, ,1,66.0,1,18.0,12.0,1957.0,2,2.0,2.0,2,2,2,2,2,2,2,2,2,2,2,2,1,2,,, , , , , ,,,,,,,,,,,, ,, , , , , ,,,, ,, ,, ,1,5,1,1,13,5,3,1,1,1,4,2, ,2, ,2, ,2, ,2, ,2, ,2, ,2, ,1,5,2, ,2, ,6,5, ,2,2,2,2,2,2,10,9,2,, ,,,,,,, ,,,,1,,2024_AbrMayJun,485.721800531347,,,,,60+,0,
2024,4,17262,1,35,1,1,202404172621003511,1,1,1,1,2, ,1,37.0,1,20.0,2.0,1987.0,1,,, , , , , , , , , , , , ,1, ,7322.0,3100.0,3,5,2,2,1,3.0,0.0,0.0,8.0,0.0,0.0,8.0,0.0,16.0,,40.0,2,40.0,1,1,1,1,2,160.0,,, ,, ,, , , , , , , , ,1,5,2, ,2, ,2, ,2, ,1,5,2, ,2, ,2, ,2, ,2, ,2, ,2, ,5,2, ,2,2,2,2,2,2,1,1,1,693.0, ,,,,,,, ,693.0,693.0,693.0,1,,2024_AbrMayJun,405.725419165275,,,,,25-39,0,
2024,4,17262,1,35,1,1,202404172621003512,1,2,2,1,2, ,2,45.0,2,20.0,3.0,1979.0,1,,, , , , , , , , , , , , ,2, ,9111.0,9700.0,6, , , ,1,1.0,0.0,0.0,7.0,7.0,7.0,0.0,0.0,21.0,,21.0,1,,1,1,1,2,4,1000.0,15.0,, ,, ,, , , , , , , , ,2,5,2, ,2, ,2, ,2, ,1,5,2, ,2, ,2, ,2, ,2, ,2, ,2, ,6,5, ,2,2,2,2,2,2,1,1,1,1000.0,450,,,,,,, ,1450.0,1450.0,1450.0,1,,2024_AbrMayJun,322.630110639428,,,,,40-59,0,
2024,4,17262,1,35,1,1,202404172621003513,1,3,3,1,2, ,2,16.0,3,15.0,12.0,2007.0,2,2.0,2.0,2,2,2,2,2,2,2,2,2,2,2,2,3,2,,, , , , , ,,,,,,,,,,,, ,, , , , , ,,,, ,, ,, ,2,4,2,2,5, , ,2,5,2, ,2, ,2, ,2, ,1,5,2, ,2, ,2, ,2, ,2, ,2, ,2, ,5,4, ,2,2,2,2,2,2,10,7,4,, ,,,,,,, ,,,,1,,2024_AbrMayJun,378.832946774247,,,,,15-24,0,
2024,4,17262,1,35,1,1,202404172621003514,1,4,3,1,2, ,2,14.0,4,10.0,8.0,2009.0,2,2.0,2.0,2,2,2,2,2,2,2,2,2,2,2,2,4,2,,, , , , , ,,,,,,,,,,,, ,, , , , , ,,,, ,, ,, ,2,4,2,2,5, , ,2,5,2, ,2, ,2, ,2, ,1,5,2, ,2, ,2, ,2, ,2, ,2, ,2, ,5,2, ,2,2,2,2,2,2,10,7,4,, ,,,,,,, ,,,,1,,2024_AbrMayJun,378.832946774247,,,,,0-14,0,
2024,4,17262,1,35,1,1,202404172621003515,1,5,3,1,2, ,1,10.0, ,,,, ,,, , , , , , , , , , , , , , ,,, , , , , ,,,,,,,,,,,, ,, , , , , ,,,, ,, ,, , , , , , , , , , , , , , , , , , , , , , , , , , , , , , , , , , , , , , , , , , , , , , ,, ,,,,,,, ,,,,1,,2024_AbrMayJun, ,,,,,0-14,0,
2024,4,17262,1,38,1,1,202404172621003811,1,1,1,1,2, ,1,71.0,1,29.0,10.0,1952.0,2,2.0,2.0,2,2,2,2,2,2,2,2,2,2,2,2,1,2,,, , , , , ,,,,,,,,,,,, ,, , , , , ,,,, ,, ,, ,1,3,1,1,13,5,2,1,5,2, ,2, ,2, ,2, ,1,5,2, ,2, ,2, ,2, ,2, ,2, ,2, ,6,5, ,2,2,2,2,2,2,10,7,2,, ,,,,,,, ,,,,1,,2024_AbrMayJun,379.675865046555,,,,,60+,0,
2024,4,17262,1,38,1,1,202404172621003812,1,2,3,1,2, ,2,19.0,2,19.0,5.0,2004.0,2,2.0,2.0,2,2,2,2,2,2,2,2,2,2,2,2,2,2,,, , , , , ,,,,,,,,,,,, ,, , , , , ,,,, ,, ,, ,2,5,1,2,6, , ,1,5,2, ,2, ,2, ,2, ,1,5,2, ,2, ,2, ,2, ,2, ,2, ,2, ,6,5, ,2,2,2,2,2,2,10,7,4,, ,,,,,,, ,,,,1,,2024_AbrMayJun,378.832946774247,,,,,15-24,0,
2024,4,17262,1,38,1,1,202404172621003813,1,3,5,1,2, ,1,4.0, ,,,, ,,, , , , , , , , , , , , , , ,,, , , , , ,,,,,,,,,,,, ,, , , , , ,,,, ,, ,, , , , , , , , , , , , , , , , , , , , , , , , , , , , , , , , , , , , , , , , , , , , , , ,, ,,,,,,, ,,,,1,,2024_AbrMayJun, ,,,,,0-14,0,
2024,4,17262,1,38,1,1,202404172621003814,1,4,5,1,2, ,2,1.0, ,,,, ,,, , , , , , , , , , , , , , ,,, , , , , ,,,,,,,,,,,, ,, , , , , ,,,, ,, ,, , , , , , , , , , , , , , , , , , , , , , , , , , , , , , , , , , , , , , , , , , , , , , ,, ,,,,,,, ,,,,1,,2024_AbrMayJun, ,,,,,0-14,0,
2024,4,17447,1,132,1,1,202404174471013211,1,1,1,1,2, ,2,37.0,1,1.0,7.0,1986.0,1,,, , , , , , , , , , , , ,1, ,3144.0,4322.0,3,5,1, ,5,5000.0,0.0,8.0,8.0,8.0,8.0,8.0,0.0,40.0,,40.0,1,,2, ,2,2,4,1800.0,,, ,, ,, , , , , , , , ,1,1,1,1,2, ,2, ,2, ,2, ,2, ,2, ,2, ,2, ,1,1,2, ,2, ,9,3, ,2,2,2,2,2,2,10,7,1,1800.0, ,,,,,,,459,1800.0,1800.0,2259.0,1,,2024_AbrMayJun,501.825106502392,,,,,25-39,0,
2024,4,17447,1,132,1,1,202404174471013212,1,2,3,1,2, ,2,15.0,2,22.0,11.0,2008.0,2,2.0,2.0,2,2,2,2,2,2,2,2,2,1,2,2,2, ,9412.0,5630.0,4, ,3,2,1,2.0,2.0,2.0,2.0,2.0,2.0,2.0,0.0,12.0,,,1,,2, , , , ,,,, ,, ,, ,2,4,2,2,5, , ,2,1,1,4,2, ,2, ,2, ,2, ,2, ,2, ,2, ,2, ,2, ,2, ,2, ,5,3, ,2,2,2,2,2,2,10,7,4,, ,,,,,,, ,,,,1,,2024_AbrMayJun,444.311235609534,,,,,15-24,0,
2024,4,17447,1,132,1,1,202404174471013213,1,3,6,1,2, ,2,70.0,3,6.0,2.0,1954.0,1,,, , , , , , , , , , , , ,3, ,5120.0,5630.0,2, ,3,2,1,2.0,7.0,7.0,7.0,7.0,7.0,7.0,0.0,42.0,,42.0,1,,2, ,2,2, ,,,, ,, ,, , , , , , , , ,2,1,1,4,2, ,2, ,2, ,2, ,2, ,2, ,2, ,2, ,1,4,2, ,2, ,4,5, ,2,2,2,2,2,2,10,7,1,, ,333.0,13.0,,,,, ,346.0,346.0,346.0,1,,2024_AbrMayJun,378.394182247482,,,,,60+,0,
2024,4,17447,1,132,1,1,202404174471013214,1,4,7,1,2, ,1,58.0,1,15.0,7.0,1965.0,2,2.0,2.0,2,2,2,2,2,2,2,2,2,2,2,2,4,2,,, , , , , ,,,,,,,,,,,, ,, , , , , ,,,, ,, ,, ,2,7,2,2,7, , ,2,5,2, ,2, ,2, ,2, ,1,5,2, ,2, ,2, ,2, ,2, ,2, ,2, ,6,5, ,2,2,2,2,2,2,10,7,4,, ,,,,,,, ,,,,1,,2024_AbrMayJun,445.299845661211,,,,,40-59,0,
2024,4,17447,1,135,1,1,202404174471013511,1,1,1,1,2, ,2,88.0,1,30.0,9.0,1935.0,2,2.0,2.0,2,2,2,2,2,2,2,2,2,2,2,2,1,2,,, , , , , ,,,,,,,,,,,, ,, , , , , ,,,, ,, ,, ,2,5,2,2,3, , ,1,4,2, ,2, ,2, ,1,4,2, ,2, ,2, ,2, ,2, ,2, ,2, ,1,4,4,5, ,2,2,2,2,2,2,10,1,4,, ,,,,,,, ,,,,1,,2024_AbrMayJun,378.394182247482,,,,,60+,0,
2024,4,25034,1,50,1,1,202404250341005011,1,1,1,1,2, ,1,68.0,1,6.0,1.0,1956.0,2,2.0,2.0,2,2,2,2,2,2,2,2,2,2,2,2,1,2,,, , , , , ,,,,,,,,,,,, ,, , , , , ,,,, ,, ,, ,2,6,2,2,7, , ,1,1,1,3,2, ,2, ,2, ,2, ,2, ,2, ,2, ,2, ,1,3,2, ,2, ,6,5, ,1,2,2,2,2,2,10,7,4,, ,,,,,,, ,,,,1,,2024_AbrMayJun,750.770075317899,,,,,60+,0,
2024,4,25034,1,50,1,1,202404250341005012,1,2,2,1,2, ,2,54.0,2,10.0,1.0,1970.0,1,,, , , , , , , , , , , , ,2, ,5112.0,8413.0,3,2, , ,5,9998.0,0.0,7.0,7.0,7.0,0.0,0.0,7.0,28.0,,42.0,2,42.0,1,2,2,1,4,1550.0,,, ,, ,, , , , , , , , ,1,1,1,1,2, ,2, ,2, ,2, ,2, ,2, ,2, ,1,1,2, ,2, ,2, ,6,5, ,2,2,2,2,2,2,10,7,1,1550.0, ,,,,,,,50,1550.0,1550.0,1600.0,1,,2024_AbrMayJun,637.96794783067,,,,,40-59,0,
2024,4,25034,1,50,1,1,202404250341005013,1,3,3,1,2, ,1,29.0,3,21.0,4.0,1994.0,1,,, , , , , , , , , , , , ,3, ,2511.0,8411.0,3,2, , ,5,9998.0,0.0,8.0,8.0,8.0,0.0,0.0,0.0,24.0,,40.0,2,40.0,2, ,2,2,4,4000.0,,, ,, ,, , , , , , , , ,1,1,1,1,2, ,2, ,2, ,2, ,2, ,2, ,2, ,1,1,2, ,2, ,2, ,11,5, ,2,2,2,2,2,2,10,7,1,4000.0, ,,,,,,,50,4000.0,4000.0,4050.0,1,,2024_AbrMayJun,802.280396379026,,,,,25-39,0,
2024,4,25034,1,51,1,1,202404250341005111,1,1,1,1,2, ,1,38.0,1,12.0,9.0,1985.0,1,,, , , , , , , , , , , , ,1, ,9541.0,4789.0,2, ,3,2,1,1.0,7.0,5.0,5.0,5.0,5.0,0.0,0.0,27.0,,42.0,2,42.0,2, ,2,2, ,,,, ,, ,, , , , , , , , ,1,1,1,2,2, ,2, ,2, ,2, ,2, ,2, ,2, ,2, ,1,5,2, ,2, ,6,5, ,2,2,2,2,2,2,10,7,1,, ,2700.0,,,,,, ,2700.0,2700.0,2700.0,1,,2024_AbrMayJun,802.280396379026,,,,,25-39,0,
2024,4,18753,1,7,1,1,202404187531000711,1,1,1,1,2, ,1,70.0,1,30.0,12.0,1953.0,1,,, , , , , , , , , , , , ,1, ,9313.0,4100.0,3,5,3,2,1,2.0,0.0,8.0,8.0,8.0,0.0,0.0,0.0,24.0,,48.0,2,48.0,1,1,1,1,2,180.0,,, ,, ,, , , , , , , , ,1,5,2, ,2, ,2, ,2, ,1,5,2, ,2, ,2, ,2, ,2, ,2, ,2, ,1, , ,2,2,2,2,2,2,1,1,1,779.0, ,,,,,,, ,779.0,779.0,779.0,1,,2024_AbrMayJun,743.900152643022,,,,,60+,0,
2024,4,18753,1,7,1,1,202404187531000712,1,2,2,1,2, ,2,67.0,2,10.0,4.0,1956.0,1,,, , , , , , , , , , , , ,2, ,5212.0,4711.0,2, ,3,2,1,1.0,11.0,11.0,11.0,11.0,11.0,11.0,11.0,77.0,,77.0,1,,2, ,2,2, ,,,, ,, ,, , , , , , , , ,1,5,2, ,2, ,2, ,2, ,1,5,2, ,2, ,2, ,2, ,2, ,2, ,2, ,3,4, ,2,2,2,2,2,2,1,1,1,, ,380.0,65.0,,,,, ,445.0,445.0,445.0,1,,2024_AbrMayJun,632.130221188741,,,,,60+,0,
2024,4,18753,1,7,1,1,202404187531000713,1,3,5,1,2, ,1,19.0,3,31.0,1.0,2005.0,1,,, , , , , , , , , , , , ,3, ,9334.0,4921.0,3,5,3,2,1,2.0,0.0,16.0,16.0,16.0,0.0,0.0,16.0,64.0,,64.0,1,,2, ,2,2,2,180.0,60.0,, ,, ,, , , , , , , , ,1,5,2, ,2, ,2, ,2, ,1,5,2, ,2, ,2, ,2, ,2, ,2, ,2, ,6,5, ,2,2,2,2,2,2,10,7,1,779.0,260,,,,,,, ,1039.0,1039.0,1039.0,1,,2024_AbrMayJun,701.23630510417,,,,,15-24,0,
2024,4,18753,1,8,1,1,202404187531000811,1,1,1,1,2, ,1,54.0,2,13.0,5.0,1969.0,2,2.0,2.0,2,2,2,2,2,2,2,2,2,2,2,2,1,2,,, , , , , ,,,,,,,,,,,, ,, , , , , ,,,, ,, ,, ,1,3,1,1,13,5,2,1,5,2, ,2, ,2, ,2, ,1,5,2, ,2, ,2, ,2, ,2, ,2, ,2, ,6,5, ,2,2,2,2,2,2,10,7,2,, ,,,,,,, ,,,,1,,2024_AbrMayJun,743.900152643022,,,,,40-59,0,
2024,4,18753,1,8,1,1,202404187531000812,1,2,2,1,2, ,2,39.0,2,1.0,10.0,1984.0,2,2.0,2.0,2,2,2,2,2,2,2,2,2,2,2,2,2,2,,, , , , , ,,,,,,,,,,,, ,, , , , , ,,,, ,, ,, ,1,5,1,1,13,5,2,1,5,2, ,2, ,2, ,2, ,1,5,2, ,2, ,2, ,2, ,2, ,2, ,2, ,3, ,3,2,2,2,2,2,2,10,9,2,, ,,,,,,, ,,,,1,,2024_AbrMayJun,838.328997785567,,,,,25-39,0,
2024,4,18753,1,8,1,1,202404187531000813,1,3,3,1,2, ,1,19.0,3,24.0,9.0,2004.0,1,,, , , , , , , , , , , , ,3, ,8331.0,4921.0,1, ,3,2,1,2.0,0.0,0.0,0.0,0.0,14.0,14.0,14.0,42.0,,42.0,1,,1,2,2,2, ,,,, ,, ,, , , , , , , , ,1,5,2, ,2, ,2, ,2, ,1,5,2, ,2, ,2, ,2, ,2, ,2, ,2, ,6,5, ,2,2,2,2,2,2,10,7,1,, ,3587.0,,,,,, ,3587.0,3587.0,3587.0,1,,2024_AbrMayJun,701.23630510417,,,,,15-24,0,
2024,4,18753,1,8,1,1,202404187531000814,1,4,3,1,2, ,1,17.0,4,1.0,9.0,2006.0,1,,, , , , , , , , , , , , ,4, ,9313.0,4100.0,3,5,3,2,1,5.0,0.0,0.0,0.0,0.0,0.0,7.0,7.0,14.0,,14.0,1,,2, ,2,1,2,100.0,30.0,, ,, ,, , , , , , , , ,2,5,2, ,2, ,2, ,2, ,1,5,2, ,2, ,2, ,2, ,2, ,2, ,2, ,5,3, ,2,2,2,2,2,2,10,7,1,433.0,130,,,,,,, ,563.0,563.0,563.0,1,,2024_AbrMayJun,701.23630510417,,,,,15-24,0,
2024,4,18753,1,8,1,1,202404187531000815,1,5,3,1,2, ,1,12.0, ,,,, ,,, , , , , , , , , , , , , , ,,, , , , , ,,,,,,,,,,,, ,, , , , , ,,,, ,, ,, , , , , , , , , , , , , , , , , , , , , , , , , , , , , , , , , , , , , , , , , , , , , , ,, ,,,,,,, ,,,,1,,2024_AbrMayJun, ,,,,,0-14,0,
2024,4,18753,1,8,1,1,202404187531000816,1,6,3,1,2, ,2,10.0, ,,,, ,,, , , , , , , , , , , , , , ,,, , , , , ,,,,,,,,,,,, ,, , , , , ,,,, ,, ,, , , , , , , , , , , , , , , , , , , , , , , , , , , , , , , , , , , , , , , , , , , , , , ,, ,,,,,,, ,,,,1,,2024_AbrMayJun, ,,,,,0-14,0,
2024,4,18753,1,9,1,1,202404187531000911,1,1,1,1,2, ,1,35.0,1,29.0,4.0,1988.0,1,,, , , , , , , , , , , , ,1, ,9313.0,4100.0,3,5,3,2,1,2.0,0.0,8.0,8.0,8.0,8.0,8.0,5.0,45.0,,45.0,1,,1,1,1,1,2,350.0,,, ,, ,, , , , , , , , ,1,5,2, ,2, ,2, ,2, ,1,5,2, ,2, ,2, ,2, ,2, ,2, ,2, ,8,1, ,2,2,2,2,2,2,10,7,1,1516.0, ,,,,,,, ,1516.0,1516.0,1516.0,1,,2024_AbrMayJun,794.939128435762,,,,,25-39,0,
2024,4,18753,1,9,1,1,202404187531000912,1,2,6,1,2, ,2,76.0,2,4.0,4.0,1947.0,2,2.0,2.0,2,2,2,2,2,2,2,2,2,2,2,2,2,2,,, , , , , ,,,,,,,,,,,, ,, , , , , ,,,, ,, ,, ,2,5,2,2,3, , ,1,5,2, ,2, ,2, ,2, ,1,5,2, ,2, ,2, ,2, ,2, ,2, ,2, ,3,4, ,2,2,2,2,2,2,10,1,4,, ,,,,,,, ,,,,1,,2024_AbrMayJun,632.130221188741,,,,,60+,0,
2024,4,18753,1,10,1,1,202404187531001011,1,1,1,1,2, ,2,68.0,1,31.0,8.0,1955.0,1,,, , , , , , , , , , , , ,1, ,5212.0,4721.0,2, ,3,2,1,1.0,11.0,11.0,11.0,11.0,11.0,11.0,11.0,77.0,,77.0,1,,2, ,2,2, ,,,, ,, ,, , , , , , , , ,1,5,2, ,2, ,2, ,2, ,1,5,2, ,2, ,2, ,2, ,2, ,2, ,2, ,4,5, ,2,2,2,2,2,2,1,7,1,, ,297.0,260.0,,,,, ,557.0,557.0,557.0,1,,2024_AbrMayJun,632.130221188741,,,,,60+,0,
2024,4,18753,1,10,1,1,202404187531001012,1,2,5,1,2, ,1,18.0,2,22.0,7.0,2005.0,1,,, , , , , , , , , , , , ,2, ,7231.0,4520.0,3,5,2,2,1,3.0,0.0,9.0,9.0,9.0,0.0,0.0,0.0,27.0,,27.0,1,,2, ,2,2,2,150.0,60.0,, ,, ,, , , , , , , , ,2,5,2, ,2, ,2, ,2, ,1,5,2, ,2, ,2, ,2, ,2, ,2, ,2, ,8,1, ,2,2,2,2,2,2,10,7,1,650.0,260,,,,,,, ,910.0,910.0,910.0,1,,2024_AbrMayJun,701.23630510417,,,,,15-24,0,
2024,4,27680,1,28,1,1,202404276801002811,1,1,1,1,2, ,1,60.0,1,24.0,8.0,1963.0,2,2.0,2.0,2,2,2,2,2,2,2,2,2,2,2,2,1,2,,, , , , , ,,,,,,,,,,,, ,, , , , , ,,,, ,, ,, ,2,6,1,1,3, , ,2,6,2, ,2, ,2, ,2, ,2, ,2, ,2, ,2, ,2, ,2, ,2, ,2, ,10,1, ,2,2,2,2,2,2,10,7,4,, ,,,,,,, ,,,,1,,2024_AbrMayJun,878.950331545819,,,,,60+,0,
2024,4,27680,1,28,1,1,202404276801002812,1,2,3,1,2, ,2,31.0,1,,,1993.0,1,,, , , , , , , , , , , , ,2, ,5142.0,9602.0,3,5,2,1,1,4.0,0.0,10.0,10.0,10.0,6.0,0.0,10.0,46.0,12.0,58.0,1,,2, ,2,2,2,450.0,,, ,, ,700.0, , , , , , , , ,2,6,2, ,2, ,2, ,2, ,2, ,2, ,2, ,2, ,2, ,2, ,2, ,2, ,11,5, ,2,2,2,2,2,2,10,7,1,1949.0, ,,,,700.0,,, ,2649.0,1949.0,2649.0,1,,2024_AbrMayJun,990.522112315916,,,,,25-39,0,
2024,4,27680,1,30,1,1,202404276801003011,1,1,1,1,2, ,2,87.0,1,3.0,5.0,1936.0,2,2.0,2.0,2,2,2,2,2,2,2,2,2,2,2,2,1,2,,, , , , , ,,,,,,,,,,,, ,, , , , , ,,,, ,, ,, ,2,6,2,2,3, , ,1,2,2, ,1,2,2, ,2, ,2, ,2, ,2, ,2, ,2, ,2, ,2, ,2, ,4,5, ,2,2,2,2,2,2,10,5,4,, ,,,,,,, ,,,,1,,2024_AbrMayJun,746.889304323881,,,,,60+,0,
2024,4,2442801,1,14,1,1,20240424428011001411,1,1,1,1,2, ,1,56.0,1,11.0,11.0,1967.0,1,,, , , , , , , , , , , , ,1, ,7234.0,3312.0,2, ,2,2,1,1.0,3.0,3.0,3.0,3.0,0.0,0.0,0.0,12.0,33.0,45.0,1,,1,1,1,2, ,,,, ,, ,1800.0, , , , , , , , ,1,5,2, ,2, ,2, ,2, ,1,5,2, ,2, ,2, ,1,5,2, ,2, ,2, ,11,5, ,2,2,2,2,2,2,10,7,1,, ,1515.0,,,1800.0,,, ,3315.0,1515.0,3315.0,1,,2024_AbrMayJun,745.993542859633,,,,,40-59,0,
2024,4,2442801,1,14,1,1,20240424428011001412,1,2,3,1,2, ,2,35.0,2,26.0,3.0,1989.0,1,,, , , , , , , , , , , , ,2, ,3257.0,8610.0,3,5,1, ,5,579.0,0.0,5.0,8.0,8.0,0.0,0.0,0.0,21.0,,21.0,1,,1,1,1,2,4,5000.0,,, ,, ,, , , , , , , , ,1,1,1,1,2, ,2, ,2, ,2, ,2, ,2, ,2, ,1,1,2, ,2, ,2, ,12,2, ,2,2,2,2,2,2,10,7,1,5000.0, ,,,,,,,1251,5000.0,5000.0,6251.0,1,,2024_AbrMayJun,840.688117777719,,,,,25-39,0,
2024,4,2442801,1,14,1,1,20240424428011001413,1,3,3,1,2, ,1,21.0,3,13.0,8.0,2002.0,2,2.0,2.0,2,2,2,2,2,2,2,2,2,2,2,2,3,2,,, , , , , ,,,,,,,,,,,, ,, , , , , ,,,, ,, ,, ,2,4,1,2,6, , ,1,5,2, ,2, ,2, ,2, ,1,5,1,4,2, ,2, ,2, ,2, ,2, ,2, ,10,2, ,2,2,2,2,2,2,10,7,4,, ,,,,,,, ,,,,1,,2024_AbrMayJun,703.20963608874,,,,,15-24,0,
2024,4,2442801,1,14,1,1,20240424428011001414,1,4,3,1,2, ,2,17.0,4,21.0,6.0,2006.0,2,2.0,2.0,2,2,2,2,2,2,2,2,2,2,2,2,4,2,,, , , , , ,,,,,,,,,,,, ,, , , , , ,,,, ,, ,, ,2,5,2,2,3, , ,1,5,2, ,2, ,2, ,2, ,1,5,2, ,2, ,2, ,2, ,2, ,2, ,2, ,6,5, ,2,2,2,2,2,2,10,7,4,, ,,,,,,, ,,,,1,,2024_AbrMayJun,744.337362822422,,,,,15-24,0,
2024,4,2442801,1,15,1,1,20240424428011001511,1,1,1,1,2, ,1,46.0,2,15.0,11.0,1977.0,1,,, , , , , , , , , , , , ,1, ,3314.0,2395.0,3,5,1, ,4,500.0,0.0,8.0,8.0,8.0,0.0,0.0,8.0,32.0,,48.0,2,48.0,1,1,1,2,4,3500.0,,, ,, ,, , , , , , , , ,1,1,1,1,2, ,2, ,2, ,2, ,2, ,2, ,2, ,1,1,2, ,2, ,2, ,9,3, ,2,2,2,2,2,2,10,7,1,3500.0, ,,,,,,,884,3500.0,3500.0,4384.0,1,,2024_AbrMayJun,745.993542859633,,,,,40-59,0,
2024,4,2442801,1,15,1,1,20240424428011001512,1,2,2,1,2, ,2,45.0,2,10.0,10.0,1978.0,1,,, , , , , , , , , , , , ,2, ,5212.0,4761.0,2, ,2,2,1,1.0,8.0,8.0,8.0,8.0,8.0,8.0,8.0,56.0,,56.0,1,,1,1,1,2, ,,,, ,, ,, , , , , , , , ,1,1,1,4,2, ,2, ,2, ,2, ,2, ,2, ,2, ,2, ,2, ,2, ,2, ,6,5, ,2,2,2,2,2,2,10,7,1,, ,1048.0,20.0,,,,, ,1068.0,1068.0,1068.0,1,,2024_AbrMayJun,633.90908252646,,,,,40-59,0,
2024,4,2442801,1,15,1,1,20240424428011001513,1,3,3,1,2, ,2,15.0,2,9.0,3.0,2009.0,2,2.0,2.0,2,2,2,2,2,2,2,2,2,2,2,2,3,2,,, , , , , ,,,,,,,,,,,, ,, , , , , ,,,, ,, ,, ,2,4,2,2,5, , ,2,1,1,4,2, ,2, ,2, ,2, ,2, ,2, ,2, ,2, ,2, ,2, ,2, ,5,3, ,2,2,2,2,2,2,10,7,4,, ,,,,,,, ,,,,1,,2024_AbrMayJun,744.337362822422,,,,,15-24,0,
2024,4,21270,1,82,1,1,202404212701008211,1,1,1,1,2, ,1,67.0,1,26.0,12.0,1956.0,2,2.0,2.0,2,2,2,2,2,2,2,2,2,2,2,2,1,2,,, , , , , ,,,,,,,,,,,, ,, , , , , ,,,, ,, ,, ,2,5,1,1,3, , ,1,1,1,3,2, ,2, ,2, ,2, ,2, ,2, ,2, ,1,3,2, ,2, ,2, ,8,1, ,2,2,2,2,2,2,10,7,4,, ,,,,,,, ,,,,1,,2024_AbrMayJun,1214.03859680954,,,,,60+,0,
2024,4,21270,1,82,1,1,202404212701008212,1,3,3,1,2, ,2,39.0,3,14.0,5.0,1984.0,1,,, , , , , , , , , , , , ,3, ,2221.0,8610.0,3,5,1, ,4,150.0,12.0,0.0,12.0,0.0,12.0,0.0,0.0,36.0,,36.0,1,,2, ,2,2,4,2500.0,60.0,, ,, ,, , , , , , , , ,2,1,1,1,2, ,2, ,2, ,2, ,2, ,2, ,2, ,1,1,2, ,2, ,2, ,11,5, ,2,2,2,2,2,2,10,7,1,2500.0,260,,,,,,,416,2760.0,2760.0,3176.0,1,,2024_AbrMayJun,1368.14565304269,,,,,25-39,0,
2024,4,21270,1,82,1,1,202404212701008213,1,4,4,1,2, ,1,42.0,4,29.0,3.0,1982.0,2,2.0,2.0,2,2,2,2,2,2,2,2,2,2,2,2,4,2,,, , , , , ,,,,,,,,,,,, ,, , , , , ,,,, ,, ,, ,2,7,2,2,7, , ,1,1,1,4,2, ,2, ,2, ,2, ,2, ,2, ,2, ,1,5,2, ,2, ,2, ,10,3, ,2,2,2,2,2,2,10,7,4,, ,,,,,,, ,,,,1,,2024_AbrMayJun,1297.33376261084,,,,,40-59,0,
2024,4,21270,1,82,1,1,202404212701008214,1,5,5,1,2, ,2,14.0,5,27.0,10.0,2009.0,2,2.0,2.0,2,2,2,2,2,2,2,2,2,2,2,2,5,2,,, , , , , ,,,,,,,,,,,, ,, , , , , ,,,, ,, ,, ,2,4,2,2,5, , ,2,1,1,4,2, ,2, ,2, ,2, ,2, ,2, ,2, ,2, ,2, ,2, ,2, ,5,2, ,2,2,2,2,2,2,10,7,4,, ,,,,,,, ,,,,1,,2024_AbrMayJun,1211.34331009066,,,,,0-14,0,
2024,4,21270,1,82,1,1,202404212701008215,1,2,3,1,2, ,1,28.0,2,8.0,8.0,1995.0,1,,, , , , , , , , , , , , ,2, ,9621.0,4923.0,2, ,2,2,1,1.0,0.0,9.0,9.0,9.0,9.0,9.0,9.0,54.0,6.0,60.0,1,,1,2,2,2, ,,,, ,, ,800.0, , , , , , , , ,1,6,2, ,2, ,2, ,2, ,2, ,2, ,2, ,2, ,2, ,2, ,2, ,2, ,10,2, ,2,2,2,2,2,2,10,7,1,, ,2000.0,,,800.0,,, ,2800.0,2000.0,2800.0,1,,2024_AbrMayJun,1297.33376261084,,,,,25-39,0,
2024,4,21270,1,85,1,1,202404212701008511,1,1,1,1,2, ,1,59.0,1,22.0,8.0,1964.0,1,,, , , , , , , , , , , , ,1, ,8322.0,4922.0,2, ,3,2,1,1.0,15.0,0.0,0.0,0.0,0.0,0.0,0.0,15.0,,15.0,1,,2, ,2,2, ,,,, ,, ,, , , , , , , , ,1,5,2, ,2, ,2, ,2, ,1,5,2, ,2, ,2, ,2, ,2, ,2, ,2, ,6,5, ,2,2,2,2,2,2,10,7,1,, ,650.0,,,,,, ,650.0,650.0,650.0,1,,2024_AbrMayJun,1214.03859680954,,,,,40-59,0,
2024,4,21270,1,85,1,1,202404212701008512,1,2,2,1,2, ,2,58.0,2,30.0,3.0,1966.0,2,2.0,2.0,2,2,2,2,2,2,2,2,2,2,2,2,2,2,,, , , , , ,,,,,,,,,,,, ,, , , , , ,,,, ,, ,, ,2,5,2,2,6, , ,1,1,1,5,2, ,2, ,2, ,2, ,2, ,2, ,2, ,1,5,2, ,2, ,2, ,9,3, ,2,2,2,2,2,2,10,7,4,, ,,,,,,, ,,,,1,,2024_AbrMayJun,1031.63103812556,,,,,40-59,0,
2024,4,21270,1,85,1,1,202404212701008513,1,3,3,1,2, ,1,29.0,3,22.0,9.0,1994.0,1,,, , , , , , , , , , , , ,3, ,4312.0,6419.0,3,5,1, ,5,1000.0,0.0,8.0,8.0,8.0,8.0,8.0,0.0,40.0,,40.0,1,,2, ,2,2,4,1125.0,,, ,, ,, , , , , , , , ,1,1,1,1,2, ,2, ,2, ,2, ,2, ,2, ,2, ,1,1,2, ,2, ,2, ,11,5, ,2,2,2,2,2,2,10,7,1,1125.0, ,,,,,,,463,1125.0,1125.0,1588.0,1,,2024_AbrMayJun,1297.33376261084,,,,,25-39,0,
2024,4,21270,1,85,1,1,202404212701008514,1,4,3,1,2, ,1,17.0,2,25.0,10.0,2006.0,2,2.0,2.0,2,2,2,2,2,2,2,2,2,2,2,2,4,2,,, , , , , ,,,,,,,,,,,, ,, , , , , ,,,, ,, ,, ,2,4,2,2,5, , ,2,5,2, ,2, ,2, ,2, ,1,5,2, ,2, ,2, ,2, ,2, ,2, ,2, ,6,5, ,2,2,2,2,2,2,10,7,4,, ,,,,,,, ,,,,1,,2024_AbrMayJun,1144.41156767594,,,,,15-24,0,
2024,4,21270,1,86,1,1,202404212701008611,1,1,1,1,2, ,2,74.0,1,3.0,2.0,1950.0,2,2.0,2.0,2,2,2,2,2,2,2,2,2,2,2,2,1,2,,, , , , , ,,,,,,,,,,,, ,, , , , , ,,,, ,, ,, ,2,5,2,2,6, , ,1,1,1,4,2, ,2, ,2, ,2, ,2, ,2, ,2, ,2, ,2, ,2, ,2, ,4,5, ,2,2,2,2,2,2,10,7,4,, ,,,,,,, ,,,,1,,2024_AbrMayJun,1031.63103812556,,,,,60+,0,
2024,4,21270,1,86,1,1,202404212701008612,1,2,3,1,2, ,1,48.0,2,24.0,3.0,1976.0,1,,, , , , , , , , , , , , ,2, ,9622.0,7830.0,3,5,1, ,2,40.0,0.0,11.0,11.0,11.0,11.0,11.0,11.0,66.0,,66.0,1,,2, ,2,2,4,1800.0,,, ,, ,, , , , , , , , ,1,5,2, ,2, ,2, ,2, ,1,5,2, ,2, ,2, ,1,5,2, ,2, ,2, ,9,3, ,2,2,2,2,2,2,10,7,1,1800.0, ,,,,,,, ,1800.0,1800.0,1800.0,1,,2024_AbrMayJun,1214.03859680954,,,,,40-59,0,
2024,4,21270,1,86,1,1,202404212701008616,1,3,3,1,2, ,2,33.0,3,13.0,8.0,1990.0,2,2.0,2.0,2,2,2,2,2,2,2,2,2,2,2,2,3,2,,, , , , , ,,,,,,,,,,,, ,, , , , , ,,,, ,, ,, ,2,5,2,2,6, , ,1,5,2, ,2, ,2, ,2, ,1,5,2, ,2, ,2, ,2, ,2, ,2, ,2, ,6,5, ,2,2,2,2,2,2,10,7,4,, ,,,,,,, ,,,,1,,2024_AbrMayJun,1368.14565304269,,,,,25-39,0,
2024,4,21270,1,86,1,1,202404212701008617,1,4,5,1,2, ,1,5.0, ,,,, ,,, , , , , , , , , , , , , , ,,, , , , , ,,,,,,,,,,,, ,, , , , , ,,,, ,, ,, , , , , , , , , , , , , , , , , , , , , , , , , , , , , , , , , , , , , , , , , , , , , , ,, ,,,,,,, ,,,,1,,2024_AbrMayJun, ,,,,,0-14,0,
2024,4,29390,1,23,1,1,202404293901002311,1,1,1,1,2, ,2,72.0,1,24.0,12.0,1951.0,2,2.0,2.0,2,2,2,2,2,2,2,2,2,2,2,2,1,2,,, , , , , ,,,,,,,,,,,, ,, , , , , ,,,, ,, ,, ,2,6,2,2,3, , ,1,1,1,3,2, ,2, ,2, ,2, ,2, ,2, ,2, ,1,3,2, ,2, ,2, ,10,2, ,2,2,2,2,2,2,10,7,4,, ,,,,,,, ,,,,1,,2024_AbrMayJun,738.704543047615,,,,,60+,0,
2024,4,29390,1,23,1,1,202404293901002312,1,2,3,1,1, ,1,40.0, ,,,, ,,, , , , , , , , , , , , , , ,,, , , , , ,,,,,,,,,,,, ,, , , , , ,,,, ,, ,, , , , , , , , , , , , , , , , , , , , , , , , , , , , , , , , , , , , , , , , , , , , , , ,, ,,,,,,, ,,,,0,,2024_AbrMayJun, ,,,,,40-59,0,
2024,4,29390,1,24,1,1,202404293901002411,1,1,1,1,2, ,2,74.0,1,11.0,10.0,1949.0,2,2.0,2.0,2,2,2,2,2,2,2,2,2,2,2,2,1,2,,, , , , , ,,,,,,,,,,,, ,, , , , , ,,,, ,, ,, ,2,6,2,2,3, , ,1,1,1,3,2, ,2, ,2, ,2, ,2, ,2, ,2, ,2, ,2, ,1,3,2, ,11,5, ,2,2,2,2,2,2,10,7,4,, ,,,,,,, ,,,,1,,2024_AbrMayJun,738.704543047615,,,,,60+,0,
2024,4,29390,1,24,1,1,202404293901002412,1,2,2,1,2, ,1,87.0,1,9.0,4.0,1936.0,2,2.0,2.0,2,2,2,2,2,2,2,2,2,2,2,2,2,2,,, , , , , ,,,,,,,,,,,, ,, , , , , ,,,, ,, ,, ,2,6,2,2,3, , ,1,1,1,3,2, ,2, ,2, ,2, ,2, ,2, ,2, ,2, ,2, ,1,3,2, ,11,7, ,2,2,2,2,2,2,10,7,4,, ,,,,,,, ,,,,1,,2024_AbrMayJun,869.318383952315,,,,,60+,0,
2024,4,20288,1,5,1,1,202404202881000511,1,1,1,1,2, ,1,68.0,1,17.0,11.0,1955.0,1,,, , , , , , , , , , , , ,1, ,5211.0,4663.0,2, ,3,2,1,1.0,0.0,1.0,4.0,4.0,0.0,0.0,0.0,9.0,,30.0,2,30.0,1,1,1,2, ,,,, ,, ,, , , , , , , , ,1,5,2, ,2, ,2, ,2, ,1,5,2, ,2, ,2, ,2, ,2, ,2, ,2, ,3,4, ,2,2,2,2,2,2,10,7,1,, ,1400.0,,,,,, ,1400.0,1400.0,1400.0,1,,2024_AbrMayJun,713.418329678486,,,,,60+,0,
2024,4,20288,1,5,1,1,202404202881000512,1,2,2,1,2, ,2,61.0,2,11.0,3.0,1963.0,1,,, , , , , , , , , , , , ,2, ,7352.0,1410.0,2, ,3,2,1,2.0,0.0,10.0,10.0,5.0,0.0,0.0,0.0,25.0,18.0,50.0,2,50.0,1,1,1,2, ,,,, ,90.0, ,, , , , , , , , ,1,5,2, ,2, ,2, ,2, ,1,5,2, ,2, ,2, ,2, ,2, ,2, ,2, ,6,5, ,2,2,2,2,2,2,10,7,1,, ,1104.0,,90.0,,,, ,1194.0,1104.0,1194.0,1,,2024_AbrMayJun,606.228248424857,,,,,60+,0,
2024,4,20288,1,5,1,1,202404202881000514,1,3,3,1,2, ,1,21.0,3,22.0,12.0,2002.0,1,,, , , , , , , , , , , , ,3, ,3422.0,9311.0,2, ,2,2,1,1.0,0.0,3.0,0.0,3.0,0.0,2.0,0.0,8.0,32.0,43.0,2,43.0,1,2,2,1, ,,,, ,1250.0, ,, , , , , , , , ,1,5,2, ,2, ,2, ,2, ,1,5,2, ,2, ,2, ,1,5,2, ,2, ,2, ,10,2, ,2,2,2,2,2,2,10,7,1,, ,710.0,,1250.0,,,, ,1960.0,710.0,1960.0,1,,2024_AbrMayJun,672.502662783292,,,,,15-24,0,
2024,4,20288,1,7,1,1,202404202881000711,1,1,1,1,2, ,2,64.0,1,16.0,2.0,1960.0,1,,, , , , , , , , , , , , ,1, ,4416.0,8423.0,3,2, , ,5,9998.0,0.0,8.0,8.0,8.0,0.0,0.0,0.0,24.0,,40.0,2,40.0,2, ,2,2,4,3000.0,,, ,, ,, , , , , , , , ,1,1,1,1,2, ,2, ,2, ,2, ,2, ,2, ,2, ,2, ,1,1,2, ,2, ,11,6, ,2,2,2,2,2,2,10,7,1,3000.0, ,,,,,,,50,3000.0,3000.0,3050.0,1,,2024_AbrMayJun,606.228248424857,,,,,60+,0,
2024,4,20288,1,10,1,1,202404202881001011,1,1,1,1,2, ,2,72.0,1,11.0,9.0,1951.0,2,2.0,2.0,2,2,2,2,2,2,2,2,2,2,2,2,1,2,,, , , , , ,,,,,,,,,,,, ,, , , , , ,,,, ,, ,, ,2,6,2,2,6, , ,1,1,1,3,2, ,2, ,2, ,2, ,2, ,2, ,2, ,2, ,1,3,2, ,2, ,5,4, ,2,2,2,2,2,2,1,1,4,, ,,,,,,, ,,,,1,,2024_AbrMayJun,606.228248424857,,,,,60+,0,
2024,4,20288,1,10,1,1,202404202881001012,1,2,3,1,2, ,1,45.0,2,21.0,12.0,1978.0,1,,, , , , , , , , , , , , ,2, ,4419.0,8422.0,3,2, , ,5,9998.0,8.0,8.0,8.0,8.0,0.0,0.0,0.0,32.0,,40.0,2,40.0,2, ,2,2,4,2750.0,,, ,, ,, , , , , , , , ,1,1,1,1,2, ,2, ,2, ,2, ,2, ,2, ,2, ,2, ,1,1,2, ,2, ,6,5, ,2,2,2,2,2,2,10,7,1,2750.0, ,,,,,,,50,2750.0,2750.0,2800.0,1,,2024_AbrMayJun,713.418329678486,,,,,40-59,0,
2024,4,20288,1,94,1,1,202404202881009411,1,1,1,1,2, ,2,60.0,1,29.0,6.0,1963.0,2,2.0,2.0,2,2,2,2,2,2,2,2,2,2,2,2,1,2,,, , , , , ,,,,,,,,,,,, ,, , , , , ,,,, ,, ,, ,2,5,2,2,6, , ,1,5,2, ,2, ,2, ,2, ,1,5,2, ,2, ,2, ,2, ,2, ,2, ,2, ,9,3, ,2,2,2,2,2,2,10,7,4,, ,,,,,,, ,,,,1,,2024_AbrMayJun,606.228248424857,,,,,60+,0,
2024,4,20288,1,94,1,1,202404202881009412,1,2,3,1,2, ,1,27.0,1,16.0,6.0,1996.0,2,2.0,2.0,2,2,2,2,2,2,2,2,2,2,2,2,2,2,,, , , , , ,,,,,,,,,,,, ,, , , , , ,,,, ,, ,, ,2,7,1,2,7, , ,1,5,2, ,2, ,2, ,2, ,1,5,2, ,2, ,2, ,2, ,2, ,2, ,2, ,10,1, ,2,2,2,2,2,2,10,7,4,, ,,,,,,, ,,,,1,,2024_AbrMayJun,762.36594815818,,,,,25-39,0,
2024,4,20288,1,94,1,1,202404202881009413,1,3,5,1,2, ,2,9.0, ,,,, ,,, , , , , , , , , , , , , , ,,, , , , , ,,,,,,,,,,,, ,, , , , , ,,,, ,, ,, , , , , , , , , , , , , , , , , , , , , , , , , , , , , , , , , , , , , , , , , , , , , , ,, ,,,,,,, ,,,,1,,2024_AbrMayJun, ,,,,,0-14,0,
2024,4,2062402,1,39,1,1,20240420624021003911,1,1,1,1,2, ,1,69.0,1,4.0,4.0,1955.0,1,,, , , , , , , , , , , , ,1, ,8332.0,8411.0,3,2, , ,5,9000.0,0.0,11.0,11.0,11.0,11.0,0.0,11.0,55.0,,66.0,2,66.0,2, ,2,2,4,1800.0,,, ,, ,, , , , , , , , ,1,1,1,1,2, ,2, ,2, ,2, ,2, ,2, ,2, ,2, ,1,1,2, ,2, ,4,5, ,2,2,2,2,2,2,2,2,1,1800.0, ,,,,,,,50,1800.0,1800.0,1850.0,1,,2024_AbrMayJun,840.899643355891,,,,,60+,0,
2024,4,2062402,1,39,1,1,20240420624021003912,1,2,2,1,2, ,2,68.0,2,22.0,4.0,1955.0,2,2.0,2.0,2,2,2,2,2,2,2,2,2,2,2,2,2,2,,, , , , , ,,,,,,,,,,,, ,, , , , , ,,,, ,, ,, ,2,5,1,2,7, , ,1,1,1,4,2, ,2, ,2, ,2, ,2, ,2, ,2, ,2, ,2, ,2, ,2, ,1, , ,2,2,2,2,2,2,2,2,4,, ,,,,,,, ,,,,1,,2024_AbrMayJun,714.55567748374,,,,,60+,0,
2024,4,2062402,1,40,1,1,20240420624021004011,1,1,1,1,2, ,1,48.0,1,20.0,7.0,1975.0,1,,, , , , , , , , , , , , ,1, ,7432.0,3220.0,2, ,3,2,1,1.0,0.0,5.0,5.0,5.0,0.0,0.0,0.0,15.0,,40.0,2,40.0,1,1,1,2, ,,,, ,, ,, , , , , , , , ,1,5,2, ,2, ,2, ,2, ,1,5,2, ,2, ,2, ,2, ,2, ,2, ,2, ,6,5, ,2,2,2,2,2,2,10,2,1,, ,900.0,,,,,, ,900.0,900.0,900.0,1,,2024_AbrMayJun,840.899643355891,,,,,40-59,0,
2024,4,2062402,1,40,1,1,20240420624021004012,1,2,2,1,2, ,2,46.0,2,4.0,12.0,1977.0,1,,, , , , , , , , , , , , ,2, ,8153.0,1410.0,3,5,2,2,1,2.0,0.0,0.0,8.0,8.0,8.0,0.0,8.0,32.0,,32.0,1,,1,1,1,1,2,250.0,52.0,, ,, ,, , , , , , , , ,1,5,2, ,2, ,2, ,2, ,1,5,2, ,2, ,2, ,2, ,2, ,2, ,2, ,5,2, ,2,2,2,2,2,2,10,7,1,1083.0,225,,,,,,, ,1308.0,1308.0,1308.0,1,,2024_AbrMayJun,714.55567748374,,,,,40-59,0,
2024,4,2062402,1,40,1,1,20240420624021004013,1,3,3,1,2, ,1,17.0,3,7.0,12.0,2006.0,2,2.0,2.0,2,2,2,2,2,2,2,2,2,2,2,2,3,2,,, , , , , ,,,,,,,,,,,, ,, , , , , ,,,, ,, ,, ,2,8,1,1,11, , ,1,5,2, ,2, ,2, ,2, ,1,5,2, ,2, ,2, ,2, ,2, ,2, ,2, ,6,5, ,2,2,2,2,2,2,10,7,4,, ,,,,,,, ,,,,1,,2024_AbrMayJun,792.672721971152,,,,,15-24,0,
2024,4,2062402,1,44,1,1,20240420624021004411,1,1,1,1,2, ,1,68.0,1,28.0,7.0,1955.0,2,2.0,2.0,2,2,2,2,2,2,2,2,2,2,2,2,1,2,,, , , , , ,,,,,,,,,,,, ,, , , , , ,,,, ,, ,, ,2,6,2,2,3, , ,1,4,2, ,2, ,2, ,1,3,2, ,2, ,2, ,2, ,2, ,2, ,2, ,1,3,6,5, ,2,2,2,2,2,2,10,7,4,, ,,,,,,, ,,,,1,,2024_AbrMayJun,840.899643355891,,,,,60+,0,
2024,4,2062402,1,44,1,1,20240420624021004412,1,2,2,1,2, ,2,63.0,2,27.0,7.0,1960.0,2,2.0,2.0,2,2,2,2,2,2,2,2,2,2,2,2,2,2,,, , , , , ,,,,,,,,,,,, ,, , , , , ,,,, ,, ,, ,2,5,1,1,3, , ,1,4,2, ,2, ,2, ,1,4,2, ,2, ,2, ,2, ,2, ,2, ,2, ,2, ,4,5, ,2,2,2,2,2,2,10,7,4,, ,,,,,,, ,,,,1,,2024_AbrMayJun,714.55567748374,,,,,60+,0,
2024,4,2963902,1,35,1,1,20240429639021003511,1,1,1,1,2, ,2,18.0,1,27.0,2.0,2006.0,1,,, , , , , , , , , , , , ,1, ,8153.0,1410.0,3,5,3,2,1,3.0,0.0,9.0,9.0,9.0,9.0,9.0,6.0,51.0,,51.0,1,,2, ,2,1,2,190.0,,, ,, ,, , , , , , , , ,2,5,2, ,2, ,2, ,2, ,1,5,2, ,2, ,2, ,2, ,2, ,2, ,2, ,5,1, ,2,2,2,2,2,2,10,5,1,823.0, ,,,,,,, ,823.0,823.0,823.0,1,,2024_AbrMayJun,1211.00172480538,,,,,15-24,0,
2024,4,2963902,1,38,1,1,20240429639021003811,1,1,1,1,2, ,1,34.0,1,19.0,4.0,1989.0,1,,, , , , , , , , , , , , ,1, ,8321.0,4922.0,2, ,3,2,1,1.0,0.0,5.0,5.0,5.0,5.0,5.0,5.0,30.0,14.0,36.0,2,36.0,1,2,2,1, ,,,, ,, ,, , , , , , , , ,1,5,2, ,2, ,2, ,2, ,1,5,2, ,2, ,2, ,2, ,2, ,2, ,2, ,5,3, ,2,2,2,2,2,2,10,1,1,, ,1410.0,,,,,, ,1410.0,1410.0,1410.0,1,,2024_AbrMayJun,1296.96792897828,,,,,25-39,0,
2024,4,2963902,1,38,1,1,20240429639021003812,1,2,2,1,2, ,2,35.0,1,8.0,9.0,1988.0,1,,, , , , , , , , , , , , ,2, ,9411.0,5610.0,2, ,3,2,1,3.0,10.0,10.0,10.0,10.0,10.0,10.0,10.0,70.0,,70.0,1,,2, ,2,2, ,,,, ,, ,, , , , , , , , ,1,5,2, ,2, ,2, ,2, ,1,5,2, ,2, ,2, ,2, ,2, ,2, ,2, ,5,2, ,2,2,2,2,2,2,10,1,1,, ,1650.0,78.0,,,,, ,1728.0,1728.0,1728.0,1,,2024_AbrMayJun,1367.75985124784,,,,,25-39,0,
2024,4,2963902,1,38,1,1,20240429639021003813,1,3,3,1,2, ,2,16.0,3,5.0,3.0,2008.0,1,,, , , , , , , , , , , , ,3, ,9412.0,5610.0,4, ,3,2,1,3.0,2.0,2.0,2.0,2.0,2.0,2.0,2.0,14.0,,,1,,2, , , , ,,,, ,, ,, ,2,4,1,2,3, , ,2,5,2, ,2, ,2, ,2, ,1,5,2, ,2, ,2, ,2, ,2, ,2, ,2, ,5,4, ,2,2,2,2,2,2,10,1,4,, ,,,,,,, ,,,,1,,2024_AbrMayJun,1211.00172480538,,,,,15-24,0,
2024,4,2963902,1,38,1,1,20240429639021003814,1,4,3,1,2, ,2,9.0, ,,,, ,,, , , , , , , , , , , , , , ,,, , , , , ,,,,,,,,,,,, ,, , , , , ,,,, ,, ,, , , , , , , , , , , , , , , , , , , , , , , , , , , , , , , , , , , , , , , , , , , , , , ,, ,,,,,,, ,,,,1,,2024_AbrMayJun, ,,,,,0-14,0,
2024,4,2963902,1,38,1,1,20240429639021003815,1,5,3,1,2, ,1,6.0, ,,,, ,,, , , , , , , , , , , , , , ,,, , , , , ,,,,,,,,,,,, ,, , , , , ,,,, ,, ,, , , , , , , , , , , , , , , , , , , , , , , , , , , , , , , , , , , , , , , , , , , , , , ,, ,,,,,,, ,,,,1,,2024_AbrMayJun, ,,,,,0-14,0,
2024,4,2963902,1,38,1,1,20240429639021003816,1,6,3,1,2, ,1,4.0, ,,,, ,,, , , , , , , , , , , , , , ,,, , , , , ,,,,,,,,,,,, ,, , , , , ,,,, ,, ,, , , , , , , , , , , , , , , , , , , , , , , , , , , , , , , , , , , , , , , , , , , , , , ,, ,,,,,,, ,,,,1,,2024_AbrMayJun, ,,,,,0-14,0,
2024,4,2963902,1,38,1,1,20240429639021003817,1,7,3,1,2, ,2,1.0, ,,,, ,,, , , , , , , , , , , , , , ,,, , , , , ,,,,,,,,,,,, ,, , , , , ,,,, ,, ,, , , , , , , , , , , , , , , , , , , , , , , , , , , , , , , , , , , , , , , , , , , , , , ,, ,,,,,,, ,,,,1,,2024_AbrMayJun, ,,,,,0-14,0,
2024,4,2963902,1,38,1,1,20240429639021003818,1,8,11,1,2, ,2,15.0,8,2.0,6.0,2008.0,2,2.0,2.0,2,2,2,2,2,2,2,2,2,2,2,2,8,2,,, , , , , ,,,,,,,,,,,, ,, , , , , ,,,, ,, ,, ,2,4,2,2,5, , ,2,5,2, ,2, ,2, ,2, ,1,5,2, ,2, ,2, ,2, ,2, ,2, ,2, ,5,3, ,2,2,2,2,2,2,10,9,4,, ,,,,,,, ,,,,1,,2024_AbrMayJun,1211.00172480538,,,,,15-24,0,
2024,4,2963902,1,39,1,1,20240429639021003911,1,1,1,1,2, ,2,48.0,1,20.0,3.0,1976.0,1,,, , , , , , , , , , , , ,1, ,9533.0,4789.0,2, ,3,2,1,1.0,2.0,0.0,0.0,0.0,0.0,0.0,0.0,2.0,,4.0,2,4.0,1,2,2,1, ,,,, ,, ,, , , , , , , , ,1,5,2, ,2, ,2, ,2, ,1,5,2, ,2, ,2, ,2, ,2, ,2, ,2, ,6,5, ,2,2,2,2,2,2,1,1,1,, ,60.0,,,,,, ,60.0,60.0,60.0,1,,2024_AbrMayJun,1031.34012969396,,,,,40-59,0,
2024,4,2963902,1,39,1,1,20240429639021003912,1,2,3,1,1, ,1,23.0, ,,,, ,,, , , , , , , , , , , , , , ,,, , , , , ,,,,,,,,,,,, ,, , , , , ,,,, ,, ,, , , , , , , , , , , , , , , , , , , , , , , , , , , , , , , , , , , , , , , , , , , , , , ,, ,,,,,,, ,,,,0,,2024_AbrMayJun, ,,,,,15-24,0,
2024,4,2963902,1,39,1,1,20240429639021003913,1,3,3,1,2, ,1,18.0,3,22.0,11.0,2005.0,2,2.0,2.0,2,2,2,2,2,2,2,2,2,2,2,2,3,2,,, , , , , ,,,,,,,,,,,, ,, , , , , ,,,, ,, ,, ,1,4,1,2,13,5,2,1,5,2, ,2, ,2, ,2, ,1,5,2, ,2, ,2, ,2, ,2, ,2, ,2, ,6,5, ,2,2,2,2,2,2,10,1,2,, ,,,,,,, ,,,,1,,2024_AbrMayJun,1144.08885639453,,,,,15-24,0,
2024,4,2963902,1,39,1,1,20240429639021003914,1,4,3,1,2, ,2,15.0,4,7.0,10.0,2008.0,1,,, , , , , , , , , , , , ,4, ,7513.0,1071.0,2, ,3,2,1,1.0,4.0,5.0,5.0,1.0,0.0,0.0,0.0,15.0,2.0,18.0,2,18.0,2, ,2,2, ,,,, ,, ,30.0,10, , , , , , , ,1,5,2, ,2, ,2, ,2, ,1,5,2, ,2, ,2, ,2, ,2, ,2, ,2, ,5,3, ,2,2,2,2,2,2,10,1,1,, ,703.0,10.0,,30.0,,10.0, ,753.0,713.0,753.0,1,,2024_AbrMayJun,1211.00172480538,,,,,15-24,0,
2024,4,2963902,1,39,1,1,20240429639021003915,1,5,3,1,2, ,2,30.0,5,7.0,8.0,1993.0,1,,, , , , , , , , , , , , ,5, ,9629.0,8299.0,2, ,2,2,1,1.0,0.0,0.0,0.0,0.0,0.0,4.0,3.0,7.0,,7.0,1,,1,1,1,1, ,,,, ,, ,, , , , , , , , ,1,1,1,4,2, ,2, ,2, ,2, ,2, ,2, ,2, ,1,5,2, ,2, ,2, ,10,4, ,2,2,2,2,2,2,10,1,1,, ,255.0,,,,,, ,255.0,255.0,255.0,1,,2024_AbrMayJun,1367.75985124784,,,,,25-39,0,
2024,4,2963902,1,39,1,1,20240429639021003916,1,6,5,1,2, ,1,, ,,,, ,,, , , , , , , , , , , , , , ,,, , , , , ,,,,,,,,,,,, ,, , , , , ,,,, ,, ,, , , , , , , , , , , , , , , , , , , , , , , , , , , , , , , , , , , , , , , , , , , , , , ,, ,,,,,,, ,,,,1,,2024_AbrMayJun, ,,,,,,0,
2024,4,2963902,1,39,1,1,20240429639021003917,1,7,6,1,2, ,2,79.0,7,13.0,9.0,1944.0,2,2.0,2.0,2,2,2,2,2,2,2,2,2,2,2,2,7,2,,, , , , , ,,,,,,,,,,,, ,, , , , , ,,,, ,, ,, ,2,6,2,2,3, , ,1,6,2, ,2, ,2, ,2, ,2, ,2, ,2, ,2, ,2, ,2, ,2, ,2, ,2,1, ,2,2,2,2,2,2,1,1,4,, ,,,,,,, ,,,,1,,2024_AbrMayJun,1031.34012969396,,,,,60+,0,
2024,4,2626601,1,37,1,1,20240426266011003711,1,1,1,1,2, ,1,73.0,1,4.0,2.0,1951.0,2,2.0,2.0,2,2,2,2,2,2,2,2,2,2,2,2,1,2,,, , , , , ,,,,,,,,,,,, ,, , , , , ,,,, ,, ,, ,2,6,1,2,3, , ,1,1,1,5,2, ,2, ,2, ,2, ,2, ,2, ,2, ,1,5,2, ,2, ,2, ,12,2, ,2,2,2,2,2,2,1,1,4,, ,,,,,,, ,,,,1,,2024_AbrMayJun,880.597321276796,,,,,60+,0,
2024,4,2626601,1,37,1,1,20240426266011003712,1,2,2,1,2, ,2,68.0,2,29.0,6.0,1955.0,2,2.0,2.0,2,2,2,2,2,2,2,2,2,2,2,2,2,2,,, , , , , ,,,,,,,,,,,, ,, , , , , ,,,, ,, ,, ,2,5,1,2,3, , ,1,1,1,5,2, ,2, ,2, ,2, ,2, ,2, ,2, ,1,5,2, ,2, ,2, ,11,5, ,2,2,2,2,2,2,1,1,4,, ,,,,,,, ,,,,1,,2024_AbrMayJun,748.288836208959,,,,,60+,0,
2024,4,2626601,1,38,1,1,20240426266011003811,1,1,1,1,2, ,2,69.0,1,11.0,6.0,1954.0,2,2.0,2.0,2,2,2,2,2,2,2,2,2,2,2,2,1,2,,, , , , , ,,,,,,,,,,,, ,, , , , , ,,,, ,, ,, ,2,6,2,2,3, , ,1,1,1,3,2, ,2, ,2, ,2, ,2, ,2, ,2, ,2, ,1,3,2, ,2, ,6,5, ,2,2,2,2,2,2,10,8,4,, ,,,,,,, ,,,,1,,2024_AbrMayJun,748.288836208959,,,,,60+,0,
2024,4,2186201,1,33,1,1,20240421862011003311,1,1,1,1,2, ,2,52.0,1,13.0,5.0,1971.0,1,,, , , , , , , , , , , , ,1, ,9412.0,5610.0,3,5,3,2,1,3.0,0.0,11.0,11.0,11.0,11.0,11.0,11.0,66.0,,66.0,1,,2, ,2,2,2,180.0,123.0,, ,, ,, , , , , , , , ,1,5,2, ,2, ,2, ,2, ,1,5,2, ,2, ,2, ,2, ,2, ,2, ,2, ,4,5, ,2,2,2,2,2,2,10,9,1,779.0,533,,,,,,, ,1312.0,1312.0,1312.0,1,,2024_AbrMayJun,745.186810144821,,,,,40-59,0,
2024,4,2186201,1,33,1,1,20240421862011003312,1,2,2,1,2, ,1,56.0,2,7.0,12.0,1967.0,2,2.0,2.0,2,2,2,2,2,2,2,2,2,2,2,2,2,2,,, , , , , ,,,,,,,,,,,, ,, , , , , ,,,, ,, ,, ,2,5,2,2,7, , ,1,5,2, ,2, ,2, ,2, ,1,5,2, ,2, ,2, ,2, ,2, ,2, ,2, ,4,5, ,2,2,2,2,2,2,10,7,4,, ,,,,,,, ,,,,1,,2024_AbrMayJun,876.946811326054,,,,,40-59,0,
2024,4,2186201,1,33,1,1,20240421862011003313,1,3,3,1,2, ,1,30.0,3,17.0,9.0,1993.0,1,,, , , , , , , , , , , , ,3, ,5241.0,4759.0,3,5,2,1,1,15.0,0.0,8.0,8.0,8.0,8.0,8.0,8.0,48.0,,48.0,1,,1,1,1,1,4,1025.0,,, ,, ,, , , , , , , , ,1,5,2, ,2, ,2, ,2, ,1,5,2, ,2, ,2, ,1,5,2, ,2, ,2, ,10,2, ,2,2,2,2,2,2,10,7,1,1025.0, ,,,,,,, ,1025.0,1025.0,1025.0,1,,2024_AbrMayJun,937.114115924349,,,,,25-39,0,
2024,4,2186201,1,33,1,1,20240421862011003314,1,4,3,1,2, ,1,23.0,4,22.0,4.0,2000.0,1,,, , , , , , , , , , , , ,4, ,9334.0,4921.0,3,5,1, ,3,80.0,0.0,0.0,14.0,0.0,14.0,14.0,14.0,56.0,,56.0,1,,2, ,2,2,2,250.0,,, ,, ,, , , , , , , , ,1,5,2, ,2, ,2, ,2, ,1,5,2, ,2, ,2, ,2, ,2, ,2, ,2, ,6,5, ,2,2,2,2,2,2,10,9,1,1083.0, ,,,,,,, ,1083.0,1083.0,1083.0,1,,2024_AbrMayJun,826.65252798014,,,,,15-24,0,
2024,4,2186201,1,33,1,1,20240421862011003315,1,5,4,1,2, ,2,21.0,5,28.0,1.0,2003.0,2,2.0,2.0,2,2,2,2,2,2,2,2,2,2,2,2,5,2,,, , , , , ,,,,,,,,,,,, ,, , , , , ,,,, ,, ,, ,1,5,1,1,13,4,1,1,5,2, ,2, ,2, ,2, ,1,5,2, ,2, ,2, ,2, ,2, ,2, ,2, ,6,5, ,2,2,2,2,2,2,10,7,2,, ,,,,,,, ,,,,1,,2024_AbrMayJun,874.999901977421,,,,,15-24,0,
2024,4,2186201,1,33,1,1,20240421862011003316,1,6,5,1,2, ,2,2.0, ,,,, ,,, , , , , , , , , , , , , , ,,, , , , , ,,,,,,,,,,,, ,, , , , , ,,,, ,, ,, , , , , , , , , , , , , , , , , , , , , , , , , , , , , , , , , , , , , , , , , , , , , , ,, ,,,,,,, ,,,,1,,2024_AbrMayJun, ,,,,,0-14,0,
2024,4,2186201,1,34,1,1,20240421862011003411,1,1,1,1,2, ,1,33.0,1,13.0,11.0,1990.0,1,,, , , , , , , , , , , , ,1, ,7412.0,4321.0,2, ,3,2,1,1.0,0.0,0.0,2.0,6.0,6.0,0.0,0.0,14.0,,14.0,1,,1,1,1,2, ,,,, ,, ,, , , , , , , , ,1,5,2, ,2, ,2, ,2, ,1,5,2, ,2, ,2, ,2, ,1,5,2, ,2, ,9,3, ,2,2,2,2,2,2,10,1,1,, ,400.0,,,,,, ,400.0,400.0,400.0,1,,2024_AbrMayJun,937.114115924349,,,,,25-39,0,
2024,4,2186201,1,34,1,1,20240421862011003412,1,2,2,1,2, ,2,32.0,2,22.0,1.0,1992.0,1,,, , , , , , , , , , , , ,2, ,3213.0,4772.0,3,5,2,1,1,3.0,8.0,8.0,8.0,8.0,0.0,8.0,8.0,48.0,,48.0,1,,2, ,2,1,4,800.0,,, ,, ,, , , , , , , , ,1,5,2, ,2, ,2, ,2, ,1,5,2, ,2, ,2, ,2, ,2, ,2, ,2, ,9,3, ,2,2,2,2,2,2,10,1,1,800.0, ,,,,,,, ,800.0,800.0,800.0,1,,2024_AbrMayJun,988.264270195692,,,,,25-39,0,
2024,4,2186201,1,34,1,1,20240421862011003413,1,3,3,1,2, ,1,6.0, ,,,, ,,, , , , , , , , , , , , , , ,,, , , , , ,,,,,,,,,,,, ,, , , , , ,,,, ,, ,, , , , , , , , , , , , , , , , , , , , , , , , , , , , , , , , , , , , , , , , , , , , , , ,, ,,,,,,, ,,,,1,,2024_AbrMayJun, ,,,,,0-14,0,
2024,4,2186201,1,35,1,1,20240421862011003511,1,1,1,1,2, ,1,50.0,2,20.0,5.0,1973.0,1,,, , , , , , , , , , , , ,1, ,9313.0,4100.0,3,5,3,2,1,4.0,0.0,8.0,8.0,8.0,8.0,8.0,8.0,48.0,,48.0,1,,2, ,2,2,2,400.0,,, ,, ,, , , , , , , , ,1,5,2, ,2, ,2, ,2, ,1,5,2, ,2, ,2, ,2, ,2, ,2, ,2, ,6,5, ,2,2,2,2,2,2,1,1,1,1732.0, ,,,,,,, ,1732.0,1732.0,1732.0,1,,2024_AbrMayJun,876.946811326054,,,,,40-59,0,
2024,4,2186201,1,35,1,1,20240421862011003512,1,2,2,1,2, ,2,43.0,2,10.0,12.0,1980.0,1,,, , , , , , , , , , , , ,2, ,5212.0,4773.0,2, ,3,2,1,2.0,10.0,10.0,10.0,10.0,10.0,10.0,10.0,70.0,,70.0,1,,2, ,2,2, ,,,, ,, ,, , , , , , , , ,1,5,2, ,2, ,2, ,2, ,1,5,2, ,2, ,2, ,2, ,2, ,2, ,2, ,4, ,6,2,2,2,2,2,2,1,1,1,, ,40.0,40.0,,,,, ,80.0,80.0,80.0,1,,2024_AbrMayJun,988.264270195692,,,,,40-59,0,
2024,4,2186201,1,35,1,1,20240421862011003513,1,3,3,1,2, ,1,21.0,3,24.0,7.0,2002.0,2,2.0,2.0,2,2,2,2,2,2,2,2,2,2,2,2,3,2,,, , , , , ,,,,,,,,,,,, ,, , , , , ,,,, ,, ,, ,2,8,2,2,11, , ,1,5,2, ,2, ,2, ,2, ,1,5,2, ,2, ,2, ,2, ,2, ,2, ,2, ,6,5, ,2,2,2,2,2,2,10,7,4,, ,,,,,,, ,,,,1,,2024_AbrMayJun,826.65252798014,,,,,15-24,0,
2024,4,2186201,1,35,1,1,20240421862011003514,1,4,3,1,2, ,2,17.0,4,20.0,4.0,2006.0,1,,, , , , , , , , , , , , ,4, ,9321.0,4630.0,3,5,3,2,1,9.0,0.0,5.0,5.0,5.0,5.0,5.0,0.0,25.0,,25.0,1,,1,1,1,1,2,95.0,,, ,, ,, , , , , , , , ,2,5,2, ,2, ,2, ,2, ,1,5,2, ,2, ,2, ,2, ,2, ,2, ,2, ,6,5, ,2,2,2,2,2,2,10,6,1,411.0, ,,,,,,, ,411.0,411.0,411.0,1,,2024_AbrMayJun,874.999901977421,,,,,15-24,0,
2024,4,2186201,1,35,1,1,20240421862011003515,1,5,3,1,2, ,2,15.0,5,31.0,10.0,2008.0,2,2.0,2.0,2,2,2,2,2,2,2,2,2,1,2,2,5, ,5223.0,4773.0,4, ,3,2,1,2.0,0.0,2.0,2.0,2.0,2.0,2.0,2.0,12.0,,,1,,2, , , , ,,,, ,, ,, ,2,4,2,2,5, , ,1,5,2, ,2, ,2, ,2, ,1,5,2, ,2, ,2, ,2, ,2, ,2, ,2, ,5,3, ,2,2,2,2,2,2,10,7,4,, ,,,,,,, ,,,,1,,2024_AbrMayJun,874.999901977421,,,,,15-24,0,
2024,4,2186201,1,35,1,1,20240421862011003516,1,6,3,1,2, ,1,1.0, ,,,, ,,, , , , , , , , , , , , , , ,,, , , , , ,,,,,,,,,,,, ,, , , , , ,,,, ,, ,, , , , , , , , , , , , , , , , , , , , , , , , , , , , , , , , , , , , , , , , , , , , , , ,, ,,,,,,, ,,,,1,,2024_AbrMayJun, ,,,,,0-14,0,
2024,4,2186201,1,35,1,1,20240421862011003517,1,7,11,1,2, ,1,33.0,7,13.0,6.0,1990.0,2,2.0,2.0,2,2,2,2,2,2,2,2,2,2,2,2,7,2,,, , , , , ,,,,,,,,,,,, ,, , , , , ,,,, ,, ,, ,2,5,2,2,11, , ,1,5,2, ,2, ,2, ,2, ,1,5,2, ,2, ,2, ,1,5,2, ,2, ,2, ,6,5, ,2,2,2,2,2,2,10,7,4,, ,,,,,,, ,,,,1,,2024_AbrMayJun,937.114115924349,,,,,25-39,0,
2024,4,2186201,1,35,1,1,20240421862011003518,1,8,11,1,2, ,1,, ,,,, ,,, , , , , , , , , , , , , , ,,, , , , , ,,,,,,,,,,,, ,, , , , , ,,,, ,, ,, , , , , , , , , , , , , , , , , , , , , , , , , , , , , , , , , , , , , , , , , , , , , , ,, ,,,,,,, ,,,,1,,2024_AbrMayJun, ,,,,,,0,
2024,4,2186201,1,36,1,1,20240421862011003611,1,1,1,1,2, ,1,41.0,1,18.0,5.0,1982.0,1,,, , , , , , , , , , , , ,1, ,9124.0,9609.0,2, ,3,2,1,1.0,12.0,12.0,12.0,12.0,12.0,0.0,12.0,72.0,,72.0,1,,2, ,2,1, ,,,, ,, ,, , , , , , , , ,1,5,2, ,2, ,2, ,2, ,1,5,2, ,2, ,2, ,2, ,2, ,2, ,2, ,4, ,6,2,2,2,2,2,2,10,7,1,, ,1345.0,,,,,, ,1345.0,1345.0,1345.0,1,,2024_AbrMayJun,937.114115924349,,,,,40-59,0,
2024,4,2186201,1,36,1,1,20240421862011003612,1,2,2,1,2, ,2,33.0,2,11.0,8.0,1990.0,1,,, , , , , , , , , , , , ,2, ,5120.0,5610.0,2, ,3,2,1,1.0,0.0,5.0,5.0,5.0,5.0,0.0,0.0,20.0,,25.0,2,25.0,1,1,1,1, ,,,, ,, ,, , , , , , , , ,1,5,2, ,2, ,2, ,2, ,1,5,2, ,2, ,2, ,2, ,2, ,2, ,2, ,5,1, ,2,2,2,2,2,2,10,7,1,, ,225.0,,,,,, ,225.0,225.0,225.0,1,,2024_AbrMayJun,988.264270195692,,,,,25-39,0,
2024,4,2186201,1,36,1,1,20240421862011003613,1,3,3,1,2, ,1,16.0,3,17.0,7.0,2007.0,2,2.0,2.0,2,2,2,2,2,2,2,2,2,2,2,2,3,2,,, , , , , ,,,,,,,,,,,, ,, , , , , ,,,, ,, ,, ,2,4,2,2,5, , ,1,5,2, ,2, ,2, ,2, ,1,5,2, ,2, ,2, ,2, ,2, ,2, ,2, ,5,4, ,2,2,2,2,2,2,10,9,4,, ,,,,,,, ,,,,1,,2024_AbrMayJun,826.65252798014,,,,,15-24,0,
2024,4,2186201,1,36,1,1,20240421862011003614,1,4,3,1,2, ,1,15.0,4,20.0,12.0,2008.0,2,2.0,2.0,2,2,2,2,2,2,2,2,2,2,2,2,4,2,,, , , , , ,,,,,,,,,,,, ,, , , , , ,,,, ,, ,, ,2,4,2,2,5, , ,1,5,2, ,2, ,2, ,2, ,1,5,2, ,2, ,2, ,2, ,2, ,2, ,2, ,5,3, ,2,2,2,2,2,2,10,9,4,, ,,,,,,, ,,,,1,,2024_AbrMayJun,826.65252798014,,,,,15-24,0,
2024,4,2186201,1,36,1,1,20240421862011003615,1,5,3,1,2, ,2,9.0, ,,,, ,,, , , , , , , , , , , , , , ,,, , , , , ,,,,,,,,,,,, ,, , , , , ,,,, ,, ,, , , , , , , , , , , , , , , , , , , , , , , , , , , , , , , , , , , , , , , , , , , , , , ,, ,,,,,,, ,,,,1,,2024_AbrMayJun, ,,,,,0-14,0,
2024,4,2186201,1,36,1,1,20240421862011003616,1,6,3,1,2, ,2,2.0, ,,,, ,,, , , , , , , , , , , , , , ,,, , , , , ,,,,,,,,,,,, ,, , , , , ,,,, ,, ,, , , , , , , , , , , , , , , , , , , , , , , , , , , , , , , , , , , , , , , , , , , , , , ,, ,,,,,,, ,,,,1,,2024_AbrMayJun, ,,,,,0-14,0,
2024,4,21921,1,125,1,1,202404219211012511,1,1,1,1,2, ,1,32.0,1,20.0,4.0,1991.0,1,,, , , , , , , , , , , , ,1, ,3314.0,1811.0,1, ,1, ,1,3.0,0.0,10.0,10.0,10.0,10.0,10.0,3.0,53.0,,53.0,1,,1,1,1,2, ,,,4500.0, ,, ,, , , , , , , , ,1,5,2, ,2, ,2, ,2, ,1,5,2, ,2, ,2, ,1,5,2, ,2, ,2, ,6,5, ,2,2,2,2,2,2,10,7,1,, ,4500.0,,,,,, ,4500.0,4500.0,4500.0,1,,2024_AbrMayJun,720.136044575792,,,,,25-39,0,
2024,4,21921,1,125,1,1,202404219211012512,1,2,2,1,2, ,2,31.0,2,15.0,5.0,1992.0,2,2.0,2.0,2,2,2,2,2,2,2,2,2,2,2,2,2,2,,, , , , , ,,,,,,,,,,,, ,, , , , , ,,,, ,, ,, ,2,5,2,2,6, , ,1,5,2, ,2, ,2, ,2, ,1,5,2, ,2, ,2, ,1,5,2, ,2, ,2, ,9,3, ,2,2,2,2,2,2,10,7,4,, ,,,,,,, ,,,,1,,2024_AbrMayJun,759.4429647795,,,,,25-39,0,
2024,4,21921,1,125,1,1,202404219211012513,1,3,3,1,2, ,1,9.0, ,,,, ,,, , , , , , , , , , , , , , ,,, , , , , ,,,,,,,,,,,, ,, , , , , ,,,, ,, ,, , , , , , , , , , , , , , , , , , , , , , , , , , , , , , , , , , , , , , , , , , , , , , ,, ,,,,,,, ,,,,1,,2024_AbrMayJun, ,,,,,0-14,0,
2024,4,21921,1,125,1,1,202404219211012514,1,4,3,1,2, ,2,2.0, ,,,, ,,, , , , , , , , , , , , , , ,,, , , , , ,,,,,,,,,,,, ,, , , , , ,,,, ,, ,, , , , , , , , , , , , , , , , , , , , , , , , , , , , , , , , , , , , , , , , , , , , , , ,, ,,,,,,, ,,,,1,,2024_AbrMayJun, ,,,,,0-14,0,
2024,4,21921,1,127,1,1,202404219211012711,1,1,1,1,2, ,2,42.0,1,26.0,2.0,1982.0,2,2.0,2.0,2,2,2,2,2,2,2,2,2,2,2,2,1,2,,, , , , , ,,,,,,,,,,,, ,, , , , , ,,,, ,, ,, ,2,5,2,2,6, , ,1,5,2, ,2, ,2, ,2, ,1,5,2, ,2, ,2, ,2, ,2, ,2, ,2, ,6,5, ,2,2,2,2,2,2,10,7,4,, ,,,,,,, ,,,,1,,2024_AbrMayJun,759.4429647795,,,,,40-59,0,
2024,4,21921,1,127,1,1,202404219211012712,1,3,3,1,2, ,1,19.0,3,20.0,11.0,2004.0,2,2.0,2.0,2,2,2,2,2,2,2,2,2,2,2,2,3,2,,, , , , , ,,,,,,,,,,,, ,, , , , , ,,,, ,, ,, ,2,4,2,2,5, , ,1,5,2, ,2, ,2, ,2, ,1,5,2, ,2, ,2, ,2, ,2, ,2, ,2, ,6,5, ,2,2,2,2,2,2,10,7,4,, ,,,,,,, ,,,,1,,2024_AbrMayJun,635.250575807413,,,,,15-24,0,
2024,4,21921,1,127,1,1,202404219211012713,1,4,3,1,2, ,1,11.0, ,,,, ,,, , , , , , , , , , , , , , ,,, , , , , ,,,,,,,,,,,, ,, , , , , ,,,, ,, ,, , , , , , , , , , , , , , , , , , , , , , , , , , , , , , , , , , , , , , , , , , , , , , ,, ,,,,,,, ,,,,1,,2024_AbrMayJun, ,,,,,0-14,0,
2024,4,21921,1,127,1,1,202404219211012714,1,5,3,1,2, ,2,1.0, ,,,, ,,, , , , , , , , , , , , , , ,,, , , , , ,,,,,,,,,,,, ,, , , , , ,,,, ,, ,, , , , , , , , , , , , , , , , , , , , , , , , , , , , , , , , , , , , , , , , , , , , , , ,, ,,,,,,, ,,,,1,,2024_AbrMayJun, ,,,,,0-14,0,
2024,4,21921,1,127,1,1,202404219211012715,1,2,2,1,2, ,1,41.0,2,28.0,8.0,1982.0,1,,, , , , , , , , , , , , ,2, ,8331.0,4921.0,2, ,3,2,1,1.0,0.0,0.0,0.0,0.0,14.0,14.0,14.0,42.0,,42.0,1,,2, ,2,2, ,,,, ,, ,, , , , , , , , ,1,6,2, ,2, ,2, ,2, ,2, ,2, ,2, ,2, ,2, ,2, ,2, ,2, ,6,5, ,2,2,2,2,2,2,10,1,1,, ,1789.0,,,,,, ,1789.0,1789.0,1789.0,1,,2024_AbrMayJun,720.136044575792,,,,,40-59,0,
2024,4,21921,1,129,1,1,202404219211012911,1,1,1,1,2, ,1,34.0,1,3.0,10.0,1989.0,1,,, , , , , , , , , , , , ,1, ,7111.0,4100.0,3,5,1, ,2,50.0,0.0,8.0,8.0,8.0,0.0,0.0,4.0,28.0,,40.0,2,40.0,1,1,1,2,4,1025.0,,, ,, ,, , , , , , , , ,1,1,1,1,2, ,2, ,2, ,2, ,2, ,2, ,2, ,2, ,1,1,2, ,2, ,6,5, ,2,2,2,2,2,2,10,7,1,1025.0, ,,,,,,,170,1025.0,1025.0,1195.0,1,,2024_AbrMayJun,720.136044575792,,,,,25-39,0,
2024,4,21921,1,188,1,1,202404219211018811,1,1,1,1,2, ,2,49.0,1,16.0,9.0,1974.0,1,,, , , , , , , , , , , , ,1, ,9112.0,9311.0,3,5,1, ,2,50.0,0.0,8.0,8.0,8.0,8.0,8.0,0.0,40.0,,40.0,2,8.0,2, ,2,2,4,1025.0,,, ,, ,, , , , , , , , ,1,1,1,1,2, ,2, ,2, ,2, ,2, ,2, ,2, ,1,1,2, ,2, ,2, ,3, ,4,2,2,2,2,2,2,10,7,1,1025.0, ,,,,,,,58,1025.0,1025.0,1083.0,1,,2024_AbrMayJun,572.647314567893,,,,,40-59,0,
2024,4,21921,1,188,1,1,202404219211018812,1,2,3,1,2, ,1,14.0,2,2.0,1.0,2010.0,2,2.0,2.0,2,2,2,2,2,2,2,2,2,2,2,2,2,2,,, , , , , ,,,,,,,,,,,, ,, , , , , ,,,, ,, ,, ,2,4,2,2,5, , ,2,5,2, ,2, ,2, ,2, ,1,5,2, ,2, ,2, ,2, ,2, ,2, ,2, ,5,1, ,2,2,2,2,2,2,10,7,4,, ,,,,,,, ,,,,1,,2024_AbrMayJun,635.250575807413,,,,,0-14,0,
2024,4,21921,1,188,1,1,202404219211018813,1,3,3,1,2, ,1,20.0,3,2.0,6.0,2003.0,1,,, , , , , , , , , , , , ,3, ,9629.0,5221.0,3,5,1, ,5,9998.0,4.0,0.0,0.0,0.0,0.0,0.0,0.0,4.0,,48.0,2,48.0,2, ,2,1,4,1025.0,,, ,, ,, , , , , , , , ,1,5,2, ,2, ,2, ,2, ,1,5,2, ,2, ,2, ,1,5,2, ,2, ,2, ,6,5, ,2,2,2,2,2,2,10,9,1,1025.0, ,,,,,,, ,1025.0,1025.0,1025.0,1,,2024_AbrMayJun,635.250575807413,,,,,15-24,0,
2024,4,21921,1,188,1,1,202404219211018814,1,4,3,1,2, ,2,30.0,4,14.0,10.0,1993.0,2,2.0,2.0,2,2,2,2,2,2,2,2,2,2,2,2,4,2,,, , , , , ,,,,,,,,,,,, ,, , , , , ,,,, ,, ,, ,1,5,1,1,13,4,4,1,6,2, ,2, ,2, ,2, ,2, ,2, ,2, ,2, ,1,5,2, ,2, ,2, ,3, ,5,2,2,2,2,2,2,10,9,2,, ,,,,,,, ,,,,1,,2024_AbrMayJun,759.4429647795,,,,,25-39,0,
2024,4,21921,1,188,1,1,202404219211018815,1,5,4,1,2, ,1,34.0,5,22.0,6.0,1989.0,1,,, , , , , , , , , , , , ,5, ,7128.0,4330.0,3,5,3,2,1,3.0,0.0,0.0,0.0,8.0,8.0,8.0,8.0,32.0,,32.0,1,,1,1,1,1,2,200.0,,, ,, ,, , , , , , , , ,1,5,2, ,2, ,2, ,2, ,1,5,2, ,2, ,2, ,2, ,1,5,2, ,2, ,5,4, ,2,2,2,2,2,2,10,6,1,866.0, ,,,,,,, ,866.0,866.0,866.0,1,,2024_AbrMayJun,720.136044575792,,,,,25-39,0,
2024,4,21921,1,188,1,1,202404219211018816,1,6,5,1,2, ,1,13.0, ,,,, ,,, , , , , , , , , , , , , , ,,, , , , , ,,,,,,,,,,,, ,, , , , , ,,,, ,, ,, , , , , , , , , , , , , , , , , , , , , , , , , , , , , , , , , , , , , , , , , , , , , , ,, ,,,,,,, ,,,,1,,2024_AbrMayJun, ,,,,,0-14,0,
2024,4,21921,1,188,1,1,202404219211018817,1,7,5,1,2, ,1,5.0, ,,,, ,,, , , , , , , , , , , , , , ,,, , , , , ,,,,,,,,,,,, ,, , , , , ,,,, ,, ,, , , , , , , , , , , , , , , , , , , , , , , , , , , , , , , , , , , , , , , , , , , , , , ,, ,,,,,,, ,,,,1,,2024_AbrMayJun, ,,,,,0-14,0,
2024,4,22045,1,65,1,1,202404220451006511,1,1,1,1,2, ,1,76.0,1,26.0,10.0,1947.0,1,,, , , , , , , , , , , , ,1, ,8321.0,4922.0,2, ,3,2,1,1.0,0.0,5.0,5.0,5.0,5.0,5.0,4.0,29.0,,29.0,1,,2, ,2,2, ,,,, ,, ,, , , , , , , , ,1,1,1,5,2, ,2, ,2, ,2, ,2, ,2, ,2, ,1,5,2, ,2, ,2, ,6,5, ,2,2,2,2,2,2,10,5,1,, ,809.0,,,,,, ,809.0,809.0,809.0,1,,2024_AbrMayJun,938.462593326852,,,,,60+,0,
2024,4,22045,1,65,1,1,202404220451006512,1,2,2,1,2, ,2,74.0,2,17.0,8.0,1949.0,2,2.0,2.0,2,2,2,2,2,2,2,2,2,2,2,2,2,2,,, , , , , ,,,,,,,,,,,, ,, , , , , ,,,, ,, ,, ,2,5,1,1,1, , ,1,1,1,5,2, ,2, ,2, ,2, ,2, ,2, ,2, ,1,5,2, ,2, ,2, ,6,5, ,2,2,2,2,2,2,10,7,3,, ,,,,,,, ,,,,1,,2024_AbrMayJun,797.459934091098,,,,,60+,0,
2024,4,22045,1,65,1,1,202404220451006513,1,3,3,1,2, ,1,45.0,3,6.0,9.0,1978.0,1,,, , , , , , , , , , , , ,3, ,7128.0,4330.0,3,5,3,2,1,4.0,0.0,8.0,0.0,8.0,0.0,8.0,8.0,32.0,6.0,38.0,1,,1,1,1,2,2,600.0,,, ,, ,300.0, , , , , , , , ,1,6,2, ,2, ,2, ,2, ,2, ,2, ,2, ,2, ,1,5,2, ,2, ,2, ,6,5, ,2,2,2,2,2,2,10,7,1,2598.0, ,,,,300.0,,, ,2898.0,2598.0,2898.0,1,,2024_AbrMayJun,938.462593326852,,,,,40-59,0,
2024,4,22045,1,69,1,1,202404220451006911,1,1,1,1,2, ,1,50.0,2,28.0,8.0,1973.0,1,,, , , , , , , , , , , , ,1, ,7354.0,1410.0,4, ,3,2,1,2.0,0.0,8.0,8.0,8.0,0.0,0.0,5.0,29.0,,45.0,2,45.0,2, ,2, , ,,,, ,, ,, , , , , , , , ,1,5,2, ,2, ,2, ,2, ,1,5,2, ,2, ,2, ,1,5,2, ,2, ,2, ,6,5, ,2,2,2,2,2,2,1,1,1,, ,,,,,,, ,,,,1,,2024_AbrMayJun,938.462593326852,,,,,40-59,0,
2024,4,22045,1,69,1,1,202404220451006912,1,2,2,1,2, ,2,46.0,2,29.0,9.0,1977.0,1,,, , , , , , , , , , , , ,2, ,7352.0,1410.0,2, ,3,2,1,2.0,0.0,8.0,8.0,8.0,0.0,0.0,4.0,28.0,,48.0,2,48.0,2, ,2,2, ,,,, ,, ,, , , , , , , , ,1,5,2, ,2, ,2, ,2, ,1,5,2, ,2, ,2, ,1,5,2, ,2, ,2, ,6,5, ,2,2,2,2,2,2,10,7,1,, ,1584.0,,,,,, ,1584.0,1584.0,1584.0,1,,2024_AbrMayJun,797.459934091098,,,,,40-59,0,
2024,4,22045,1,69,1,1,202404220451006913,1,3,3,1,2, ,1,21.0,3,23.0,12.0,2002.0,2,2.0,2.0,2,2,2,2,2,2,2,2,2,2,2,2,3,2,,, , , , , ,,,,,,,,,,,, ,, , , , , ,,,, ,, ,, ,2,4,2,2,5, , ,2,5,2, ,2, ,2, ,2, ,1,5,2, ,2, ,2, ,2, ,2, ,2, ,2, ,10,2, ,2,2,2,2,2,2,10,7,4,, ,,,,,,, ,,,,1,,2024_AbrMayJun,884.640282818703,,,,,15-24,0,
2024,4,22045,1,69,1,1,202404220451006914,1,4,3,1,2, ,1,15.0,4,12.0,6.0,2008.0,2,2.0,2.0,2,2,2,2,2,2,2,2,2,2,2,2,4,2,,, , , , , ,,,,,,,,,,,, ,, , , , , ,,,, ,, ,, ,2,4,2,2,5, , ,2,5,2, ,2, ,2, ,2, ,1,5,2, ,2, ,2, ,2, ,2, ,2, ,2, ,5,4, ,2,2,2,2,2,2,10,7,4,, ,,,,,,, ,,,,1,,2024_AbrMayJun,884.640282818703,,,,,15-24,0,
2024,4,22045,1,69,1,1,202404220451006915,1,5,3,1,2, ,2,11.0, ,,,, ,,, , , , , , , , , , , , , , ,,, , , , , ,,,,,,,,,,,, ,, , , , , ,,,, ,, ,, , , , , , , , , , , , , , , , , , , , , , , , , , , , , , , , , , , , , , , , , , , , , , ,, ,,,,,,, ,,,,1,,2024_AbrMayJun, ,,,,,0-14,0,
2024,4,22136,1,65,1,1,202404221361006511,1,1,1,1,2, ,1,67.0,1,22.0,6.0,1956.0,1,,, , , , , , , , , , , , ,1, ,7212.0,4520.0,2, ,3,2,1,1.0,0.0,0.0,0.0,0.0,0.0,0.0,2.0,2.0,,25.0,2,25.0,1,1,1,2, ,,,, ,, ,, , , , , , , , ,1,5,2, ,2, ,2, ,2, ,1,5,2, ,2, ,2, ,2, ,2, ,2, ,2, ,5,3, ,2,2,2,2,2,2,10,7,1,, ,40.0,,,,,, ,40.0,40.0,40.0,1,,2024_AbrMayJun,1025.96139460378,,,,,60+,0,
2024,4,22136,1,66,1,1,202404221361006611,1,1,1,1,2, ,2,61.0,1,17.0,1.0,1963.0,2,2.0,2.0,1,2,2,2,2,2,2,2,2,2,2,2,1, ,9112.0,8121.0,2, ,3,2,1,1.0,0.0,0.0,0.0,0.0,2.0,0.0,0.0,2.0,,2.0,1,,1,1,1,2, ,,,, ,, ,, , , , , , , , ,1,5,2, ,2, ,2, ,2, ,1,5,2, ,2, ,2, ,2, ,2, ,2, ,2, ,5,2, ,2,2,2,2,2,2,10,7,1,, ,50.0,,,,,, ,50.0,50.0,50.0,1,,2024_AbrMayJun,871.812165917402,,,,,60+,0,
2024,4,22136,1,66,1,1,202404221361006612,1,2,3,1,2, ,1,46.0,2,26.0,11.0,1977.0,1,,, , , , , , , , , , , , ,2, ,8321.0,4922.0,2, ,3,2,1,1.0,0.0,8.0,8.0,8.0,8.0,0.0,8.0,40.0,,48.0,2,48.0,2, ,2,2, ,,,, ,, ,, , , , , , , , ,1,5,2, ,2, ,2, ,2, ,1,5,2, ,2, ,2, ,2, ,2, ,2, ,2, ,6,5, ,2,2,2,2,2,2,10,7,1,, ,1380.0,,,,,, ,1380.0,1380.0,1380.0,1,,2024_AbrMayJun,1025.96139460378,,,,,40-59,0,
2024,4,22136,1,66,1,1,202404221361006613,1,3,3,1,2, ,1,36.0,3,14.0,1.0,1988.0,1,,, , , , , , , , , , , , ,3, ,3115.0,3315.0,3,5,1, ,1,8.0,0.0,8.0,8.0,8.0,0.0,0.0,5.0,29.0,,48.0,2,48.0,2, ,2,2,3,795.0,,, ,, ,, , , , , , , , ,1,1,1,1,2, ,2, ,2, ,2, ,2, ,2, ,2, ,1,1,2, ,2, ,2, ,9,3, ,2,2,2,2,2,2,10,7,1,1590.0, ,,,,,,,34,1590.0,1590.0,1624.0,1,,2024_AbrMayJun,1096.35258702043,,,,,25-39,0,
2024,4,22136,1,66,2,1,202404221361006621,1,1,1,1,2, ,1,44.0,1,6.0,12.0,1979.0,1,,, , , , , , , , , , , , ,1, ,8321.0,4922.0,2, ,3,2,1,1.0,11.0,11.0,11.0,11.0,11.0,11.0,11.0,77.0,12.0,89.0,1,,1,1,1,2, ,,,, ,320.0, ,, , , , , , , , ,1,5,2, ,2, ,2, ,2, ,1,5,2, ,2, ,2, ,1,5,2, ,2, ,2, ,6,5, ,2,2,2,2,2,2,10,7,1,, ,1200.0,,320.0,,,, ,1520.0,1200.0,1520.0,1,,2024_AbrMayJun,1096.35258702043,,,,,40-59,0,
2024,4,22136,1,66,2,1,202404221361006622,1,2,2,1,2, ,2,37.0,2,12.0,1.0,1987.0,1,,, , , , , , , , , , , , ,2, ,5213.0,4781.0,3,5,3,2,1,3.0,0.0,0.0,0.0,0.0,5.0,5.0,0.0,10.0,,10.0,2,5.0,1,1,1,2,2,50.0,10.0,, ,, ,, , , , , , , , ,1,5,2, ,2, ,2, ,2, ,1,5,2, ,2, ,2, ,2, ,2, ,2, ,2, ,6,5, ,2,2,2,2,2,2,10,7,1,217.0,300,,,,,,, ,517.0,517.0,517.0,1,,2024_AbrMayJun,1156.19439604768,,,,,25-39,0,
2024,4,22136,1,66,2,1,202404221361006623,1,3,3,1,2, ,2,10.0, ,,,, ,,, , , , , , , , , , , , , , ,,, , , , , ,,,,,,,,,,,, ,, , , , , ,,,, ,, ,, , , , , , , , , , , , , , , , , , , , , , , , , , , , , , , , , , , , , , , , , , , , , , ,, ,,,,,,, ,,,,1,,2024_AbrMayJun, ,,,,,0-14,0,
2024,4,22136,1,66,2,1,202404221361006624,1,4,3,1,2, ,1,6.0, ,,,, ,,, , , , , , , , , , , , , , ,,, , , , , ,,,,,,,,,,,, ,, , , , , ,,,, ,, ,, , , , , , , , , , , , , , , , , , , , , , , , , , , , , , , , , , , , , , , , , , , , , , ,, ,,,,,,, ,,,,1,,2024_AbrMayJun, ,,,,,0-14,0,
2024,4,22136,1,67,1,1,202404221361006711,1,1,1,1,2, ,1,70.0,1,17.0,6.0,1953.0,1,,, , , , , , , , , , , , ,1, ,9629.0,8299.0,2, ,3,2,1,1.0,0.0,0.0,0.0,2.0,0.0,0.0,0.0,2.0,,6.0,2,6.0,1,1,1,2, ,,,, ,, ,, , , , , , , , ,1,1,1,3,2, ,2, ,2, ,2, ,2, ,2, ,2, ,2, ,1,3,2, ,2, ,6,5, ,2,2,2,2,2,2,10,7,1,, ,69.0,,,,,, ,69.0,69.0,69.0,1,,2024_AbrMayJun,1025.96139460378,,,,,60+,0,
2024,4,22136,1,67,1,1,202404221361006712,1,2,2,1,2, ,2,71.0,2,10.0,2.0,1953.0,1,,, , , , , , , , , , , , ,2, ,7354.0,9529.0,2, ,3,2,1,1.0,0.0,5.0,0.0,5.0,0.0,0.0,0.0,10.0,,35.0,2,35.0,1,1,1,2, ,,,, ,, ,, , , , , , , , ,2,1,1,4,2, ,2, ,2, ,2, ,2, ,2, ,2, ,2, ,2, ,2, ,2, ,5,4, ,2,2,2,1,2,2,10,7,1,, ,690.0,,,,,, ,690.0,690.0,690.0,1,,2024_AbrMayJun,871.812165917402,,,,,60+,0,
2024,4,22136,1,67,1,1,202404221361006713,1,3,3,1,2, ,1,35.0,3,12.0,6.0,1988.0,1,,, , , , , , , , , , , , ,3, ,3422.0,9312.0,3,5,3,2,1,3.0,5.0,5.0,5.0,5.0,0.0,0.0,5.0,25.0,,30.0,2,30.0,1,1,1,2,2,400.0,,, ,, ,, , , , , , , , ,1,6,2, ,2, ,2, ,2, ,2, ,2, ,2, ,2, ,2, ,2, ,2, ,2, ,9,3, ,2,2,2,2,2,2,10,7,1,1732.0, ,,,,,,, ,1732.0,1732.0,1732.0,1,,2024_AbrMayJun,1096.35258702043,,,,,25-39,0,
2024,4,22136,1,165,1,1,202404221361016511,1,1,1,1,2, ,2,38.0,1,5.0,10.0,1985.0,1,,, , , , , , , , , , , , ,1, ,8153.0,1410.0,3,5,1, ,5,2000.0,0.0,8.0,8.0,8.0,8.0,8.0,8.0,48.0,,48.0,1,,2, ,2,2,2,390.0,,, ,, ,, , , , , , , , ,1,3,1,1,2, ,1,1,2, ,2, ,2, ,2, ,2, ,1,1,2, ,2, ,2, ,6,5, ,2,2,2,2,2,2,10,7,1,1689.0, ,,,,,,,287,1689.0,1689.0,1976.0,1,,2024_AbrMayJun,1156.19439604768,,,,,25-39,0,
2024,4,22136,1,165,1,1,202404221361016512,1,2,2,1,2, ,1,37.0,1,7.0,4.0,1986.0,1,,, , , , , , , , , , , , ,2, ,7354.0,1410.0,3,5,1, ,5,2000.0,0.0,8.0,8.0,8.0,8.0,8.0,8.0,48.0,,48.0,1,,2, ,2,2,2,310.0,,, ,, ,, , , , , , , , ,1,1,1,1,2, ,2, ,2, ,2, ,2, ,2, ,2, ,1,1,2, ,2, ,2, ,4, ,6,2,2,2,2,2,2,1,7,1,1342.0, ,,,,,,,270,1342.0,1342.0,1612.0,1,,2024_AbrMayJun,1096.35258702043,,,,,25-39,0,
2024,4,22136,1,165,1,1,202404221361016513,1,3,3,1,2, ,2,9.0, ,,,, ,,, , , , , , , , , , , , , , ,,, , , , , ,,,,,,,,,,,, ,, , , , , ,,,, ,, ,, , , , , , , , , , , , , , , , , , , , , , , , , , , , , , , , , , , , , , , , , , , , , , ,, ,,,,,,, ,,,,1,,2024_AbrMayJun, ,,,,,0-14,0,
2024,4,22136,1,165,1,1,202404221361016514,1,4,3,1,2, ,1,4.0, ,,,, ,,, , , , , , , , , , , , , , ,,, , , , , ,,,,,,,,,,,, ,, , , , , ,,,, ,, ,, , , , , , , , , , , , , , , , , , , , , , , , , , , , , , , , , , , , , , , , , , , , , , ,, ,,,,,,, ,,,,1,,2024_AbrMayJun, ,,,,,0-14,0,
2024,4,22729,1,65,1,1,202404227291006511,1,1,1,1,2, ,2,53.0,1,2.0,7.0,1970.0,1,,, , , , , , , , , , , , ,1, ,5120.0,5630.0,2, ,3,2,1,2.0,8.0,8.0,8.0,8.0,2.0,0.0,8.0,42.0,,42.0,2,38.0,2, ,2,2, ,,,, ,, ,, , , , , , , , ,1,5,2, ,2, ,2, ,2, ,1,5,2, ,2, ,2, ,2, ,2, ,2, ,2, ,6,5, ,2,2,2,2,2,2,10,7,1,, ,11.0,9.0,,,,, ,20.0,20.0,20.0,1,,2024_AbrMayJun,921.739405208346,,,,,40-59,0,
2024,4,22729,1,65,1,1,202404227291006512,1,2,3,1,2, ,1,25.0,2,6.0,11.0,1998.0,2,2.0,2.0,2,2,2,2,2,2,2,2,2,2,2,2,2,2,,, , , , , ,,,,,,,,,,,, ,, , , , , ,,,, ,, ,, ,1,4,1,1,13,5,1,1,6,2, ,2, ,2, ,2, ,2, ,2, ,2, ,2, ,1,5,2, ,2, ,2, ,9,3, ,2,2,2,2,2,2,10,7,2,, ,,,,,,, ,,,,1,,2024_AbrMayJun,1159.1388844585,,,,,25-39,0,
2024,4,25396,1,30,1,1,202404253961003011,1,1,1,1,2, ,1,94.0,3,12.0,1.0,1930.0,2,2.0,2.0,2,2,2,2,2,2,2,2,2,2,2,2,1,2,,, , , , , ,,,,,,,,,,,, ,, , , , , ,,,, ,, ,, ,2,8,2,2,3, , ,1,1,1,3,2, ,2, ,2, ,2, ,2, ,2, ,2, ,2, ,1,3,2, ,2, ,10,2, ,2,2,2,2,2,2,10,7,4,, ,,,,,,, ,,,,1,,2024_AbrMayJun,1055.10990745042,,,,,60+,0,
2024,4,25396,1,30,1,1,202404253961003012,1,2,2,1,2, ,2,87.0,2,16.0,9.0,1936.0,2,2.0,2.0,2,2,2,2,2,2,2,2,2,2,2,2,2,2,,, , , , , ,,,,,,,,,,,, ,, , , , , ,,,, ,, ,, ,2,8,2,2,3, , ,2,1,1,4,2, ,2, ,2, ,2, ,2, ,2, ,2, ,2, ,2, ,2, ,2, ,6,5, ,2,2,2,2,2,2,10,7,4,, ,,,,,,, ,,,,1,,2024_AbrMayJun,896.581156497118,,,,,60+,0,
2024,4,25396,1,30,1,1,202404253961003013,1,3,3,1,2, ,2,69.0,3,10.0,11.0,1954.0,2,2.0,2.0,2,2,2,2,2,2,2,2,2,2,2,2,3,2,,, , , , , ,,,,,,,,,,,, ,, , , , , ,,,, ,, ,, ,2,5,2,2,6, , ,1,6,2, ,2, ,2, ,2, ,2, ,2, ,2, ,2, ,2, ,2, ,2, ,2, ,10,2, ,2,2,2,2,2,2,10,8,4,, ,,,,,,, ,,,,1,,2024_AbrMayJun,896.581156497118,,,,,60+,0,
2024,4,25396,1,30,1,1,202404253961003014,1,4,3,1,1, ,2,65.0, ,,,, ,,, , , , , , , , , , , , , , ,,, , , , , ,,,,,,,,,,,, ,, , , , , ,,,, ,, ,, , , , , , , , , , , , , , , , , , , , , , , , , , , , , , , , , , , , , , , , , , , , , , ,, ,,,,,,, ,,,,0,,2024_AbrMayJun, ,,,,,60+,0,
2024,4,25396,1,141,1,1,202404253961014111,1,1,1,1,2, ,1,33.0,1,3.0,10.0,1990.0,1,,, , , , , , , , , , , , ,1, ,3422.0,8541.0,1, ,2,1,1,7.0,0.0,10.0,10.0,10.0,10.0,10.0,4.0,54.0,10.0,64.0,1,,1,1,1,2, ,,,, ,, ,5000.0, , , , , , , , ,1,5,2, ,2, ,2, ,2, ,1,5,2, ,2, ,2, ,1,5,2, ,2, ,2, ,11,5, ,2,2,2,2,2,2,10,7,1,, ,9500.0,,,5000.0,,, ,14500.0,9500.0,14500.0,1,,2024_AbrMayJun,1127.50097879744,,,,,25-39,0,
2024,4,25396,1,141,1,1,202404253961014112,1,2,2,1,2, ,2,35.0,2,22.0,12.0,1988.0,1,,, , , , , , , , , , , , ,2, ,2359.0,8521.0,3,5,1, ,2,50.0,0.0,4.0,4.0,4.0,4.0,4.0,3.0,23.0,35.0,58.0,2,20.0,1,1,1,2,4,1400.0,,, ,600.0, ,, , , , , , , , ,1,1,1,1,2, ,2, ,2, ,2, ,2, ,2, ,2, ,2, ,1,1,2, ,2, ,10,3, ,2,2,2,2,2,2,10,7,1,1400.0, ,,,600.0,,,, ,2000.0,1400.0,2000.0,1,,2024_AbrMayJun,1189.0429490085,,,,,25-39,0,
2024,4,25396,1,141,1,1,202404253961014113,1,3,3,1,2, ,2,11.0, ,,,, ,,, , , , , , , , , , , , , , ,,, , , , , ,,,,,,,,,,,, ,, , , , , ,,,, ,, ,, , , , , , , , , , , , , , , , , , , , , , , , , , , , , , , , , , , , , , , , , , , , , , ,, ,,,,,,, ,,,,1,,2024_AbrMayJun, ,,,,,0-14,0,
2024,4,25396,1,141,1,1,202404253961014114,1,4,3,1,2, ,2,7.0, ,,,, ,,, , , , , , , , , , , , , , ,,, , , , , ,,,,,,,,,,,, ,, , , , , ,,,, ,, ,, , , , , , , , , , , , , , , , , , , , , , , , , , , , , , , , , , , , , , , , , , , , , , ,, ,,,,,,, ,,,,1,,2024_AbrMayJun, ,,,,,0-14,0,
2024,4,25396,1,141,1,1,202404253961014115,1,5,3,1,2, ,2,2.0, ,,,, ,,, , , , , , , , , , , , , , ,,, , , , , ,,,,,,,,,,,, ,, , , , , ,,,, ,, ,, , , , , , , , , , , , , , , , , , , , , , , , , , , , , , , , , , , , , , , , , , , , , , ,, ,,,,,,, ,,,,1,,2024_AbrMayJun, ,,,,,0-14,0,
2024,4,25396,1,142,1,1,202404253961014211,1,1,1,1,2, ,1,59.0,1,20.0,6.0,1964.0,1,,, , , , , , , , , , , , ,1, ,4323.0,4923.0,3,5,1, ,1,15.0,3.0,9.0,9.0,3.0,3.0,9.0,9.0,45.0,,45.0,1,,2, ,2,2,4,1400.0,,, ,, ,, , , , , , , , ,1,1,1,1,2, ,2, ,2, ,2, ,2, ,2, ,2, ,2, ,1,1,2, ,2, ,10,2, ,2,2,2,2,2,2,10,7,1,1400.0, ,,,,,,,58,1400.0,1400.0,1458.0,1,,2024_AbrMayJun,1055.10990745042,,,,,40-59,0,
2024,4,25396,1,142,1,1,202404253961014212,1,3,11,1,2, ,2,65.0,1,12.0,2.0,1959.0,2,2.0,2.0,2,2,2,2,2,2,2,2,2,2,2,2,3,2,,, , , , , ,,,,,,,,,,,, ,, , , , , ,,,, ,, ,, ,2,5,2,2,7, , ,1,5,2, ,2, ,2, ,2, ,1,5,2, ,2, ,2, ,2, ,2, ,2, ,2, ,6,5, ,2,2,2,2,2,2,10,6,4,, ,,,,,,, ,,,,1,,2024_AbrMayJun,896.581156497118,,,,,60+,0,
2024,1,24160,1,22,1,1,202401241601002211,1,1,1,1,2, ,2,40.0,1,25.0,1.0,1983.0,2,2.0,2.0,2,2,2,2,2,2,2,2,2,2,2,2,1,2,,, , , , , ,,,,,,,,,,,, ,, , , , , ,,,, ,, ,, ,2,5,1,1,6, , ,1,5,2, ,2, ,2, ,2, ,1,5,2, ,2, ,2, ,2, ,2, ,2, ,2, ,6,5, ,2,2,2,2,2,2,10,7,4,, ,,,,,,, ,,,,1,,2024_EneFebMar,,1821.3527316698,,,,40-59,0,
2024,1,24160,1,22,1,1,202401241601002212,1,2,2,1,2, ,1,43.0,2,15.0,10.0,1980.0,2,2.0,2.0,2,2,2,2,2,2,2,2,2,2,2,2,2,2,,, , , , , ,,,,,,,,,,,, ,, , , , , ,,,, ,, ,, ,2,5,1,1,9, , ,1,6,2, ,2, ,2, ,2, ,2, ,2, ,2, ,2, ,2, ,1,5,2, ,2, ,6,5, ,2,2,2,2,2,2,10,7,3,, ,,,,,,, ,,,,1,,2024_EneFebMar,,1850.89056217452,,,,40-59,0,
2024,1,24160,1,22,1,1,202401241601002213,1,3,3,1,2, ,1,13.0, ,,,, ,,, , , , , , , , , , , , , , ,,, , , , , ,,,,,,,,,,,, ,, , , , , ,,,, ,, ,, , , , , , , , , , , , , , , , , , , , , , , , , , , , , , , , , , , , , , , , , , , , , , ,, ,,,,,,, ,,,,1,,2024_EneFebMar,, ,,,,0-14,0,
2024,1,21682,1,3,1,1,202310216821000311,1,1,1,1,2, ,1,62.0,1,20.0,3.0,1961.0,1,,, , , , , , , , , , , , ,1, ,9549.0,4789.0,2, ,2,2,1,1.0,0.0,0.0,0.0,5.0,0.0,12.0,5.0,22.0,,22.0,1,,1,2,2,2, ,,,, ,, ,, , , , , , , , ,1,1,1,2,2, ,2, ,2, ,2, ,2, ,2, ,2, ,1,5,2, ,2, ,2, ,8,1, ,2,2,2,2,2,2,10,7,1,, ,1500.0,,,,,, ,1500.0,1500.0,1500.0,1,,2024_EneFebMar,,537.625699546285,,,,60+,0,
2024,1,21682,1,3,1,1,202310216821000312,1,2,2,1,2, ,2,70.0,1,21.0,7.0,1953.0,2,2.0,2.0,2,2,2,2,2,2,2,2,2,2,2,2,2,2,,, , , , , ,,,,,,,,,,,, ,, , , , , ,,,, ,, ,, ,2,7,2,2,7, , ,2,1,1,4,2, ,2, ,2, ,2, ,2, ,2, ,2, ,2, ,2, ,2, ,2, ,4,5, ,2,2,2,2,2,2,10,7,4,, ,,,,,,, ,,,,1,,2024_EneFebMar,,494.508818843742,,,,60+,0,
2024,1,21682,1,3,1,1,202310216821000313,1,3,3,1,2, ,2,38.0,3,5.0,11.0,1985.0,1,,, , , , , , , , , , , , ,3, ,3221.0,8790.0,3,2, , ,5,1000.0,12.0,0.0,12.0,0.0,12.0,0.0,12.0,48.0,,48.0,1,,2, ,2,2,4,1700.0,100.0,, ,, ,, , , , , , , , ,1,1,1,1,2, ,2, ,2, ,2, ,2, ,2, ,2, ,1,1,2, ,2, ,2, ,9,3, ,2,2,2,2,2,2,10,7,1,1700.0,433,,,,,,,50,2133.0,2133.0,2183.0,1,,2024_EneFebMar,,652.032438917255,,,,25-39,0,
2024,1,21682,1,3,1,1,202310216821000314,1,4,5,1,2, ,1,8.0, ,,,, ,,, , , , , , , , , , , , , , ,,, , , , , ,,,,,,,,,,,, ,, , , , , ,,,, ,, ,, , , , , , , , , , , , , , , , , , , , , , , , , , , , , , , , , , , , , , , , , , , , , , ,, ,,,,,,, ,,,,1,,2024_EneFebMar,, ,,,,0-14,0,
2024,1,17616,1,43,1,1,202210176161004311,1,1,1,1,2, ,2,47.0,2,27.0,9.0,1976.0,2,2.0,2.0,2,2,2,2,2,2,2,2,2,2,2,2,1,2,,, , , , , ,,,,,,,,,,,, ,, , , , , ,,,, ,, ,, ,2,5,2,1,7, , ,1,6,2, ,2, ,2, ,2, ,2, ,2, ,2, ,2, ,2, ,2, ,2, ,2, ,6,5, ,2,2,2,2,2,2,10,7,4,, ,,,,,,, ,,,,1,,2024_EneFebMar,,222.180924740316,,,,40-59,0,
2024,1,17616,1,43,1,1,202210176161004312,1,2,3,1,2, ,1,24.0,2,12.0,6.0,1999.0,2,2.0,2.0,2,2,2,2,2,2,2,2,2,2,2,2,2,2,,, , , , , ,,,,,,,,,,,, ,, , , , , ,,,, ,, ,, ,1, ,1,1,13,8,2,1,6,2, ,2, ,2, ,2, ,2, ,2, ,2, ,2, ,1,5,2, ,2, ,2, ,6,5, ,2,2,2,2,2,2,10,7,2,, ,,,,,,, ,,,,1,,2024_EneFebMar,,261.879339778804,,,,15-24,0,
2024,1,23046,1,14,1,1,202301230461001411,1,1,1,1,2, ,1,39.0,1,18.0,10.0,1984.0,1,,, , , , , , , , , , , , ,1, ,7322.0,3100.0,2, ,3,2,1,1.0,0.0,6.0,6.0,6.0,6.0,4.0,8.0,36.0,,36.0,1,,1,2,2,2, ,,,, ,, ,, , , , , , , , ,1,5,2, ,2, ,2, ,2, ,1,5,2, ,2, ,2, ,2, ,2, ,2, ,2, ,6,5, ,2,2,2,2,2,2,10,7,1,, ,900.0,,,,,, ,900.0,900.0,900.0,1,,2024_EneFebMar,,866.686850264129,,,,25-39,0,
2024,1,23046,1,14,1,1,202301230461001412,1,2,2,1,2, ,2,37.0,2,30.0,9.0,1986.0,2,2.0,2.0,2,2,2,2,2,2,2,2,2,2,2,2,2,2,,, , , , , ,,,,,,,,,,,, ,, , , , , ,,,, ,, ,, ,2,5,1,1,6, , ,1,5,2, ,2, ,2, ,2, ,1,5,2, ,2, ,2, ,2, ,2, ,2, ,2, ,4, ,6,2,2,2,2,2,2,1,1,4,, ,,,,,,, ,,,,1,,2024_EneFebMar,,852.855643921114,,,,25-39,0,
2024,1,23046,1,14,1,1,202301230461001413,1,3,3,1,2, ,2,13.0, ,,,, ,,, , , , , , , , , , , , , , ,,, , , , , ,,,,,,,,,,,, ,, , , , , ,,,, ,, ,, , , , , , , , , , , , , , , , , , , , , , , , , , , , , , , , , , , , , , , , , , , , , , ,, ,,,,,,, ,,,,1,,2024_EneFebMar,, ,,,,0-14,0,
2024,1,23046,1,14,1,1,202301230461001414,1,4,3,1,2, ,1,8.0, ,,,, ,,, , , , , , , , , , , , , , ,,, , , , , ,,,,,,,,,,,, ,, , , , , ,,,, ,, ,, , , , , , , , , , , , , , , , , , , , , , , , , , , , , , , , , , , , , , , , , , , , , , ,, ,,,,,,, ,,,,1,,2024_EneFebMar,, ,,,,0-14,0,
2024,1,23046,1,14,1,1,202301230461001415,1,5,3,1,2, ,2,1.0, ,,,, ,,, , , , , , , , , , , , , , ,,, , , , , ,,,,,,,,,,,, ,, , , , , ,,,, ,, ,, , , , , , , , , , , , , , , , , , , , , , , , , , , , , , , , , , , , , , , , , , , , , , ,, ,,,,,,, ,,,,1,,2024_EneFebMar,, ,,,,0-14,0,
2024,1,23535,1,74,1,1,202210235351007411,1,1,1,1,2, ,2,80.0,1,12.0,2.0,1943.0,2,2.0,2.0,2,2,2,2,2,2,2,2,2,2,2,2,1,2,,, , , , , ,,,,,,,,,,,, ,, , , , , ,,,, ,, ,, ,2,6,2,2,3, , ,1,1,1,3,2, ,2, ,2, ,2, ,2, ,2, ,2, ,2, ,1,3,2, ,2, ,12,2, ,2,2,2,2,2,2,10,9,4,, ,,,,,,, ,,,,1,,2024_EneFebMar,,705.420999514513,,,,60+,0,
2024,1,23535,1,74,1,1,202210235351007412,1,2,11,1,2, ,1,74.0,2,19.0,5.0,1949.0,2,2.0,2.0,2,2,2,2,2,2,2,2,2,2,2,2,2,2,,, , , , , ,,,,,,,,,,,, ,, , , , , ,,,, ,, ,, ,2,6,2,2,3, , ,1,1,1,3,2, ,2, ,2, ,2, ,2, ,2, ,2, ,2, ,1,3,2, ,2, ,11,5, ,2,2,2,2,2,2,1,1,4,, ,,,,,,, ,,,,1,,2024_EneFebMar,,766.927593375171,,,,60+,0,
2024,1,21937,1,39,1,1,202401219371003911,1,1,1,1,2, ,2,32.0,1,20.0,3.0,1991.0,1,,, , , , , , , , , , , , ,1, ,9329.0,5610.0,3,5,3,2,1,5.0,6.0,0.0,0.0,0.0,0.0,12.0,12.0,30.0,,30.0,1,,2, ,2,1,2,120.0,,, ,, ,, , , , , , , , ,1,5,2, ,2, ,2, ,2, ,1,5,2, ,2, ,2, ,2, ,2, ,2, ,2, ,5,3, ,2,2,2,2,2,2,10,7,1,520.0, ,,,,,,, ,520.0,520.0,520.0,1,,2024_EneFebMar,,1521.4512779991,,,,25-39,0,
2024,1,21937,1,39,1,1,202401219371003912,1,2,2,1,2, ,1,33.0,2,3.0,7.0,1990.0,1,,, , , , , , , , , , , , ,2, ,8321.0,4922.0,2, ,3,2,1,1.0,10.0,0.0,8.0,10.0,10.0,10.0,10.0,58.0,,58.0,1,,2, ,2,2, ,,,, ,, ,, , , , , , , , ,1,5,2, ,2, ,2, ,2, ,1,5,2, ,2, ,2, ,2, ,2, ,2, ,2, ,5,1, ,2,2,2,2,2,2,10,7,1,, ,1200.0,,,,,, ,1200.0,1200.0,1200.0,1,,2024_EneFebMar,,1546.12544966794,,,,25-39,0,
2024,1,21937,1,39,1,1,202401219371003913,1,3,3,1,2, ,1,15.0,3,26.0,9.0,2008.0,1,,, , , , , , , , , , , , ,3, ,7411.0,4321.0,3,5,3,2,1,2.0,8.0,0.0,0.0,0.0,0.0,0.0,0.0,8.0,,8.0,1,,2, ,2,2,2,25.0,,, ,, ,, , , , , , , , ,2,5,2, ,2, ,2, ,2, ,1,5,2, ,2, ,2, ,2, ,2, ,2, ,2, ,5,3, ,2,2,2,2,2,2,10,7,1,108.0, ,,,,,,, ,108.0,108.0,108.0,1,,2024_EneFebMar,,1360.05776736417,,,,15-24,0,
2024,1,21937,1,39,1,1,202401219371003914,1,4,3,1,2, ,2,14.0,4,1.0,11.0,2009.0,2,2.0,2.0,2,2,2,2,2,2,2,2,2,2,2,2,4,2,,, , , , , ,,,,,,,,,,,, ,, , , , , ,,,, ,, ,, ,2,4,2,2,3, , ,2,5,2, ,2, ,2, ,2, ,1,5,2, ,2, ,2, ,2, ,2, ,2, ,2, ,5,2, ,2,2,2,2,2,2,10,7,4,, ,,,,,,, ,,,,1,,2024_EneFebMar,,1465.57529513015,,,,0-14,0,
2024,1,21937,1,39,1,1,202401219371003915,1,5,3,1,2, ,1,9.0, ,,,, ,,, , , , , , , , , , , , , , ,,, , , , , ,,,,,,,,,,,, ,, , , , , ,,,, ,, ,, , , , , , , , , , , , , , , , , , , , , , , , , , , , , , , , , , , , , , , , , , , , , , ,, ,,,,,,, ,,,,1,,2024_EneFebMar,, ,,,,0-14,0,
2024,1,49936,1,16,1,1,202401499361001611,1,1,1,1,2, ,1,40.0,1,1.0,4.0,1983.0,1,,, , , , , , , , , , , , ,1, ,7113.0,4100.0,3,5,1, ,2,35.0,0.0,0.0,8.0,8.0,8.0,8.0,5.0,37.0,,45.0,2,45.0,2, ,2,2,2,600.0,60.0,, ,, ,, , , , , , , , ,1,1,1,1,2, ,2, ,2, ,2, ,2, ,2, ,2, ,1,1,2, ,2, ,2, ,5,3, ,2,2,2,2,2,2,10,7,1,2598.0,260,,,,,,, ,2858.0,2858.0,2858.0,1,,2024_EneFebMar,,1694.25215529141,,,,40-59,0,
2024,1,49936,1,16,1,1,202401499361001612,1,2,2,1,2, ,2,38.0,2,20.0,5.0,1985.0,1,,, , , , , , , , , , , , ,2, ,9111.0,9700.0,6, , , ,1,1.0,0.0,0.0,4.0,4.0,4.0,4.0,4.0,20.0,,20.0,1,,2, ,2,2,2,180.0,40.0,, ,, ,, , , , , , , , ,1,5,2, ,2, ,2, ,2, ,1,5,2, ,2, ,2, ,2, ,2, ,2, ,2, ,8,1, ,2,2,2,2,2,2,10,9,1,779.0,173,,,,,,, ,952.0,952.0,952.0,1,,2024_EneFebMar,,1667.21407210163,,,,25-39,0,
2024,1,49936,1,16,1,1,202401499361001613,1,3,3,1,2, ,2,13.0, ,,,, ,,, , , , , , , , , , , , , , ,,, , , , , ,,,,,,,,,,,, ,, , , , , ,,,, ,, ,, , , , , , , , , , , , , , , , , , , , , , , , , , , , , , , , , , , , , , , , , , , , , , ,, ,,,,,,, ,,,,1,,2024_EneFebMar,, ,,,,0-14,0,
2024,1,49936,1,16,1,1,202401499361001614,1,4,3,1,2, ,1,12.0, ,,,, ,,, , , , , , , , , , , , , , ,,, , , , , ,,,,,,,,,,,, ,, , , , , ,,,, ,, ,, , , , , , , , , , , , , , , , , , , , , , , , , , , , , , , , , , , , , , , , , , , , , , ,, ,,,,,,, ,,,,1,,2024_EneFebMar,, ,,,,0-14,0,
2024,1,49936,1,16,1,1,202401499361001615,1,5,3,1,2, ,1,5.0, ,,,, ,,, , , , , , , , , , , , , , ,,, , , , , ,,,,,,,,,,,, ,, , , , , ,,,, ,, ,, , , , , , , , , , , , , , , , , , , , , , , , , , , , , , , , , , , , , , , , , , , , , , ,, ,,,,,,, ,,,,1,,2024_EneFebMar,, ,,,,0-14,0,
2024,1,19333,1,34,1,1,202301193331003411,1,1,1,1,2, ,2,60.0,1,14.0,2.0,1963.0,1,,, , , , , , , , , , , , ,1, ,9531.0,4799.0,2, ,3,2,1,1.0,0.0,2.0,2.0,2.0,4.0,0.0,1.0,11.0,6.0,17.0,1,,2, ,2,2, ,,,, ,, ,500.0, , , , , , , , ,1,1,1,4,2, ,2, ,2, ,2, ,2, ,2, ,2, ,2, ,2, ,2, ,2, ,6,5, ,2,2,2,2,2,2,10,7,1,, ,550.0,320.0,,500.0,,, ,1370.0,870.0,1370.0,1,,2024_EneFebMar,,500.483561964044,,,,60+,0,
2024,1,19333,1,34,1,1,202301193331003412,1,2,3,1,2, ,1,36.0,2,3.0,6.0,1987.0,1,,, , , , , , , , , , , , ,2, ,4416.0,5229.0,3,5,1, ,1,15.0,3.0,0.0,3.0,0.0,3.0,3.0,0.0,12.0,,12.0,1,,1,1,1,1,2,280.0,,, ,, ,, , , , , , , , ,1,5,2, ,2, ,2, ,2, ,1,5,2, ,2, ,2, ,1,5,2, ,2, ,2, ,9,3, ,2,2,2,2,2,2,10,7,1,1212.0, ,,,,,,, ,1212.0,1212.0,1212.0,1,,2024_EneFebMar,,670.612522816993,,,,25-39,0,
2024,1,19333,1,34,1,1,202301193331003413,1,3,3,1,2, ,1,28.0,3,14.0,8.0,1995.0,1,,, , , , , , , , , , , , ,3, ,2164.0,1103.0,3,5,1, ,5,1000.0,8.0,8.0,8.0,8.0,8.0,8.0,8.0,56.0,,56.0,1,,2, ,2,2,4,4700.0,,, ,, ,, , , , , , , , ,1,1,1,1,2, ,2, ,2, ,2, ,2, ,2, ,2, ,1,1,2, ,2, ,2, ,11,5, ,2,2,2,2,2,2,10,7,1,4700.0, ,,,,,,,1184,4700.0,4700.0,5884.0,1,,2024_EneFebMar,,670.612522816993,,,,25-39,0,
2024,1,2153301,1,51,1,1,20230121533011005111,1,1,1,1,2, ,2,43.0,1,6.0,5.0,1980.0,1,,, , , , , , , , , , , , ,1, ,220.0,8423.0,3,1, , ,5,9998.0,16.0,8.0,16.0,8.0,16.0,8.0,0.0,72.0,,72.0,1,,2, ,2,2,4,3000.0,23.0,, ,, ,, , , , , , , , ,1,4,2, ,2, ,2, ,1,1,2, ,2, ,2, ,2, ,2, ,2, ,2, ,1,1,11,5, ,2,2,2,2,2,2,10,7,1,3000.0,690,,,,,,,67,3690.0,3690.0,3757.0,1,,2024_EneFebMar,,784.193536802323,,,,40-59,0,
2024,1,2153301,1,51,1,1,20230121533011005112,1,2,3,1,2, ,1,17.0,2,4.0,7.0,2006.0,2,2.0,2.0,2,2,2,2,2,2,2,2,2,2,2,2,2,2,,, , , , , ,,,,,,,,,,,, ,, , , , , ,,,, ,, ,, ,1,5,1,1,13,1,1,1,4,2, ,2, ,2, ,1,4,2, ,2, ,2, ,2, ,2, ,2, ,2, ,2, ,6,5, ,2,2,2,2,2,2,10,7,2,, ,,,,,,, ,,,,1,,2024_EneFebMar,,701.00733836671,,,,15-24,0,
2024,1,26470,1,65,1,1,202401264701006511,1,1,1,1,2, ,1,76.0,1,22.0,9.0,1947.0,2,2.0,2.0,2,2,2,2,2,2,2,2,2,2,2,2,1,2,,, , , , , ,,,,,,,,,,,, ,, , , , , ,,,, ,, ,, ,2,6,1,1,3, , ,1,1,1,3,2, ,2, ,2, ,2, ,2, ,2, ,2, ,2, ,1,3,2, ,2, ,12,2, ,2,2,2,2,2,2,10,7,4,, ,,,,,,, ,,,,1,,2024_EneFebMar,,1289.15548651721,,,,60+,0,
2024,1,26470,1,65,1,1,202401264701006512,1,2,2,1,2, ,2,64.0,2,27.0,10.0,1959.0,2,2.0,2.0,2,2,2,2,2,2,2,2,2,2,2,2,2,2,,, , , , , ,,,,,,,,,,,, ,, , , , , ,,,, ,, ,, ,2,5,2,2,6, , ,1,3,1,4,1,4,2, ,2, ,2, ,2, ,2, ,2, ,1,5,2, ,2, ,2, ,6,5, ,2,2,2,2,2,2,10,7,4,, ,,,,,,, ,,,,1,,2024_EneFebMar,,1185.76689596787,,,,60+,0,
2024,1,26470,1,65,1,1,202401264701006513,1,3,3,1,2, ,2,23.0,1,10.0,3.0,2000.0,1,,, , , , , , , , , , , , ,3, ,3322.0,1103.0,3,5,1, ,5,9998.0,0.0,9.0,9.0,9.0,9.0,9.0,9.0,54.0,,54.0,1,,2, ,2,2,4,1700.0,150.0,, ,, ,, , , , , , , , ,2,1,1,1,2, ,2, ,2, ,2, ,2, ,2, ,2, ,1,1,2, ,2, ,2, ,11,5, ,2,2,2,2,2,2,10,7,1,1700.0,150,,,,,,,17,1850.0,1850.0,1867.0,1,,2024_EneFebMar,,1506.06796001865,,,,15-24,0,
2024,1,18324,1,22,1,1,202301183241002211,1,1,1,1,1, ,1,43.0, ,,,, ,,, , , , , , , , , , , , , , ,,, , , , , ,,,,,,,,,,,, ,, , , , , ,,,, ,, ,, , , , , , , , , , , , , , , , , , , , , , , , , , , , , , , , , , , , , , , , , , , , , , ,, ,,,,,,, ,,,,0,,2024_EneFebMar,, ,,,,40-59,0,
2024,1,18324,1,22,1,1,202301183241002212,1,2,2,1,1, ,2,42.0, ,,,, ,,, , , , , , , , , , , , , , ,,, , , , , ,,,,,,,,,,,, ,, , , , , ,,,, ,, ,, , , , , , , , , , , , , , , , , , , , , , , , , , , , , , , , , , , , , , , , , , , , , , ,, ,,,,,,, ,,,,0,,2024_EneFebMar,, ,,,,40-59,0,
2024,1,18324,1,22,1,1,202301183241002213,1,3,3,1,1, ,1,22.0, ,,,, ,,, , , , , , , , , , , , , , ,,, , , , , ,,,,,,,,,,,, ,, , , , , ,,,, ,, ,, , , , , , , , , , , , , , , , , , , , , , , , , , , , , , , , , , , , , , , , , , , , , , ,, ,,,,,,, ,,,,0,,2024_EneFebMar,, ,,,,15-24,0,
2024,1,18324,1,22,1,1,202301183241002214,1,4,3,1,1, ,2,17.0, ,,,, ,,, , , , , , , , , , , , , , ,,, , , , , ,,,,,,,,,,,, ,, , , , , ,,,, ,, ,, , , , , , , , , , , , , , , , , , , , , , , , , , , , , , , , , , , , , , , , , , , , , , ,, ,,,,,,, ,,,,0,,2024_EneFebMar,, ,,,,15-24,0,
2024,1,18324,1,22,1,1,202401183241002216,1,5,11,1,2, ,2,28.0,5,6.0,12.0,1995.0,1,,, , , , , , , , , , , , ,5, ,4417.0,8549.0,3,5,1, ,2,30.0,0.0,8.0,8.0,8.0,8.0,8.0,0.0,40.0,,40.0,1,,1,1,1,2,4,1200.0,,, ,, ,, , , , , , , , ,1,1,1,1,2, ,2, ,2, ,2, ,2, ,2, ,2, ,1,1,2, ,2, ,2, ,9,3, ,2,2,2,2,2,2,10,9,1,1200.0, ,,,,,,,166,1200.0,1200.0,1366.0,1,,2024_EneFebMar,,349.595089173263,,,,25-39,0,
2024,1,18324,1,22,1,1,202401183241002217,1,6,11,1,2, ,2,19.0,6,8.0,8.0,2004.0,2,2.0,2.0,2,2,2,2,2,2,2,2,2,2,2,2,6,2,,, , , , , ,,,,,,,,,,,, ,, , , , , ,,,, ,, ,, ,2,5,1,1,6, , ,2,5,2, ,2, ,2, ,2, ,1,5,2, ,2, ,2, ,2, ,2, ,2, ,2, ,6,5, ,2,2,2,2,2,2,10,7,4,, ,,,,,,, ,,,,1,,2024_EneFebMar,,336.756052198379,,,,15-24,0,
2024,1,19758,1,9,1,1,202401197581000911,1,1,1,1,2, ,1,57.0,1,5.0,9.0,1966.0,1,,, , , , , , , , , , , , ,1, ,9622.0,9499.0,3,5,2,2,1,4.0,12.0,0.0,12.0,12.0,12.0,12.0,12.0,72.0,,72.0,1,,2, ,2,2,4,1360.0,,, ,, ,, , , , , , , , ,1,6,2, ,2, ,2, ,2, ,2, ,2, ,2, ,2, ,2, ,2, ,2, ,2, ,10,2, ,2,2,2,2,2,2,10,7,1,1360.0, ,,,,,,, ,1360.0,1360.0,1360.0,1,,2024_EneFebMar,,1558.3353599449,,,,40-59,0,
2024,1,19758,1,9,1,1,202401197581000912,1,2,2,1,2, ,2,43.0,2,6.0,7.0,1980.0,1,,, , , , , , , , , , , , ,2, ,5212.0,4772.0,3,5,2,1,1,7.0,0.0,10.0,10.0,10.0,10.0,10.0,10.0,60.0,,60.0,1,,2, ,2,2,3,600.0,,, ,, ,, , , , , , , , ,1,5,2, ,2, ,2, ,2, ,1,5,2, ,2, ,2, ,2, ,2, ,2, ,2, ,6,5, ,2,2,2,2,2,2,10,7,1,1200.0, ,,,,,,, ,1200.0,1200.0,1200.0,1,,2024_EneFebMar,,1889.94909702674,,,,40-59,0,
2024,1,20390,1,21,1,1,202401203901002111,1,1,1,1,2, ,1,28.0,1,9.0,12.0,1995.0,1,,, , , , , , , , , , , , ,1, ,7128.0,4330.0,2, ,2,2,1,1.0,0.0,0.0,8.0,8.0,8.0,8.0,5.0,37.0,,45.0,2,45.0,2, ,2,2, ,,,, ,, ,, , , , , , , , ,1,5,2, ,2, ,2, ,2, ,1,5,2, ,2, ,2, ,1,5,2, ,2, ,2, ,4, ,6,2,2,2,2,2,2,10,7,1,, ,2598.0,,,,,, ,2598.0,2598.0,2598.0,1,,2024_EneFebMar,,737.902800702928,,,,25-39,0,
2024,1,20390,1,21,1,1,202401203901002112,1,2,3,1,2, ,1,5.0, ,,,, ,,, , , , , , , , , , , , , , ,,, , , , , ,,,,,,,,,,,, ,, , , , , ,,,, ,, ,, , , , , , , , , , , , , , , , , , , , , , , , , , , , , , , , , , , , , , , , , , , , , , ,, ,,,,,,, ,,,,1,,2024_EneFebMar,, ,,,,0-14,0,
2024,1,17863,1,57,1,1,202310178631005711,1,1,1,1,2, ,2,55.0,1,23.0,2.0,1968.0,2,2.0,2.0,2,2,2,2,2,2,2,2,2,2,2,2,1,2,,, , , , , ,,,,,,,,,,,, ,, , , , , ,,,, ,, ,, ,2,5,1,2,6, , ,1,5,2, ,2, ,2, ,2, ,1,5,2, ,2, ,2, ,2, ,2, ,2, ,2, ,6,5, ,2,2,2,2,2,2,10,7,4,, ,,,,,,, ,,,,1,,2024_EneFebMar,,245.136858228544,,,,40-59,0,
2024,1,17863,1,57,1,1,202310178631005712,1,2,6,1,2, ,1,93.0,2,17.0,6.0,1930.0,2,2.0,2.0,2,2,2,2,2,2,2,2,2,2,2,2,2,2,,, , , , , ,,,,,,,,,,,, ,, , , , , ,,,, ,, ,, ,2,8,1,2,3, , ,1,4,2, ,2, ,2, ,1,4,2, ,2, ,2, ,2, ,2, ,2, ,2, ,2, ,5,2, ,2,2,2,2,2,2,10,8,4,, ,,,,,,, ,,,,1,,2024_EneFebMar,,266.51066647882,,,,60+,0,
2024,1,17863,1,57,1,1,202310178631005713,1,3,6,1,2, ,2,95.0,3,8.0,10.0,1928.0,2,2.0,2.0,2,2,2,2,2,2,2,2,2,2,2,2,3,2,,, , , , , ,,,,,,,,,,,, ,, , , , , ,,,, ,, ,, ,2,8,2,2,3, , ,1,4,2, ,2, ,2, ,1,4,2, ,2, ,2, ,2, ,2, ,2, ,2, ,2, ,3,0, ,2,2,2,2,2,2,10,5,4,, ,,,,,,, ,,,,1,,2024_EneFebMar,,245.136858228544,,,,60+,0,
2024,1,17863,1,57,1,1,202310178631005714,1,4,7,1,2, ,2,68.0,4,9.0,2.0,1955.0,1,,, , , , , , , , , , , , ,4, ,9111.0,9700.0,6, , , ,1,1.0,0.0,0.0,0.0,11.0,7.0,11.0,7.0,36.0,,36.0,1,,1,2,2,2,2,90.0,99.0,, ,, ,, , , , , , , , ,1,5,2, ,2, ,2, ,2, ,1,5,2, ,2, ,2, ,2, ,2, ,2, ,2, ,8,1, ,2,2,2,2,2,2,10,7,1,390.0,429,,,,,,,16,819.0,819.0,835.0,1,,2024_EneFebMar,,245.136858228544,,,,60+,0,
2024,1,24013,1,45,1,1,202210240131004511,1,1,1,1,2, ,1,51.0,1,12.0,11.0,1972.0,1,,, , , , , , , , , , , , ,1, ,9622.0,7710.0,3,5,1, ,2,50.0,0.0,0.0,8.0,8.0,8.0,8.0,8.0,40.0,,48.0,2,48.0,2, ,2,2,4,1800.0,,, ,, ,, , , , , , , , ,1,1,1,1,2, ,2, ,2, ,2, ,2, ,2, ,2, ,2, ,1,1,2, ,2, ,8,2, ,2,2,2,2,2,2,1,7,1,1800.0, ,,,,,,,492,1800.0,1800.0,2292.0,1,,2024_EneFebMar,,570.738281434689,,,,40-59,0,
2024,1,24013,1,45,1,1,202210240131004512,1,2,2,1,2, ,2,45.0,2,12.0,4.0,1978.0,2,2.0,2.0,2,2,2,2,2,2,2,2,2,2,2,2,2,2,,, , , , , ,,,,,,,,,,,, ,, , , , , ,,,, ,, ,, ,2,5,1,1,6, , ,1,1,1,4,2, ,2, ,2, ,2, ,2, ,2, ,2, ,2, ,2, ,2, ,2, ,5,1, ,2,2,2,2,2,2,10,9,4,, ,,,,,,, ,,,,1,,2024_EneFebMar,,524.965814802678,,,,40-59,0,
2024,1,24013,1,45,1,1,202210240131004513,1,3,3,1,2, ,2,8.0, ,,,, ,,, , , , , , , , , , , , , , ,,, , , , , ,,,,,,,,,,,, ,, , , , , ,,,, ,, ,, , , , , , , , , , , , , , , , , , , , , , , , , , , , , , , , , , , , , , , , , , , , , , ,, ,,,,,,, ,,,,1,,2024_EneFebMar,, ,,,,0-14,0,
2024,1,19959,1,40,1,1,202301199591004011,1,1,1,1,2, ,1,48.0,1,19.0,5.0,1975.0,1,,, , , , , , , , , , , , ,1, ,8322.0,4922.0,2, ,3,2,1,1.0,8.0,8.0,8.0,8.0,8.0,8.0,8.0,56.0,,56.0,1,,2, ,2,2, ,,,, ,, ,, , , , , , , , ,1,5,2, ,2, ,2, ,2, ,1,5,2, ,2, ,2, ,1,5,2, ,2, ,2, ,6,5, ,2,2,2,2,2,2,10,7,1,, ,1550.0,,,,,, ,1550.0,1550.0,1550.0,1,,2024_EneFebMar,,695.20209300765,,,,40-59,0,
2024,1,19959,1,40,1,1,202301199591004012,1,2,2,1,2, ,2,44.0,2,22.0,4.0,1979.0,2,2.0,2.0,2,2,2,2,2,2,2,2,2,2,2,2,2,2,,, , , , , ,,,,,,,,,,,, ,, , , , , ,,,, ,, ,, ,2,5,1,1,6, , ,1,5,2, ,2, ,2, ,2, ,1,5,2, ,2, ,2, ,2, ,2, ,2, ,2, ,6,5, ,2,2,2,2,2,2,10,7,4,, ,,,,,,, ,,,,1,,2024_EneFebMar,,843.141086124983,,,,40-59,0,
2024,1,19959,1,40,1,1,202301199591004013,1,3,3,1,2, ,1,9.0, ,,,, ,,, , , , , , , , , , , , , , ,,, , , , , ,,,,,,,,,,,, ,, , , , , ,,,, ,, ,, , , , , , , , , , , , , , , , , , , , , , , , , , , , , , , , , , , , , , , , , , , , , , ,, ,,,,,,, ,,,,1,,2024_EneFebMar,, ,,,,0-14,0,
2024,1,1809401,1,54,1,1,20230118094011005411,1,1,1,1,2, ,1,71.0,1,9.0,2.0,1952.0,1,,, , , , , , , , , , , , ,1, ,5213.0,4789.0,2, ,2,2,1,1.0,0.0,0.0,10.0,10.0,10.0,10.0,10.0,50.0,,65.0,2,65.0,1,2,2,2, ,,,, ,, ,, , , , , , , , ,1,5,2, ,2, ,2, ,2, ,1,5,2, ,2, ,2, ,2, ,1,5,2, ,2, ,6,5, ,2,2,2,2,2,2,1,9,1,, ,1000.0,50.0,,,,, ,1050.0,1050.0,1050.0,1,,2024_EneFebMar,,356.522737167245,,,,60+,0,
2024,1,1809401,1,54,1,1,20230118094011005412,1,2,2,1,2, ,2,61.0,2,24.0,2.0,1962.0,2,2.0,2.0,2,2,2,2,2,2,2,2,2,2,2,2,2,2,,, , , , , ,,,,,,,,,,,, ,, , , , , ,,,, ,, ,, ,2,5,2,2,6, , ,1,5,2, ,2, ,2, ,2, ,1,5,2, ,2, ,2, ,2, ,2, ,2, ,2, ,4,5, ,2,2,2,2,2,2,1,1,4,, ,,,,,,, ,,,,1,,2024_EneFebMar,,327.930078112521,,,,60+,0,
2024,1,47147,1,2,1,1,202301471471000211,1,1,1,1,2, ,2,64.0,1,10.0,1.0,1959.0,1,,, , , , , , , , , , , , ,1, ,9521.0,4781.0,2, ,3,2,1,1.0,7.0,0.0,7.0,7.0,7.0,7.0,7.0,42.0,,42.0,1,,2, ,2,2, ,,,, ,, ,, , , , , , , , ,1,1,1,2,2, ,2, ,2, ,2, ,2, ,2, ,2, ,2, ,1,2,2, ,2, ,3,3, ,2,2,2,2,2,2,10,1,1,, ,856.0,50.0,,,,, ,906.0,906.0,906.0,1,,2024_EneFebMar,,627.80635407423,,,,60+,0,
2024,1,47147,1,2,1,1,202301471471000212,1,2,3,1,2, ,1,26.0,2,3.0,6.0,1997.0,2,1.0,, , , , , , , , , , , , ,2, ,7513.0,1074.0,3,5,1, ,4,500.0,0.0,0.0,0.0,0.0,0.0,0.0,0.0,0.0,,48.0,2,48.0,2, ,2,2,4,1400.0,9.0,, ,, ,, , , , , , , , ,1,1,1,1,2, ,2, ,2, ,2, ,2, ,2, ,2, ,1,1,2, ,2, ,2, ,6,5, ,2,2,2,2,2,2,10,7,1,1400.0,270,,,,,,,434,1670.0,1670.0,2104.0,1,,2024_EneFebMar,,841.216045726003,,,,25-39,0,
2024,1,2262301,1,27,1,1,20230122623011002711,1,1,1,1,2, ,2,51.0,1,6.0,1.0,1973.0,1,,, , , , , , , , , , , , ,1, ,5212.0,4761.0,2, ,2,1,1,2.0,5.0,0.0,6.0,6.0,6.0,6.0,0.0,29.0,,60.0,2,60.0,2, ,2,2, ,,,, ,, ,, , , , , , , , ,1,5,2, ,2, ,2, ,2, ,1,5,2, ,2, ,2, ,2, ,2, ,2, ,2, ,9,3, ,2,2,2,2,2,2,10,7,1,, ,1050.0,50.0,,,,, ,1100.0,1100.0,1100.0,1,,2024_EneFebMar,,594.052801681986,,,,40-59,0,
2024,1,2262301,1,27,1,1,20230122623011002712,1,2,3,1,2, ,1,16.0,2,21.0,11.0,2007.0,1,,, , , , , , , , , , , , ,2, ,5223.0,4761.0,4, ,2,1,1,2.0,3.0,0.0,0.0,2.0,2.0,2.0,0.0,9.0,,,1,,2, , , , ,,,, ,, ,, ,2,4,2,2,5, , ,1,5,2, ,2, ,2, ,2, ,1,5,2, ,2, ,2, ,2, ,2, ,2, ,2, ,5,4, ,2,2,2,2,2,2,10,7,4,, ,,,,,,, ,,,,1,,2024_EneFebMar,,700.195823201548,,,,15-24,0,
2024,1,25706,1,44,1,1,202210257061004411,1,1,1,1,2, ,2,50.0,1,28.0,3.0,1973.0,2,2.0,2.0,2,2,2,2,2,2,2,2,2,2,2,2,1,2,,, , , , , ,,,,,,,,,,,, ,, , , , , ,,,, ,, ,, ,2,8,1,1,6, , ,1,5,2, ,2, ,2, ,2, ,1,5,2, ,2, ,2, ,2, ,2, ,2, ,2, ,9,3, ,2,2,2,2,2,2,10,7,4,, ,,,,,,, ,,,,1,,2024_EneFebMar,,498.453618043638,,,,40-59,0,
2024,1,25706,1,44,1,1,202210257061004412,1,2,6,1,2, ,1,75.0,2,10.0,5.0,1948.0,2,2.0,2.0,2,2,2,2,2,2,2,2,2,2,2,2,2,2,,, , , , , ,,,,,,,,,,,, ,, , , , , ,,,, ,, ,, ,2,6,1,2,7, , ,1,1,1,3,2, ,2, ,2, ,2, ,2, ,2, ,2, ,1,3,2, ,2, ,2, ,11,5, ,2,2,2,2,2,2,10,7,4,, ,,,,,,, ,,,,1,,2024_EneFebMar,,541.91445102775,,,,60+,0,
2024,1,20263,1,70,1,1,202401202631007011,1,1,1,1,2, ,1,55.0,1,4.0,2.0,1968.0,1,,, , , , , , , , , , , , ,1, ,8322.0,4922.0,2, ,3,2,1,1.0,0.0,0.0,10.0,10.0,10.0,10.0,10.0,50.0,,60.0,2,60.0,1,2,2,2, ,,,, ,, ,, , , , , , , , ,1,5,2, ,2, ,2, ,2, ,1,5,2, ,2, ,2, ,2, ,1,5,2, ,2, ,6,5, ,2,2,2,2,2,2,10,7,1,, ,1500.0,,,,,, ,1500.0,1500.0,1500.0,1,,2024_EneFebMar,,1827.45821705361,,,,40-59,0,
2024,1,2247202,1,29,1,1,20221022472021002911,1,1,1,1,2, ,1,69.0,1,8.0,10.0,1954.0,1,,, , , , , , , , , , , , ,1, ,5212.0,4773.0,2, ,3,2,1,1.0,0.0,0.0,0.0,0.0,0.0,8.0,8.0,16.0,,48.0,2,48.0,2, ,2,2, ,,,, ,, ,, , , , , , , , ,1,1,1,3,2, ,2, ,2, ,2, ,2, ,2, ,2, ,2, ,1,3,2, ,2, ,11,5, ,2,2,2,2,2,2,10,7,1,, ,1500.0,,,,,, ,1500.0,1500.0,1500.0,1,,2024_EneFebMar,,643.615840210324,,,,60+,0,
2024,1,2247202,1,29,1,1,20221022472021002912,1,2,2,1,2, ,2,65.0,2,6.0,3.0,1958.0,2,2.0,2.0,2,2,2,2,2,2,2,2,2,2,2,2,2,2,,, , , , , ,,,,,,,,,,,, ,, , , , , ,,,, ,, ,, ,2,5,2,2,7, , ,1,1,1,4,2, ,2, ,2, ,2, ,2, ,2, ,2, ,2, ,2, ,2, ,2, ,8,1, ,2,2,2,2,2,2,10,7,4,, ,,,,,,, ,,,,1,,2024_EneFebMar,,591.998688306993,,,,60+,0,
2024,1,2247202,1,29,1,1,20221022472021002913,1,3,3,1,2, ,1,28.0,3,11.0,2.0,1995.0,1,,, , , , , , , , , , , , ,3, ,4110.0,8530.0,3,5,1, ,2,30.0,0.0,8.0,8.0,8.0,8.0,8.0,8.0,48.0,,48.0,1,,2, ,2,2,4,5000.0,,, ,, ,, , , , , , , , ,1,1,1,1,2, ,2, ,2, ,2, ,2, ,2, ,2, ,1,1,2, ,2, ,2, ,11,5, ,2,2,2,2,2,2,10,7,1,5000.0, ,,,,,,,1251,5000.0,5000.0,6251.0,1,,2024_EneFebMar,,793.236309923851,,,,25-39,0,
2024,1,2247202,1,29,1,1,20221022472021002914,1,4,3,1,2, ,1,24.0,4,22.0,11.0,1999.0,2,2.0,2.0,2,2,2,2,2,2,2,2,2,2,2,2,4,2,,, , , , , ,,,,,,,,,,,, ,, , , , , ,,,, ,, ,, ,2,4,1,1,5, , ,1,5,2, ,2, ,2, ,2, ,1,5,2, ,2, ,2, ,2, ,2, ,2, ,2, ,10,2, ,2,2,2,2,2,2,10,7,4,, ,,,,,,, ,,,,1,,2024_EneFebMar,,697.774688916043,,,,15-24,0,
2024,1,17938,1,43,1,1,202401179381004311,1,1,1,1,2, ,2,57.0,1,24.0,7.0,1966.0,2,1.0,, , , , , , , , , , , , ,1, ,2359.0,8521.0,3,5,1, ,3,60.0,0.0,0.0,0.0,0.0,0.0,0.0,0.0,0.0,,40.0,2,40.0,1,1,1,2,4,2000.0,,, ,, ,, , , , , , , , ,1,1,1,1,2, ,2, ,2, ,2, ,2, ,2, ,2, ,1,1,2, ,2, ,2, ,6,5, ,2,2,2,2,2,2,10,7,1,2000.0, ,,,,,,,166,2000.0,2000.0,2166.0,1,,2024_EneFebMar,,613.767508270688,,,,40-59,0,
2024,1,17938,1,43,1,1,202401179381004312,1,2,3,1,1, ,1,33.0, ,,,, ,,, , , , , , , , , , , , , , ,,, , , , , ,,,,,,,,,,,, ,, , , , , ,,,, ,, ,, , , , , , , , , , , , , , , , , , , , , , , , , , , , , , , , , , , , , , , , , , , , , , ,, ,,,,,,, ,,,,0,,2024_EneFebMar,, ,,,,25-39,0,
2024,1,17938,1,43,1,1,202401179381004313,1,3,3,1,2, ,1,32.0,3,3.0,10.0,1991.0,2,2.0,2.0,2,2,2,2,2,2,2,2,2,2,2,2,3,2,,, , , , , ,,,,,,,,,,,, ,, , , , , ,,,, ,, ,, ,1,5,1,1,13,1,1,1,1,1,2,2, ,2, ,2, ,2, ,2, ,2, ,2, ,1,2,2, ,2, ,2, ,10,4, ,2,2,2,2,2,2,10,7,2,, ,,,,,,, ,,,,1,,2024_EneFebMar,,822.404986747749,,,,25-39,0,
2024,1,17938,1,43,1,1,202401179381004314,1,4,3,1,2, ,1,26.0,4,31.0,7.0,1997.0,1,,, , , , , , , , , , , , ,4, ,3114.0,2220.0,3,5,1, ,4,300.0,0.0,8.0,8.0,8.0,8.0,8.0,0.0,40.0,,40.0,1,,2, ,2,2,4,1200.0,,, ,, ,, , , , , , , , ,1,5,2, ,2, ,2, ,2, ,1,5,2, ,2, ,2, ,2, ,2, ,2, ,2, ,10,4, ,2,2,2,2,2,2,10,7,1,1200.0, ,,,,,,, ,1200.0,1200.0,1200.0,1,,2024_EneFebMar,,822.404986747749,,,,25-39,0,
2024,1,25963,1,113,1,1,202401259631011311,1,1,1,1,2, ,2,45.0,1,16.0,11.0,1978.0,1,,, , , , , , , , , , , , ,1, ,5212.0,4711.0,3,5,2,2,1,3.0,0.0,10.0,0.0,10.0,10.0,10.0,0.0,40.0,,40.0,1,,1,1,1,1,2,120.0,52.0,, ,, ,, , , , , , , , ,1,5,2, ,2, ,2, ,2, ,1,5,2, ,2, ,2, ,2, ,2, ,2, ,2, ,6,5, ,2,2,2,2,2,2,10,7,1,520.0,225,,,,,,, ,745.0,745.0,745.0,1,,2024_EneFebMar,,524.692999377374,,,,40-59,0,
2024,1,25963,1,113,1,1,202401259631011312,1,2,3,1,2, ,1,12.0, ,,,, ,,, , , , , , , , , , , , , , ,,, , , , , ,,,,,,,,,,,, ,, , , , , ,,,, ,, ,, , , , , , , , , , , , , , , , , , , , , , , , , , , , , , , , , , , , , , , , , , , , , , ,, ,,,,,,, ,,,,1,,2024_EneFebMar,, ,,,,0-14,0,
2024,1,21632,1,133,1,1,202310216321013311,1,1,1,1,2, ,1,55.0,1,2.0,4.0,1968.0,1,,, , , , , , , , , , , , ,1, ,8322.0,4922.0,2, ,3,2,1,1.0,10.0,0.0,10.0,10.0,10.0,10.0,10.0,60.0,,60.0,1,,2, ,2,2, ,,,, ,, ,, , , , , , , , ,1,1,1,4,2, ,2, ,2, ,2, ,2, ,2, ,2, ,2, ,2, ,2, ,2, ,9,3, ,2,2,2,2,2,2,10,7,1,, ,2200.0,,,,,, ,2200.0,2200.0,2200.0,1,,2024_EneFebMar,,644.577742751251,,,,40-59,0,
2024,1,21632,1,133,1,1,202310216321013312,1,2,2,1,2, ,2,54.0,2,11.0,4.0,1969.0,2,1.0,, , , , , , , , , , , , ,2, ,3221.0,8610.0,3,5,1, ,4,200.0,0.0,0.0,0.0,0.0,0.0,0.0,0.0,0.0,,36.0,2,36.0,1,2,2,2,4,1900.0,,, ,, ,, , , , , , , , ,1,1,1,1,2, ,2, ,2, ,2, ,2, ,2, ,2, ,2, ,1,1,2, ,2, ,9,3, ,2,2,2,2,2,2,10,7,1,1900.0, ,,,,,,,482,1900.0,1900.0,2382.0,1,,2024_EneFebMar,,592.883447517272,,,,40-59,0,
2024,1,21632,1,133,1,1,202310216321013313,1,3,3,1,2, ,1,19.0,3,2.0,12.0,2004.0,2,2.0,2.0,2,2,2,2,2,2,2,2,2,2,2,2,3,2,,, , , , , ,,,,,,,,,,,, ,, , , , , ,,,, ,, ,, ,2,4,1,1,1, , ,1,6,2, ,2, ,2, ,2, ,2, ,2, ,2, ,2, ,2, ,2, ,2, ,2, ,8,1, ,2,2,2,2,2,2,10,7,3,, ,,,,,,, ,,,,1,,2024_EneFebMar,,698.81753342721,,,,15-24,0,
2024,1,21632,1,133,1,1,202310216321013314,1,4,5,1,2, ,1,5.0, ,,,, ,,, , , , , , , , , , , , , , ,,, , , , , ,,,,,,,,,,,, ,, , , , , ,,,, ,, ,, , , , , , , , , , , , , , , , , , , , , , , , , , , , , , , , , , , , , , , , , , , , , , ,, ,,,,,,, ,,,,1,,2024_EneFebMar,, ,,,,0-14,0,
2024,1,17285,1,87,1,1,202310172851008712,1,1,1,1,2, ,2,43.0,1,15.0,2.0,1980.0,1,,, , , , , , , , , , , , ,1, ,5212.0,4752.0,2, ,2,2,1,1.0,8.0,8.0,8.0,8.0,8.0,8.0,8.0,56.0,,56.0,1,,2, ,2,2, ,,,, ,, ,, , , , , , , , ,1,6,2, ,2, ,2, ,2, ,2, ,2, ,2, ,2, ,2, ,2, ,2, ,2, ,6,5, ,2,2,2,2,2,2,10,7,1,, ,1650.0,,,,,, ,1650.0,1650.0,1650.0,1,,2024_EneFebMar,,298.342423495388,,,,40-59,0,
2024,1,17285,1,87,1,1,202310172851008713,1,2,3,1,2, ,1,17.0,2,19.0,8.0,2006.0,2,2.0,2.0,2,2,2,2,2,2,2,2,2,2,2,2,2,2,,, , , , , ,,,,,,,,,,,, ,, , , , , ,,,, ,, ,, ,2,5,2,2,3, , ,2,5,2, ,2, ,2, ,2, ,1,5,2, ,2, ,2, ,2, ,2, ,2, ,2, ,6,5, ,2,2,2,2,2,2,10,7,4,, ,,,,,,, ,,,,1,,2024_EneFebMar,,266.694659419382,,,,15-24,0,
2024,1,17285,1,87,1,1,202310172851008714,1,3,3,1,2, ,2,4.0, ,,,, ,,, , , , , , , , , , , , , , ,,, , , , , ,,,,,,,,,,,, ,, , , , , ,,,, ,, ,, , , , , , , , , , , , , , , , , , , , , , , , , , , , , , , , , , , , , , , , , , , , , , ,, ,,,,,,, ,,,,1,,2024_EneFebMar,, ,,,,0-14,0,
2024,1,17692,1,6,1,1,202401176921000611,1,1,1,1,2, ,2,31.0,1,4.0,3.0,1992.0,1,,, , , , , , , , , , , , ,1, ,9111.0,9700.0,6, , , ,1,1.0,0.0,0.0,8.0,8.0,8.0,0.0,0.0,24.0,,24.0,1,,2, ,2,2,2,150.0,30.0,, ,, ,, , , , , , , , ,1,5,2, ,2, ,2, ,2, ,1,5,2, ,2, ,2, ,2, ,2, ,2, ,2, ,6,5, ,2,2,2,2,2,2,10,7,1,650.0,130,,,,,,, ,780.0,780.0,780.0,1,,2024_EneFebMar,,626.938446244509,,,,25-39,0,
2024,1,17692,1,6,1,1,202401176921000612,1,2,2,1,2, ,1,36.0,2,18.0,3.0,1987.0,2,2.0,2.0,2,2,2,2,2,2,2,2,2,2,2,2,2,2,,, , , , , ,,,,,,,,,,,, ,, , , , , ,,,, ,, ,, ,2,5,1,2,7, , ,1,5,2, ,2, ,2, ,2, ,1,5,2, ,2, ,2, ,1,5,2, ,2, ,2, ,6,5, ,2,2,2,2,2,2,10,7,4,, ,,,,,,, ,,,,1,,2024_EneFebMar,,637.1058351528,,,,25-39,0,
2024,1,17692,1,6,1,1,202401176921000613,1,3,3,1,2, ,2,11.0, ,,,, ,,, , , , , , , , , , , , , , ,,, , , , , ,,,,,,,,,,,, ,, , , , , ,,,, ,, ,, , , , , , , , , , , , , , , , , , , , , , , , , , , , , , , , , , , , , , , , , , , , , , ,, ,,,,,,, ,,,,1,,2024_EneFebMar,, ,,,,0-14,0,
2024,1,17692,1,6,1,1,202401176921000614,1,4,3,1,2, ,1,4.0, ,,,, ,,, , , , , , , , , , , , , , ,,, , , , , ,,,,,,,,,,,, ,, , , , , ,,,, ,, ,, , , , , , , , , , , , , , , , , , , , , , , , , , , , , , , , , , , , , , , , , , , , , , ,, ,,,,,,, ,,,,1,,2024_EneFebMar,, ,,,,0-14,0,
2024,1,17692,1,6,1,1,202401176921000615,1,5,3,1,2, ,2,3.0, ,,,, ,,, , , , , , , , , , , , , , ,,, , , , , ,,,,,,,,,,,, ,, , , , , ,,,, ,, ,, , , , , , , , , , , , , , , , , , , , , , , , , , , , , , , , , , , , , , , , , , , , , , ,, ,,,,,,, ,,,,1,,2024_EneFebMar,, ,,,,0-14,0,
2024,1,47176,1,20,1,1,202401471761002011,1,1,1,1,2, ,1,29.0,1,5.0,9.0,1994.0,1,,, , , , , , , , , , , , ,1, ,8152.0,1312.0,3,5,1, ,5,1000.0,12.0,0.0,0.0,0.0,0.0,0.0,0.0,12.0,,72.0,2,72.0,2, ,2,2,2,260.0,,, ,, ,, , , , , , , , ,1,1,1,1,2, ,2, ,2, ,2, ,2, ,2, ,2, ,1,1,2, ,2, ,2, ,6,5, ,2,2,2,2,2,2,10,7,1,1126.0, ,,,,,,,283,1126.0,1126.0,1409.0,1,,2024_EneFebMar,,1654.42731780248,,,,25-39,0,
2024,1,47176,1,20,1,1,202401471761002012,1,2,2,1,2, ,2,33.0,2,3.0,12.0,1990.0,1,,, , , , , , , , , , , , ,2, ,5131.0,5610.0,3,5,2,1,1,5.0,12.0,12.0,0.0,0.0,0.0,0.0,12.0,36.0,,36.0,1,,1,1,1,1,2,120.0,63.0,, ,, ,, , , , , , , , ,1,5,2, ,2, ,2, ,2, ,1,5,2, ,2, ,2, ,2, ,2, ,2, ,2, ,6,5, ,2,2,2,2,2,2,10,9,1,520.0,273,,,,,,, ,793.0,793.0,793.0,1,,2024_EneFebMar,,1628.02478774786,,,,25-39,0,
2024,1,47176,1,20,1,1,202401471761002013,1,3,3,1,2, ,1,9.0, ,,,, ,,, , , , , , , , , , , , , , ,,, , , , , ,,,,,,,,,,,, ,, , , , , ,,,, ,, ,, , , , , , , , , , , , , , , , , , , , , , , , , , , , , , , , , , , , , , , , , , , , , , ,, ,,,,,,, ,,,,1,,2024_EneFebMar,, ,,,,0-14,0,
2024,1,47176,1,20,1,1,202401471761002014,1,4,3,1,2, ,2,5.0, ,,,, ,,, , , , , , , , , , , , , , ,,, , , , , ,,,,,,,,,,,, ,, , , , , ,,,, ,, ,, , , , , , , , , , , , , , , , , , , , , , , , , , , , , , , , , , , , , , , , , , , , , , ,, ,,,,,,, ,,,,1,,2024_EneFebMar,, ,,,,0-14,0,
2024,1,25937,1,64,1,1,202310259371006411,1,1,1,1,2, ,1,33.0,1,29.0,12.0,1990.0,1,,, , , , , , , , , , , , ,1, ,5223.0,4721.0,3,5,3,2,1,2.0,10.0,0.0,10.0,11.0,8.0,10.0,10.0,59.0,,70.0,2,70.0,2, ,2,2,2,300.0,140.0,, ,, ,, , , , , , , , ,1,5,2, ,2, ,2, ,2, ,1,5,2, ,2, ,2, ,2, ,2, ,2, ,2, ,5,3, ,2,2,2,2,2,2,10,7,1,1299.0,606,,,,,,, ,1905.0,1905.0,1905.0,1,,2024_EneFebMar,,836.502675639873,,,,25-39,0,
2024,1,25937,1,64,1,1,202310259371006412,1,2,2,1,2, ,2,33.0,2,5.0,6.0,1990.0,2,2.0,2.0,2,2,2,2,2,2,2,2,2,2,2,2,2,2,,, , , , , ,,,,,,,,,,,, ,, , , , , ,,,, ,, ,, ,2,5,2,2,6, , ,1,5,2, ,2, ,2, ,2, ,1,5,2, ,2, ,2, ,2, ,2, ,2, ,2, ,6,5, ,2,2,2,2,2,2,10,7,4,, ,,,,,,, ,,,,1,,2024_EneFebMar,,823.153169864249,,,,25-39,0,
2024,1,25937,1,64,1,1,202310259371006413,1,3,3,1,2, ,2,11.0, ,,,, ,,, , , , , , , , , , , , , , ,,, , , , , ,,,,,,,,,,,, ,, , , , , ,,,, ,, ,, , , , , , , , , , , , , , , , , , , , , , , , , , , , , , , , , , , , , , , , , , , , , , ,, ,,,,,,, ,,,,1,,2024_EneFebMar,, ,,,,0-14,0,
2024,1,25937,1,64,1,1,202310259371006414,1,4,3,1,2, ,1,4.0, ,,,, ,,, , , , , , , , , , , , , , ,,, , , , , ,,,,,,,,,,,, ,, , , , , ,,,, ,, ,, , , , , , , , , , , , , , , , , , , , , , , , , , , , , , , , , , , , , , , , , , , , , , ,, ,,,,,,, ,,,,1,,2024_EneFebMar,, ,,,,0-14,0,
2024,1,26671,1,118,1,1,202310266711011811,1,1,1,1,2, ,2,75.0,1,7.0,3.0,1948.0,2,2.0,2.0,2,2,2,2,2,2,2,2,2,2,2,2,1,2,,, , , , , ,,,,,,,,,,,, ,, , , , , ,,,, ,, ,, ,2,5,2,1,3, , ,1,4,2, ,2, ,2, ,1,3,2, ,2, ,2, ,2, ,2, ,2, ,2, ,1,3,6,5, ,2,2,2,2,2,2,10,7,4,, ,,,,,,, ,,,,1,,2024_EneFebMar,,685.550507463076,,,,60+,0,
2024,1,21655,1,23,1,1,202210216551002313,1,1,1,1,2, ,2,76.0,1,7.0,7.0,1947.0,2,2.0,2.0,2,2,2,2,2,2,2,2,2,2,2,2,1,2,,, , , , , ,,,,,,,,,,,, ,, , , , , ,,,, ,, ,, ,2,6,1,1,3, , ,1,1,1,3,2, ,2, ,2, ,2, ,2, ,2, ,2, ,2, ,1,3,2, ,2, ,9,3, ,2,2,2,2,2,2,10,7,4,, ,,,,,,, ,,,,1,,2024_EneFebMar,,545.880669770824,,,,60+,0,
2024,1,21655,1,23,1,1,202210216551002311,1,2,3,1,2, ,2,54.0,2,14.0,12.0,1969.0,1,,, , , , , , , , , , , , ,2, ,4417.0,7490.0,3,5,1, ,3,80.0,0.0,0.0,9.0,9.0,9.0,9.0,0.0,36.0,,45.0,2,45.0,1,2,2,2,4,3500.0,600.0,, ,, ,, , , , , , , , ,1,3,1,1,2, ,1,1,2, ,2, ,2, ,2, ,2, ,1,1,2, ,2, ,2, ,9,3, ,2,2,2,2,2,2,10,7,1,3500.0,600,,,,,,,584,4100.0,4100.0,4684.0,1,,2024_EneFebMar,,545.880669770824,,,,40-59,0,
2024,1,21655,1,23,1,1,202210216551002312,1,3,3,1,2, ,1,23.0,3,13.0,10.0,2000.0,2,2.0,2.0,2,2,2,2,2,2,2,2,2,2,2,2,3,2,,, , , , , ,,,,,,,,,,,, ,, , , , , ,,,, ,, ,, ,2,4,2,2,5, , ,1,2,2, ,1,4,2, ,2, ,2, ,2, ,2, ,2, ,2, ,2, ,2, ,2, ,10,3, ,2,2,2,2,2,2,10,5,4,, ,,,,,,, ,,,,1,,2024_EneFebMar,,643.416483951893,,,,15-24,0,
2024,1,29315,1,13,1,1,202310293151001311,1,1,1,1,2, ,1,29.0,1,9.0,9.0,1994.0,1,,, , , , , , , , , , , , ,1, ,8343.0,4719.0,3,5,1, ,5,900.0,0.0,0.0,10.0,10.0,0.0,10.0,10.0,40.0,10.0,52.0,2,52.0,1,2,2,2,4,1600.0,2.0,, ,500.0,30,, , , , , , , , ,1,1,1,1,2, ,2, ,2, ,2, ,2, ,2, ,2, ,1,1,2, ,2, ,2, ,6,5, ,2,2,2,2,2,2,10,7,1,1600.0,60,,,500.0,,130.0,,420,2290.0,1660.0,2710.0,1,,2024_EneFebMar,,1014.32985651674,,,,25-39,0,
2024,1,29315,1,13,1,1,202310293151001312,1,2,2,1,2, ,2,36.0,2,20.0,6.0,1987.0,1,,, , , , , , , , , , , , ,2, ,4321.0,4719.0,3,5,1, ,5,600.0,0.0,0.0,8.0,8.0,8.0,8.0,8.0,40.0,,48.0,2,48.0,2, ,2,2,4,1025.0,3.0,, ,, ,, , , , , , , , ,1,1,1,1,2, ,2, ,2, ,2, ,2, ,2, ,2, ,1,1,2, ,2, ,2, ,8,1, ,2,2,2,2,2,2,10,7,1,1025.0,90,,,,,,,455,1115.0,1115.0,1570.0,1,,2024_EneFebMar,,998.142457872019,,,,25-39,0,
2024,1,29315,1,13,1,1,202310293151001313,1,3,3,1,2, ,1,15.0,3,1.0,9.0,2008.0,2,2.0,2.0,2,2,2,2,2,2,2,2,2,2,2,2,3,2,,, , , , , ,,,,,,,,,,,, ,, , , , , ,,,, ,, ,, ,2,5,1,1,4, , ,1,1,1,4,2, ,2, ,2, ,2, ,2, ,2, ,2, ,2, ,2, ,2, ,2, ,5,3, ,2,2,2,2,2,2,10,7,3,, ,,,,,,, ,,,,1,,2024_EneFebMar,,892.260844888919,,,,15-24,0,
2024,1,29315,1,13,1,1,202310293151001314,1,4,3,1,2, ,2,7.0, ,,,, ,,, , , , , , , , , , , , , , ,,, , , , , ,,,,,,,,,,,, ,, , , , , ,,,, ,, ,, , , , , , , , , , , , , , , , , , , , , , , , , , , , , , , , , , , , , , , , , , , , , , ,, ,,,,,,, ,,,,1,,2024_EneFebMar,, ,,,,0-14,0,
2024,1,29315,1,13,1,1,202310293151001315,1,5,3,1,2, ,2,6.0, ,,,, ,,, , , , , , , , , , , , , , ,,, , , , , ,,,,,,,,,,,, ,, , , , , ,,,, ,, ,, , , , , , , , , , , , , , , , , , , , , , , , , , , , , , , , , , , , , , , , , , , , , , ,, ,,,,,,, ,,,,1,,2024_EneFebMar,, ,,,,0-14,0,
2024,1,22609,1,21,1,1,202401226091002111,1,1,1,1,2, ,2,46.0,1,3.0,3.0,1977.0,1,,, , , , , , , , , , , , ,1, ,220.0,8423.0,3,1, , ,5,9998.0,8.0,8.0,8.0,5.0,8.0,8.0,8.0,53.0,,53.0,1,,2, ,2,2,4,2500.0,12.0,, ,, ,, , , , , , , , ,2,4,2, ,2, ,2, ,1,1,2, ,2, ,2, ,2, ,2, ,2, ,2, ,1,1,9,3, ,2,2,2,2,2,2,10,7,1,2500.0,360,,,,,,,67,2860.0,2860.0,2927.0,1,,2024_EneFebMar,,1022.30188396992,,,,40-59,0,
2024,1,22609,1,21,1,1,202401226091002112,1,2,3,1,2, ,2,16.0,1,21.0,11.0,2007.0,2,2.0,2.0,2,2,2,2,2,2,2,2,2,2,2,2,2,2,,, , , , , ,,,,,,,,,,,, ,, , , , , ,,,, ,, ,, ,2,4,2,2,5, , ,2,4,2, ,2, ,2, ,1,4,2, ,2, ,2, ,2, ,2, ,2, ,2, ,2, ,5,4, ,2,2,2,2,2,2,10,7,4,, ,,,,,,, ,,,,1,,2024_EneFebMar,,1298.44754323072,,,,15-24,0,
2024,1,22609,1,21,1,1,202401226091002113,1,3,3,1,2, ,2,14.0,3,18.0,8.0,2009.0,2,2.0,2.0,2,2,2,2,2,2,2,2,2,2,2,2,3,2,,, , , , , ,,,,,,,,,,,, ,, , , , , ,,,, ,, ,, ,2,4,2,2,3, , ,2,4,2, ,1,4,2, ,1,4,2, ,2, ,2, ,2, ,2, ,2, ,2, ,2, ,5,2, ,2,2,2,2,2,2,10,7,4,, ,,,,,,, ,,,,1,,2024_EneFebMar,,1298.44754323072,,,,0-14,0,
2024,1,47231,1,62,1,1,202301472311006211,1,1,1,1,2, ,1,53.0,1,3.0,7.0,1970.0,1,,, , , , , , , , , , , , ,1, ,8332.0,4923.0,3,5,1, ,1,8.0,0.0,0.0,8.0,8.0,8.0,8.0,8.0,40.0,,48.0,2,48.0,1,1,1,2,4,2500.0,45.0,, ,, ,, , , , , , , , ,1,1,1,1,2, ,2, ,2, ,2, ,2, ,2, ,2, ,1,1,2, ,2, ,2, ,8,1, ,2,2,2,2,2,2,10,7,1,2500.0,1350,,,,,,,707,3850.0,3850.0,4557.0,1,,2024_EneFebMar,,596.163293877418,,,,40-59,0,
2024,1,27077,1,137,1,1,202401270771013711,1,1,1,1,2, ,1,30.0,1,16.0,1.0,1993.0,1,,, , , , , , , , , , , , ,1, ,4416.0,4100.0,3,5,1, ,2,40.0,0.0,0.0,8.0,8.0,8.0,8.0,0.0,32.0,,40.0,2,40.0,2, ,2,2,4,5500.0,,, ,, ,, , , , , , , , ,1,1,1,1,2, ,2, ,2, ,2, ,2, ,2, ,2, ,1,1,2, ,2, ,2, ,10,1, ,2,2,2,2,2,2,10,7,1,5500.0, ,,,,,,,1624,5500.0,5500.0,7124.0,1,,2024_EneFebMar,,880.015473214198,,,,25-39,0,
2024,1,27077,1,137,1,1,202401270771013712,1,2,2,1,2, ,2,28.0,2,12.0,10.0,1995.0,1,,, , , , , , , , , , , , ,2, ,2634.0,9200.0,3,5,1, ,3,90.0,0.0,0.0,8.0,8.0,8.0,8.0,0.0,32.0,,40.0,2,40.0,2, ,2,2,4,5000.0,,, ,, ,, , , , , , , , ,1,3,1,1,1,2,2, ,2, ,2, ,2, ,2, ,2, ,1,1,2, ,2, ,2, ,11,6, ,2,2,2,2,2,2,10,7,1,5000.0, ,,,,,,,617,5000.0,5000.0,5617.0,1,,2024_EneFebMar,,865.971559208393,,,,25-39,0,
2024,1,29309,1,33,1,1,202310293091003311,1,1,1,1,2, ,1,74.0,1,26.0,8.0,1949.0,2,2.0,2.0,2,2,2,2,2,2,2,2,2,2,2,2,1,2,,, , , , , ,,,,,,,,,,,, ,, , , , , ,,,, ,, ,, ,2,6,2,2,3, , ,1,1,1,3,2, ,2, ,2, ,2, ,2, ,2, ,2, ,1,3,2, ,2, ,2, ,5,1, ,2,2,2,2,2,2,1,7,4,, ,,,,,,, ,,,,1,,2024_EneFebMar,,763.821877240526,,,,60+,0,
2024,1,29309,1,33,1,1,202310293091003312,1,2,2,1,2, ,2,69.0,2,11.0,4.0,1954.0,2,2.0,2.0,2,2,2,2,2,2,2,2,2,2,2,2,2,2,,, , , , , ,,,,,,,,,,,, ,, , , , , ,,,, ,, ,, ,2,5,2,2,6, , ,1,1,1,4,2, ,2, ,2, ,2, ,2, ,2, ,2, ,2, ,2, ,2, ,2, ,4,5, ,2,2,2,2,2,2,1,1,4,, ,,,,,,, ,,,,1,,2024_EneFebMar,,702.564357767841,,,,60+,0,
2024,1,29309,1,33,1,1,202310293091003313,1,3,3,1,2, ,1,45.0,3,10.0,1.0,1978.0,1,,, , , , , , , , , , , , ,3, ,9334.0,4921.0,3,5,3,2,1,2.0,0.0,14.0,0.0,0.0,0.0,0.0,0.0,14.0,,24.0,2,24.0,2, ,2,2,2,120.0,10.0,, ,, ,, , , , , , , , ,1,5,2, ,2, ,2, ,2, ,1,5,2, ,2, ,2, ,1,5,2, ,2, ,2, ,6,5, ,2,2,2,2,2,2,10,7,1,520.0,43,,,,,,, ,563.0,563.0,563.0,1,,2024_EneFebMar,,763.821877240526,,,,40-59,0,
2024,1,29309,1,33,1,1,202310293091003315,1,4,3,1,2, ,1,39.0,4,15.0,10.0,1984.0,1,,, , , , , , , , , , , , ,4, ,5213.0,4781.0,2, ,3,2,1,1.0,6.0,11.0,11.0,11.0,11.0,11.0,11.0,72.0,,72.0,1,,2, ,2,2, ,,,, ,, ,, , , , , , , , ,1,5,2, ,2, ,2, ,2, ,1,5,2, ,2, ,2, ,1,5,2, ,2, ,2, ,6,5, ,2,2,2,2,2,2,10,1,1,, ,1842.0,,,,,, ,1842.0,1842.0,1842.0,1,,2024_EneFebMar,,941.386475422026,,,,25-39,0,
2024,1,49936,1,13,1,1,202401499361001311,1,1,1,1,2, ,1,56.0,1,21.0,9.0,1967.0,1,,, , , , , , , , , , , , ,1, ,7127.0,4322.0,2, ,3,2,1,1.0,6.0,0.0,0.0,0.0,6.0,6.0,0.0,18.0,,48.0,2,48.0,2, ,2,2, ,,,, ,, ,, , , , , , , , ,1,1,1,2,2, ,2, ,2, ,2, ,2, ,2, ,2, ,2, ,2, ,2, ,2, ,4,5, ,2,2,2,2,2,2,10,9,1,, ,1033.0,,,,,, ,1033.0,1033.0,1033.0,1,,2024_EneFebMar,,1374.68180769576,,,,40-59,0,
2024,1,49936,1,13,1,1,202401499361001312,1,2,2,1,2, ,2,41.0,2,19.0,1.0,1982.0,1,,, , , , , , , , , , , , ,2, ,9112.0,8121.0,2, ,3,2,1,1.0,0.0,0.0,0.0,8.0,0.0,0.0,8.0,16.0,,24.0,2,24.0,2, ,2,2, ,,,, ,, ,, , , , , , , , ,1,5,2, ,2, ,2, ,2, ,1,5,2, ,2, ,2, ,2, ,2, ,2, ,2, ,4, ,6,2,2,2,2,2,2,10,7,1,, ,779.0,,,,,, ,779.0,779.0,779.0,1,,2024_EneFebMar,,1667.21407210163,,,,40-59,0,
2024,1,49936,1,13,1,1,202401499361001313,1,3,3,1,2, ,2,20.0,3,13.0,10.0,2003.0,1,,, , , , , , , , , , , , ,3, ,9411.0,5610.0,2, ,3,2,1,1.0,4.0,6.0,0.0,0.0,0.0,0.0,0.0,10.0,10.0,20.0,1,,2, ,2,2, ,,,, ,, ,300.0,15, , , , , , , ,1,5,2, ,2, ,2, ,2, ,1,5,2, ,2, ,2, ,2, ,2, ,2, ,2, ,9,3, ,2,2,2,2,2,2,10,7,1,, ,207.0,9.0,,300.0,,15.0, ,531.0,216.0,531.0,1,,2024_EneFebMar,,1605.984885023,,,,15-24,0,
2024,1,49936,1,13,1,1,202401499361001314,1,4,5,1,2, ,2,3.0, ,,,, ,,, , , , , , , , , , , , , , ,,, , , , , ,,,,,,,,,,,, ,, , , , , ,,,, ,, ,, , , , , , , , , , , , , , , , , , , , , , , , , , , , , , , , , , , , , , , , , , , , , , ,, ,,,,,,, ,,,,1,,2024_EneFebMar,, ,,,,0-14,0,
2024,1,22609,1,18,1,1,202401226091001811,1,1,1,1,2, ,1,54.0,3,9.0,7.0,1969.0,1,,, , , , , , , , , , , , ,1, ,7354.0,1410.0,3,5,3,2,1,5.0,0.0,8.0,8.0,8.0,9.0,9.0,8.0,50.0,,50.0,1,,2, ,2,2,2,350.0,,, ,, ,, , , , , , , , ,1,5,2, ,2, ,2, ,2, ,1,5,2, ,2, ,2, ,2, ,2, ,2, ,2, ,6,5, ,2,2,2,2,2,2,10,7,1,1516.0, ,,,,,,, ,1516.0,1516.0,1516.0,1,,2024_EneFebMar,,1111.43774301523,,,,40-59,0,
2024,1,22609,1,18,1,1,202401226091001812,1,2,2,1,2, ,2,47.0,2,9.0,8.0,1976.0,2,2.0,2.0,2,2,2,2,2,2,2,2,2,2,2,2,2,2,,, , , , , ,,,,,,,,,,,, ,, , , , , ,,,, ,, ,, ,2,5,1,1,7, , ,1,5,2, ,2, ,2, ,2, ,1,5,2, ,2, ,2, ,2, ,2, ,2, ,2, ,5,3, ,1,2,2,2,2,2,10,8,3,, ,,,,,,, ,,,,1,,2024_EneFebMar,,1022.30188396992,,,,40-59,0,
2024,1,22609,1,18,1,1,202401226091001813,1,3,3,1,2, ,2,28.0,3,16.0,7.0,1995.0,1,,, , , , , , , , , , , , ,3, ,3312.0,6419.0,3,5,1, ,5,1000.0,0.0,8.0,8.0,8.0,8.0,8.0,5.0,45.0,,45.0,1,,2, ,2,2,4,2000.0,,, ,, ,, , , , , , , , ,1,3,1,1,2, ,1,1,2, ,2, ,2, ,2, ,2, ,2, ,1,1,2, ,2, ,9,3, ,2,2,2,2,2,2,10,7,1,2000.0, ,,,,,,,417,2000.0,2000.0,2417.0,1,,2024_EneFebMar,,1347.95167510499,,,,25-39,0,
2024,1,24146,1,95,1,1,202401241461009511,1,1,1,1,2, ,2,55.0,1,26.0,10.0,1968.0,1,,, , , , , , , , , , , , ,1, ,5120.0,5610.0,2, ,3,2,1,1.0,0.0,0.0,6.0,0.0,6.0,0.0,0.0,12.0,,12.0,1,,2, ,2,2, ,,,, ,, ,, , , , , , , , ,1,6,2, ,2, ,2, ,2, ,2, ,2, ,2, ,2, ,2, ,2, ,2, ,2, ,3,4, ,2,2,2,2,2,2,10,9,1,, ,182.0,,,,,, ,182.0,182.0,182.0,1,,2024_EneFebMar,,1195.03962444622,,,,40-59,0,
2024,1,24146,1,95,1,1,202401241461009512,1,2,3,1,2, ,1,21.0,2,11.0,1.0,2003.0,1,,, , , , , , , , , , , , ,2, ,9112.0,8129.0,3,5,1, ,2,50.0,0.0,8.0,8.0,8.0,8.0,8.0,8.0,48.0,,48.0,1,,2, ,2,2,4,1025.0,,, ,, ,, , , , , , , , ,1,1,1,1,2, ,2, ,2, ,2, ,2, ,2, ,2, ,1,1,2, ,2, ,2, ,6,5, ,2,2,2,2,2,2,10,9,1,1025.0, ,,,,,,,58,1025.0,1025.0,1083.0,1,,2024_EneFebMar,,1408.56461113962,,,,15-24,0,
2024,1,24146,1,95,1,1,202401241461009513,1,3,3,1,2, ,1,25.0,3,31.0,8.0,1998.0,1,,, , , , , , , , , , , , ,3, ,8321.0,4922.0,2, ,3,2,1,1.0,11.0,11.0,11.0,11.0,11.0,11.0,11.0,77.0,,77.0,1,,1,1,1,2, ,,,, ,, ,, , , , , , , , ,1,5,2, ,2, ,2, ,2, ,1,5,2, ,2, ,2, ,2, ,2, ,2, ,2, ,5,2, ,2,2,2,2,2,2,10,7,1,, ,1150.0,,,,,, ,1150.0,1150.0,1150.0,1,,2024_EneFebMar,,1601.26844979921,,,,25-39,0,
2024,1,17515,1,2,1,1,202401175151000211,1,1,1,1,2, ,1,46.0,2,21.0,9.0,1977.0,2,2.0,2.0,2,2,2,2,2,2,2,2,2,2,2,2,1,2,,, , , , , ,,,,,,,,,,,, ,, , , , , ,,,, ,, ,, ,1, ,1,1,13,5,2,1,5,2, ,2, ,2, ,2, ,1,5,2, ,2, ,2, ,1,5,2, ,2, ,2, ,6,5, ,2,2,2,2,2,2,10,7,2,, ,,,,,,, ,,,,1,,2024_EneFebMar,,611.95467016204,,,,40-59,0,
2024,1,17515,1,2,1,1,202401175151000212,1,2,2,1,2, ,2,43.0,2,24.0,5.0,1980.0,1,,, , , , , , , , , , , , ,2, ,4416.0,2420.0,3,5,1, ,1,10.0,0.0,0.0,8.0,8.0,8.0,8.0,0.0,32.0,,40.0,2,40.0,2, ,2,2,4,1025.0,,, ,, ,, , , , , , , , ,1,1,1,1,2, ,2, ,2, ,2, ,2, ,2, ,2, ,2, ,1,1,2, ,2, ,9,3, ,2,2,2,2,2,2,10,7,1,1025.0, ,,,,,,,170,1025.0,1025.0,1195.0,1,,2024_EneFebMar,,742.178613167669,,,,40-59,0,
2024,1,17515,1,2,1,1,202401175151000213,1,3,3,1,2, ,2,19.0,3,4.0,4.0,2004.0,2,2.0,2.0,2,2,2,2,2,2,2,2,2,2,2,2,3,2,,, , , , , ,,,,,,,,,,,, ,, , , , , ,,,, ,, ,, ,2,4,2,2,5, , ,2,6,2, ,2, ,2, ,2, ,2, ,2, ,2, ,2, ,2, ,2, ,2, ,2, ,10,2, ,2,2,2,2,2,2,10,7,4,, ,,,,,,, ,,,,1,,2024_EneFebMar,,714.921769603412,,,,15-24,0,
2024,1,17515,1,2,1,1,202401175151000214,1,4,3,1,2, ,1,10.0, ,,,, ,,, , , , , , , , , , , , , , ,,, , , , , ,,,,,,,,,,,, ,, , , , , ,,,, ,, ,, , , , , , , , , , , , , , , , , , , , , , , , , , , , , , , , , , , , , , , , , , , , , , ,, ,,,,,,, ,,,,1,,2024_EneFebMar,, ,,,,0-14,0,
2024,1,17648,1,95,1,1,202210176481009511,1,1,1,1,2, ,1,55.0,1,1.0,11.0,1968.0,1,,, , , , , , , , , , , , ,1, ,4223.0,6190.0,2, ,3,2,1,2.0,8.0,11.0,11.0,11.0,11.0,11.0,12.0,75.0,,75.0,1,,2, ,2,2, ,,,, ,, ,, , , , , , , , ,1,5,2, ,2, ,2, ,2, ,1,5,2, ,2, ,2, ,2, ,2, ,2, ,2, ,6,5, ,2,2,2,2,2,2,10,7,1,, ,1450.0,150.0,,,,, ,1600.0,1600.0,1600.0,1,,2024_EneFebMar,,280.68266261319,,,,40-59,0,
2024,1,17648,1,95,1,1,202210176481009512,1,2,2,1,2, ,2,45.0,2,30.0,7.0,1978.0,1,,, , , , , , , , , , , , ,2, ,5212.0,4722.0,2, ,3,2,1,1.0,8.0,8.0,8.0,8.0,8.0,8.0,8.0,56.0,,56.0,1,,2, ,2,2, ,,,, ,, ,, , , , , , , , ,1,5,2, ,2, ,2, ,2, ,1,5,2, ,2, ,2, ,2, ,2, ,2, ,2, ,6,5, ,2,2,2,2,2,2,1,1,1,, ,600.0,150.0,,,,, ,750.0,750.0,750.0,1,,2024_EneFebMar,,258.172278735748,,,,40-59,0,
2024,1,17648,1,95,1,1,202210176481009514,1,3,3,1,2, ,2,16.0,3,26.0,2.0,2007.0,2,2.0,2.0,2,2,2,2,2,2,2,2,2,2,2,2,3,2,,, , , , , ,,,,,,,,,,,, ,, , , , , ,,,, ,, ,, ,1,5,1,1,13,1,1,1,5,2, ,2, ,2, ,2, ,1,5,2, ,2, ,2, ,2, ,2, ,2, ,2, ,5,4, ,2,1,2,2,2,2,10,7,2,, ,,,,,,, ,,,,1,,2024_EneFebMar,,327.910147003673,,,,15-24,0,
2024,1,17648,1,95,1,1,202210176481009515,1,4,3,1,2, ,2,7.0, ,,,, ,,, , , , , , , , , , , , , , ,,, , , , , ,,,,,,,,,,,, ,, , , , , ,,,, ,, ,, , , , , , , , , , , , , , , , , , , , , , , , , , , , , , , , , , , , , , , , , , , , , , ,, ,,,,,,, ,,,,1,,2024_EneFebMar,, ,,,,0-14,0,
2024,1,29129,1,34,1,1,202401291291003411,1,1,1,1,2, ,1,34.0,1,4.0,6.0,1989.0,1,,, , , , , , , , , , , , ,1, ,7127.0,4322.0,2, ,3,2,1,1.0,0.0,0.0,6.0,6.0,0.0,0.0,0.0,12.0,,48.0,2,48.0,2, ,2,2, ,,,, ,, ,, , , , , , , , ,1,5,2, ,2, ,2, ,2, ,1,5,2, ,2, ,2, ,2, ,1,5,2, ,2, ,8,1, ,2,2,2,2,2,2,10,7,1,, ,1900.0,,,,,, ,1900.0,1900.0,1900.0,1,,2024_EneFebMar,,864.782095777112,,,,25-39,0,
2024,1,29129,1,34,1,1,202401291291003412,1,3,11,2, ,2,2,30.0, ,,,, ,,, , , , , , , , , , , , , , ,,, , , , , ,,,,,,,,,,,, ,, , , , , ,,,, ,, ,, , , , , , , , , , , , , , , , , , , , , , , , , , , , , , , , , , , , , , , , , , , , , , ,, ,,,,,,, ,,,,0,,2024_EneFebMar,, ,,,,25-39,0,
2024,1,29129,1,34,1,1,202401291291003413,1,2,3,1,2, ,1,8.0, ,,,, ,,, , , , , , , , , , , , , , ,,, , , , , ,,,,,,,,,,,, ,, , , , , ,,,, ,, ,, , , , , , , , , , , , , , , , , , , , , , , , , , , , , , , , , , , , , , , , , , , , , , ,, ,,,,,,, ,,,,1,,2024_EneFebMar,, ,,,,0-14,0,
2024,1,23924,1,58,1,1,202210239241005811,1,1,1,1,2, ,1,57.0,1,12.0,5.0,1966.0,1,,, , , , , , , , , , , , ,1, ,7111.0,4100.0,2, ,3,2,1,1.0,0.0,0.0,8.0,8.0,8.0,8.0,8.0,40.0,,48.0,2,48.0,2, ,2,2, ,,,, ,, ,, , , , , , , , ,1,6,2, ,2, ,2, ,2, ,2, ,2, ,2, ,2, ,2, ,2, ,2, ,2, ,3,3, ,2,2,2,2,2,2,1,1,1,, ,2864.0,,,,,, ,2864.0,2864.0,2864.0,1,,2024_EneFebMar,,669.533255893191,,,,40-59,0,
2024,1,23924,1,58,1,1,202210239241005812,1,2,2,1,2, ,2,57.0,2,28.0,10.0,1966.0,1,,, , , , , , , , , , , , ,2, ,5213.0,4781.0,1, ,3,2,1,3.0,12.0,0.0,12.0,12.0,12.0,12.0,12.0,72.0,,72.0,1,,2, ,2,2, ,,,, ,, ,, , , , , , , , ,1,6,2, ,2, ,2, ,2, ,2, ,2, ,2, ,2, ,2, ,2, ,2, ,2, ,1, , ,2,2,2,2,2,2,1,1,1,, ,969.0,900.0,,,,, ,1869.0,1869.0,1869.0,1,,2024_EneFebMar,,615.83756101645,,,,40-59,0,
2024,1,23924,1,58,1,1,202210239241005813,1,3,3,1,2, ,1,28.0,7,4.0,8.0,1995.0,1,,, , , , , , , , , , , , ,3, ,9629.0,9609.0,3,5,3,2,1,2.0,0.0,6.0,6.0,6.0,6.0,6.0,6.0,36.0,,36.0,1,,2, ,2,2,2,200.0,,, ,, ,, , , , , , , , ,1,5,2, ,2, ,2, ,2, ,1,5,2, ,2, ,2, ,2, ,2, ,2, ,2, ,8,2, ,2,2,2,2,2,2,10,7,1,866.0, ,,,,,,, ,866.0,866.0,866.0,1,,2024_EneFebMar,,825.178710801247,,,,25-39,0,
2024,1,23924,1,58,1,1,202210239241005814,1,4,3,1,2, ,1,39.0,4,6.0,3.0,1984.0,1,,, , , , , , , , , , , , ,4, ,8173.0,1709.0,3,5,1, ,4,140.0,0.0,0.0,9.0,9.0,9.0,9.0,3.0,39.0,,48.0,2,48.0,2, ,2,2,3,860.0,,, ,, ,, , , , , , , , ,1,1,1,1,2, ,2, ,2, ,2, ,2, ,2, ,2, ,1,1,2, ,2, ,2, ,9,3, ,2,2,2,2,2,2,10,8,1,1720.0, ,,,,,,,450,1720.0,1720.0,2170.0,1,,2024_EneFebMar,,825.178710801247,,,,25-39,0,
2024,1,23924,1,58,1,1,202210239241005815,1,5,4,1,2, ,2,25.0,5,26.0,1.0,1998.0,2,2.0,2.0,2,2,2,2,2,2,2,2,2,2,2,2,5,2,,, , , , , ,,,,,,,,,,,, ,, , , , , ,,,, ,, ,, ,2,5,2,1,6, , ,1,5,2, ,2, ,2, ,2, ,1,5,2, ,2, ,2, ,2, ,2, ,2, ,2, ,9,3, ,2,2,2,2,2,2,10,7,4,, ,,,,,,, ,,,,1,,2024_EneFebMar,,812.009920925785,,,,25-39,0,
2024,1,23924,1,58,1,1,202310239241005816,1,6,5,1,2, ,2,, ,,,, ,,, , , , , , , , , , , , , , ,,, , , , , ,,,,,,,,,,,, ,, , , , , ,,,, ,, ,, , , , , , , , , , , , , , , , , , , , , , , , , , , , , , , , , , , , , , , , , , , , , , ,, ,,,,,,, ,,,,1,,2024_EneFebMar,, ,,,,,0,
2024,1,23924,1,58,1,1,202210239241005816,1,7,3,1,2, ,2,34.0,7,25.0,3.0,1989.0,1,,, , , , , , , , , , , , ,7, ,9111.0,9700.0,6, , , ,1,1.0,0.0,8.0,8.0,8.0,8.0,8.0,5.0,45.0,,45.0,1,,2, ,2,2,4,1200.0,120.0,, ,, ,, , , , , , , , ,1,5,2, ,2, ,2, ,2, ,1,5,2, ,2, ,2, ,2, ,2, ,2, ,2, ,9,3, ,2,2,2,2,2,2,10,7,1,1200.0,520,,,,,,, ,1720.0,1720.0,1720.0,1,,2024_EneFebMar,,812.009920925785,,,,25-39,0,
2024,1,23924,1,58,1,1,202210239241005817,1,8,5,1,2, ,2,9.0, ,,,, ,,, , , , , , , , , , , , , , ,,, , , , , ,,,,,,,,,,,, ,, , , , , ,,,, ,, ,, , , , , , , , , , , , , , , , , , , , , , , , , , , , , , , , , , , , , , , , , , , , , , ,, ,,,,,,, ,,,,1,,2024_EneFebMar,, ,,,,0-14,0,
2024,1,23924,1,58,1,1,202210239241005818,1,9,3,1,2, ,2,30.0,9,17.0,7.0,1993.0,1,,, , , , , , , , , , , , ,9, ,5213.0,4781.0,3,5,2,2,1,3.0,0.0,0.0,8.0,8.0,8.0,8.0,8.0,40.0,,40.0,1,,2, ,2,2,4,850.0,,, ,, ,, , , , , , , , ,1,5,2, ,2, ,2, ,2, ,1,5,2, ,2, ,2, ,2, ,2, ,2, ,2, ,9,3, ,2,2,2,2,2,2,10,8,1,850.0, ,,,,,,, ,850.0,850.0,850.0,1,,2024_EneFebMar,,812.009920925785,,,,25-39,0,
2024,1,23924,1,58,1,1,202210239241005819,1,10,5,1,2, ,1,11.0, ,,,, ,,, , , , , , , , , , , , , , ,,, , , , , ,,,,,,,,,,,, ,, , , , , ,,,, ,, ,, , , , , , , , , , , , , , , , , , , , , , , , , , , , , , , , , , , , , , , , , , , , , , ,, ,,,,,,, ,,,,1,,2024_EneFebMar,, ,,,,0-14,0,
2024,1,23924,1,58,1,1,2022102392410058110,1,11,3,1,2, ,1,32.0,11,1.0,12.0,1991.0,1,,, , , , , , , , , , , , ,11, ,7111.0,4100.0,3,5,3,2,1,2.0,0.0,0.0,8.0,8.0,8.0,8.0,8.0,40.0,,40.0,1,,2, ,2,2,2,600.0,,, ,, ,, , , , , , , , ,1,6,2, ,2, ,2, ,2, ,2, ,2, ,2, ,2, ,2, ,2, ,2, ,2, ,6,5, ,2,2,2,2,2,2,10,1,1,2598.0, ,,,,,,, ,2598.0,2598.0,2598.0,1,,2024_EneFebMar,,825.178710801247,,,,25-39,0,
2024,1,47725,1,271,1,1,202401477251027111,1,1,1,1,2, ,2,55.0,1,15.0,10.0,1968.0,2,2.0,2.0,2,2,2,2,2,2,2,2,2,2,2,2,1,2,,, , , , , ,,,,,,,,,,,, ,, , , , , ,,,, ,, ,, ,2,5,1,2,6, , ,1,6,2, ,2, ,2, ,2, ,2, ,2, ,2, ,2, ,2, ,2, ,2, ,2, ,11,5, ,2,2,2,2,2,2,10,7,4,, ,,,,,,, ,,,,1,,2024_EneFebMar,,1143.95195594272,,,,40-59,0,
2024,1,47725,1,271,1,1,202401477251027112,1,2,6,1,2, ,2,79.0,1,7.0,10.0,1944.0,2,2.0,2.0,2,2,2,2,2,2,2,2,2,2,2,2,2,2,,, , , , , ,,,,,,,,,,,, ,, , , , , ,,,, ,, ,, ,2,6,2,2,3, , ,1,1,1,3,2, ,2, ,2, ,2, ,2, ,2, ,2, ,2, ,1,3,2, ,2, ,3,3, ,1,2,2,2,1,1,10,7,4,, ,,,,,,, ,,,,1,,2024_EneFebMar,,1143.95195594272,,,,60+,0,
2024,1,2247202,1,32,1,1,20221022472021003211,1,1,1,1,2, ,1,61.0,1,2.0,2.0,1962.0,1,,, , , , , , , , , , , , ,1, ,8189.0,7830.0,3,4,1, ,5,3000.0,11.0,0.0,11.0,5.0,7.0,5.0,7.0,46.0,24.0,70.0,1,,2, ,2,2,3,700.0,,, ,, ,, , , , , , , , ,1,1,1,1,2, ,2, ,2, ,2, ,2, ,2, ,2, ,1,1,2, ,2, ,2, ,6,5, ,2,2,2,2,2,2,10,6,1,1400.0, ,,,,,,,376,1400.0,1400.0,1776.0,1,,2024_EneFebMar,,643.615840210324,,,,60+,0,
2024,1,2247202,1,32,1,1,20221022472021003212,1,2,2,1,2, ,2,59.0,2,16.0,6.0,1964.0,1,,, , , , , , , , , , , , ,2, ,5212.0,4711.0,2, ,2,2,1,2.0,10.0,6.0,10.0,10.0,10.0,10.0,10.0,66.0,,70.0,2,70.0,2, ,2,2, ,,,, ,, ,, , , , , , , , ,1,1,1,4,2, ,2, ,2, ,2, ,2, ,2, ,2, ,2, ,2, ,2, ,2, ,9,3, ,2,2,2,2,2,2,1,1,1,, ,1300.0,300.0,,,,, ,1600.0,1600.0,1600.0,1,,2024_EneFebMar,,591.998688306993,,,,40-59,0,
2024,1,2247202,1,32,1,1,20221022472021003213,1,3,3,1,2, ,2,24.0,3,13.0,5.0,1999.0,1,,, , , , , , , , , , , , ,3, ,3123.0,4210.0,3,5,1, ,4,200.0,0.0,9.0,9.0,9.0,9.0,9.0,9.0,54.0,,54.0,2,48.0,2, ,2,2,4,1800.0,,, ,, ,, , , , , , , , ,1,1,1,1,2, ,2, ,2, ,2, ,2, ,2, ,2, ,1,1,2, ,2, ,2, ,11,5, ,2,2,2,2,2,2,10,7,1,1800.0, ,,,,,,,533,1800.0,1800.0,2333.0,1,,2024_EneFebMar,,751.910227772446,,,,15-24,0,
2024,1,21063,1,100,1,1,202301210631010011,1,1,1,1,2, ,1,45.0,1,29.0,1.0,1978.0,1,,, , , , , , , , , , , , ,1, ,5414.0,8010.0,3,4,1, ,4,500.0,12.0,12.0,0.0,12.0,12.0,12.0,12.0,72.0,5.0,77.0,1,,2, ,2,2,4,1750.0,,, ,, ,1299.0, , , , , , , , ,1,1,1,1,2, ,2, ,2, ,2, ,2, ,2, ,2, ,2, ,1,1,2, ,2, ,6,5, ,2,2,2,2,2,2,10,7,1,1750.0, ,,,,1299.0,,,452,3049.0,1750.0,3501.0,1,,2024_EneFebMar,,764.050732972272,,,,40-59,0,
2024,1,21063,1,100,1,1,202301210631010012,1,2,2,1,2, ,2,34.0,2,8.0,8.0,1989.0,1,,, , , , , , , , , , , , ,2, ,9412.0,5610.0,3,5,2,2,1,3.0,0.0,0.0,7.0,7.0,7.0,7.0,7.0,35.0,,42.0,2,42.0,2, ,2,2,2,125.0,60.0,, ,, ,, , , , , , , , ,1,6,2, ,2, ,2, ,2, ,2, ,2, ,2, ,2, ,2, ,2, ,2, ,2, ,3, ,5,2,2,2,2,2,2,10,9,1,541.0,260,,,,,,, ,801.0,801.0,801.0,1,,2024_EneFebMar,,926.640715458465,,,,25-39,0,
2024,1,21063,1,100,1,1,202301210631010013,1,3,3,1,2, ,2,19.0,3,8.0,11.0,2004.0,2,2.0,2.0,2,2,2,2,2,2,2,2,2,2,2,2,3,2,,, , , , , ,,,,,,,,,,,, ,, , , , , ,,,, ,, ,, ,2,4,1,1,5, , ,1,6,2, ,2, ,2, ,2, ,2, ,2, ,2, ,2, ,2, ,2, ,2, ,2, ,10,2, ,2,2,2,2,2,2,10,7,4,, ,,,,,,, ,,,,1,,2024_EneFebMar,,892.60941817583,,,,15-24,0,
2024,1,21063,1,100,1,1,202301210631010014,1,4,3,1,2, ,1,11.0, ,,,, ,,, , , , , , , , , , , , , , ,,, , , , , ,,,,,,,,,,,, ,, , , , , ,,,, ,, ,, , , , , , , , , , , , , , , , , , , , , , , , , , , , , , , , , , , , , , , , , , , , , , ,, ,,,,,,, ,,,,1,,2024_EneFebMar,, ,,,,0-14,0,
2024,1,21063,1,100,1,1,202301210631010015,1,5,3,1,2, ,1,7.0, ,,,, ,,, , , , , , , , , , , , , , ,,, , , , , ,,,,,,,,,,,, ,, , , , , ,,,, ,, ,, , , , , , , , , , , , , , , , , , , , , , , , , , , , , , , , , , , , , , , , , , , , , , ,, ,,,,,,, ,,,,1,,2024_EneFebMar,, ,,,,0-14,0,
2024,1,21063,1,100,1,1,202301210631010016,1,6,6,1,2, ,2,72.0,1,3.0,11.0,1951.0,2,2.0,2.0,2,2,2,2,2,2,2,2,2,2,2,2,6,2,,, , , , , ,,,,,,,,,,,, ,, , , , , ,,,, ,, ,, ,2,7,2,2,7, , ,1,1,1,4,2, ,2, ,2, ,2, ,2, ,2, ,2, ,2, ,2, ,2, ,2, ,9,3, ,1,2,1,2,2,2,10,7,4,, ,,,,,,, ,,,,1,,2024_EneFebMar,,702.774859568047,,,,60+,0,
2024,1,19333,1,40,1,1,202301193331004011,1,1,1,1,2, ,1,48.0,1,24.0,6.0,1975.0,1,,, , , , , , , , , , , , ,1, ,5141.0,9602.0,1, ,2,2,1,2.0,14.0,12.0,12.0,12.0,12.0,12.0,12.0,86.0,,86.0,2,72.0,1,1,1,2, ,,,, ,, ,, , , , , , , , ,1,5,2, ,2, ,2, ,2, ,1,5,2, ,2, ,2, ,1,5,2, ,2, ,2, ,6,5, ,2,2,2,2,2,2,10,7,1,, ,1000.0,,,,,, ,1000.0,1000.0,1000.0,1,,2024_EneFebMar,,544.12138845467,,,,40-59,0,
2024,1,2153301,1,46,1,1,20230121533011004611,1,1,1,1,2, ,2,64.0,1,2.0,11.0,1959.0,1,,, , , , , , , , , , , , ,1, ,9111.0,9700.0,6, , , ,1,1.0,0.0,0.0,7.0,7.0,7.0,7.0,7.0,35.0,,54.0,2,54.0,1,2,2,2,4,180.0,6.0,, ,, ,, , , , , , , , ,1,1,1,4,2, ,2, ,2, ,2, ,2, ,2, ,2, ,1,5,2, ,2, ,2, ,4,5, ,2,2,2,2,2,2,10,7,1,180.0,180,,,,,,, ,360.0,360.0,360.0,1,,2024_EneFebMar,,594.741298873054,,,,60+,0,
2024,1,17902,1,63,1,1,202401179021006312,1,1,1,1,2, ,2,72.0,1,28.0,9.0,1951.0,2,2.0,2.0,2,2,2,2,2,2,2,2,2,2,2,2,1,2,,, , , , , ,,,,,,,,,,,, ,, , , , , ,,,, ,, ,, ,2,5,2,2,6, , ,1,1,1,4,2, ,2, ,2, ,2, ,2, ,2, ,2, ,2, ,2, ,2, ,2, ,5,3, ,2,2,2,2,2,2,10,7,4,, ,,,,,,, ,,,,1,,2024_EneFebMar,,567.512994289062,,,,60+,0,
2024,1,17902,1,63,1,1,202401179021006313,1,2,3,1,2, ,1,40.0,2,21.0,9.0,1983.0,1,,, , , , , , , , , , , , ,2, ,8322.0,4922.0,2, ,3,2,1,1.0,11.0,8.0,12.0,12.0,12.0,12.0,12.0,79.0,,79.0,2,72.0,1,1,1,2, ,,,, ,, ,, , , , , , , , ,1,6,2, ,2, ,2, ,2, ,2, ,2, ,2, ,2, ,2, ,2, ,2, ,2, ,6,5, ,2,2,2,2,2,2,10,7,1,, ,1400.0,,,,,, ,1400.0,1400.0,1400.0,1,,2024_EneFebMar,,760.4272143087,,,,40-59,0,
2024,1,17902,1,63,1,1,202401179021006314,1,3,3,1,2, ,2,30.0,3,13.0,7.0,1993.0,1,,, , , , , , , , , , , , ,3, ,4223.0,8620.0,3,5,1, ,2,30.0,0.0,0.0,8.0,8.0,8.0,8.0,8.0,40.0,,40.0,1,,1,2,2,2,4,1050.0,,, ,, ,, , , , , , , , ,1,5,2, ,2, ,2, ,2, ,1,5,2, ,2, ,2, ,2, ,2, ,2, ,2, ,6,5, ,2,2,2,2,2,2,10,7,1,1050.0, ,,,,,,, ,1050.0,1050.0,1050.0,1,,2024_EneFebMar,,748.291774955095,,,,25-39,0,
2024,1,17902,1,63,1,1,202401179021006315,1,4,7,1,2, ,2,65.0,4,7.0,2.0,1958.0,2,2.0,2.0,2,2,2,2,2,2,2,2,2,2,2,2,4,2,,, , , , , ,,,,,,,,,,,, ,, , , , , ,,,, ,, ,, ,2,5,1,2,6, , ,1,6,2, ,2, ,2, ,2, ,2, ,2, ,2, ,2, ,2, ,2, ,2, ,2, ,5,3, ,2,2,2,2,2,2,10,7,4,, ,,,,,,, ,,,,1,,2024_EneFebMar,,567.512994289062,,,,60+,0,
2024,1,19826,1,50,1,1,202301198261005011,1,1,1,1,2, ,2,43.0,1,22.0,6.0,1980.0,1,,, , , , , , , , , , , , ,1, ,2145.0,2100.0,3,5,1, ,4,250.0,0.0,0.0,0.0,12.0,0.0,0.0,12.0,24.0,,48.0,2,48.0,2, ,2,2,4,4000.0,,, ,, ,, , , , , , , , ,1,3,1,1,2, ,1,1,2, ,2, ,2, ,2, ,2, ,1,1,2, ,2, ,2, ,11,5, ,2,2,2,2,2,2,10,7,1,4000.0, ,,,,,,,999,4000.0,4000.0,4999.0,1,,2024_EneFebMar,,717.621499858968,,,,40-59,0,
2024,1,19826,1,50,1,1,202301198261005012,1,2,2,1,2, ,1,43.0,1,6.0,8.0,1980.0,1,,, , , , , , , , , , , , ,2, ,2521.0,4100.0,3,5,1, ,3,70.0,0.0,0.0,0.0,8.0,8.0,8.0,0.0,24.0,,40.0,2,40.0,2, ,2,2,4,3500.0,,, ,, ,, , , , , , , , ,1,6,2, ,2, ,2, ,2, ,2, ,2, ,2, ,2, ,1,5,2, ,2, ,2, ,11,5, ,2,2,2,2,2,2,10,7,1,3500.0, ,,,,,,, ,3500.0,3500.0,3500.0,1,,2024_EneFebMar,,729.259543309204,,,,40-59,0,
2024,1,19826,1,50,1,1,202301198261005013,1,3,3,1,2, ,1,10.0, ,,,, ,,, , , , , , , , , , , , , , ,,, , , , , ,,,,,,,,,,,, ,, , , , , ,,,, ,, ,, , , , , , , , , , , , , , , , , , , , , , , , , , , , , , , , , , , , , , , , , , , , , , ,, ,,,,,,, ,,,,1,,2024_EneFebMar,, ,,,,0-14,0,
2024,1,19826,1,50,1,1,202301198261005014,1,4,3,1,2, ,1,6.0, ,,,, ,,, , , , , , , , , , , , , , ,,, , , , , ,,,,,,,,,,,, ,, , , , , ,,,, ,, ,, , , , , , , , , , , , , , , , , , , , , , , , , , , , , , , , , , , , , , , , , , , , , , ,, ,,,,,,, ,,,,1,,2024_EneFebMar,, ,,,,0-14,0,
2024,1,47318,1,21,1,1,202310473181002113,1,1,1,1,2, ,2,28.0,1,20.0,6.0,1995.0,1,,, , , , , , , , , , , , ,1, ,4222.0,8220.0,3,5,1, ,5,2000.0,0.0,0.0,8.0,8.0,8.0,8.0,8.0,40.0,,40.0,1,,2, ,2,2,4,1025.0,,, ,, ,, , , , , , , , ,1,1,1,1,2, ,2, ,2, ,2, ,2, ,2, ,2, ,1,1,2, ,2, ,2, ,10,1, ,2,1,2,2,2,2,10,7,1,1025.0, ,,,,,,,50,1025.0,1025.0,1075.0,1,,2024_EneFebMar,,810.985620194864,,,,25-39,0,
2024,1,47318,1,21,1,1,202310473181002112,1,2,7,1,2, ,2,18.0,2,28.0,1.0,2005.0,1,,, , , , , , , , , , , , ,2, ,4222.0,8220.0,3,5,1, ,4,400.0,0.0,0.0,8.0,8.0,8.0,8.0,0.0,32.0,,40.0,2,40.0,2, ,2,2,4,1025.0,,, ,, ,, , , , , , , , ,2,1,1,1,2, ,2, ,2, ,2, ,2, ,2, ,2, ,1,1,2, ,2, ,2, ,6,5, ,2,1,2,2,2,2,10,7,1,1025.0, ,,,,,,, ,1025.0,1025.0,1025.0,1,,2024_EneFebMar,,781.201808332962,,,,15-24,0,
2024,1,47318,1,21,1,1,202310473181002111,1,3,7,1,1, ,1,25.0, ,,,, ,,, , , , , , , , , , , , , , ,,, , , , , ,,,,,,,,,,,, ,, , , , , ,,,, ,, ,, , , , , , , , , , , , , , , , , , , , , , , , , , , , , , , , , , , , , , , , , , , , , , ,, ,,,,,,, ,,,,0,,2024_EneFebMar,, ,,,,25-39,0,
2024,1,21009,1,46,1,1,202210210091004611,1,1,1,1,2, ,1,26.0,1,26.0,5.0,1997.0,1,,, , , , , , , , , , , , ,1, ,4323.0,1104.0,3,5,1, ,5,1000.0,5.0,0.0,8.0,8.0,8.0,8.0,8.0,45.0,,48.0,2,48.0,2, ,2,2,4,1800.0,,, ,, ,, , , , , , , , ,1,3,1,1,2, ,1,1,2, ,2, ,2, ,2, ,2, ,1,1,2, ,2, ,2, ,10,2, ,2,2,2,2,2,2,10,7,1,1800.0, ,,,,,,,475,1800.0,1800.0,2275.0,1,,2024_EneFebMar,,846.040307146946,,,,25-39,0,
2024,1,21009,1,46,1,1,202210210091004612,1,2,2,1,2, ,2,34.0,2,12.0,2.0,1989.0,1,,, , , , , , , , , , , , ,2, ,5212.0,4772.0,3,5,1, ,1,6.0,8.0,0.0,8.0,8.0,8.0,8.0,8.0,48.0,,48.0,1,,2, ,2,2,4,1600.0,,, ,, ,, , , , , , , , ,1,1,1,1,2, ,2, ,2, ,2, ,2, ,2, ,2, ,1,1,2, ,2, ,2, ,9,3, ,2,2,2,2,2,2,10,7,1,1600.0, ,,,,,,, ,1600.0,1600.0,1600.0,1,,2024_EneFebMar,,832.538593051376,,,,25-39,0,
2024,1,21009,1,46,1,1,202210210091004613,1,3,3,1,2, ,2,3.0, ,,,, ,,, , , , , , , , , , , , , , ,,, , , , , ,,,,,,,,,,,, ,, , , , , ,,,, ,, ,, , , , , , , , , , , , , , , , , , , , , , , , , , , , , , , , , , , , , , , , , , , , , , ,, ,,,,,,, ,,,,1,,2024_EneFebMar,, ,,,,0-14,0,
2024,1,21009,1,46,1,1,202301210091004614,1,4,3,1,2, ,2,, ,,,, ,,, , , , , , , , , , , , , , ,,, , , , , ,,,,,,,,,,,, ,, , , , , ,,,, ,, ,, , , , , , , , , , , , , , , , , , , , , , , , , , , , , , , , , , , , , , , , , , , , , , ,, ,,,,,,, ,,,,1,,2024_EneFebMar,, ,,,,,0,
2024,1,27169,1,60,1,1,202301271691006011,1,1,1,1,2, ,2,61.0,1,10.0,2.0,1962.0,1,,, , , , , , , , , , , , ,1, ,4224.0,9602.0,3,5,1, ,2,25.0,0.0,8.0,8.0,8.0,8.0,8.0,8.0,48.0,,48.0,1,,2, ,2,2,2,350.0,,, ,, ,, , , , , , , , ,1,1,1,1,2, ,2, ,2, ,2, ,2, ,2, ,2, ,1,1,2, ,2, ,2, ,11,5, ,2,2,2,2,2,2,10,7,1,1516.0, ,,,,,,,84,1516.0,1516.0,1600.0,1,,2024_EneFebMar,,582.319124142993,,,,60+,0,
2024,1,27169,1,60,1,1,202301271691006012,1,2,3,1,2, ,2,23.0,2,22.0,7.0,2000.0,1,,, , , , , , , , , , , , ,2, ,3431.0,7310.0,3,5,1, ,1,9.0,0.0,8.0,8.0,8.0,8.0,8.0,0.0,40.0,,40.0,1,,2, ,2,2,4,1650.0,,, ,, ,, , , , , , , , ,1,1,1,1,2, ,2, ,2, ,2, ,2, ,2, ,2, ,1,1,2, ,2, ,2, ,9,3, ,2,2,2,2,2,2,10,7,1,1650.0, ,,,,,,, ,1650.0,1650.0,1650.0,1,,2024_EneFebMar,,739.616005776608,,,,15-24,0,
2024,1,19612,1,21,1,1,202310196121002111,1,1,1,1,2, ,2,53.0,1,15.0,6.0,1970.0,1,,, , , , , , , , , , , , ,1, ,4416.0,4100.0,3,5,1, ,1,15.0,0.0,0.0,6.0,6.0,6.0,6.0,6.0,30.0,10.0,48.0,2,48.0,1,1,1,2,4,1800.0,,, ,, ,150.0, , , , , , , , ,1,1,1,1,2, ,2, ,2, ,2, ,2, ,2, ,2, ,2, ,1,1,2, ,2, ,9,3, ,2,2,2,2,2,2,10,7,1,1800.0, ,,,,150.0,,,450,1950.0,1800.0,2400.0,1,,2024_EneFebMar,,618.675064878263,,,,40-59,0,
2024,1,19612,1,21,1,1,202310196121002112,1,2,3,1,2, ,2,19.0,1,14.0,5.0,2004.0,2,2.0,2.0,2,2,2,2,2,2,2,2,2,2,2,2,2,2,,, , , , , ,,,,,,,,,,,, ,, , , , , ,,,, ,, ,, ,2,4,1,1,5, , ,1,6,2, ,2, ,2, ,2, ,2, ,2, ,2, ,2, ,2, ,2, ,2, ,2, ,10,1, ,2,2,2,2,2,2,10,7,4,, ,,,,,,, ,,,,1,,2024_EneFebMar,,785.792465655794,,,,15-24,0,
2024,1,2609501,1,129,1,1,20230126095011012911,1,1,1,1,2, ,1,60.0,1,17.0,2.0,1963.0,1,,, , , , , , , , , , , , ,1, ,5243.0,4791.0,2, ,2,2,1,1.0,6.0,0.0,0.0,8.0,8.0,8.0,8.0,38.0,,50.0,2,50.0,1,1,1,2, ,,,, ,, ,, , , , , , , , ,1,1,1,5,2, ,2, ,2, ,2, ,2, ,2, ,2, ,2, ,2, ,2, ,2, ,11,6, ,2,2,2,2,2,2,10,7,1,, ,2414.0,,,,,, ,2414.0,2414.0,2414.0,1,,2024_EneFebMar,,687.92249008826,,,,60+,0,
2024,1,2609501,1,129,1,1,20230126095011012912,1,2,2,1,2, ,2,50.0,2,11.0,10.0,1973.0,2,2.0,2.0,2,2,2,1,2,2,2,2,2,2,2,2,2, ,9533.0,4799.0,2, ,3,2,1,1.0,1.0,0.0,1.0,1.0,1.0,1.0,1.0,6.0,,8.0,2,8.0,1,1,1,2, ,,,, ,, ,, , , , , , , , ,1,1,1,4,2, ,2, ,2, ,2, ,2, ,2, ,2, ,2, ,2, ,2, ,2, ,9,3, ,2,2,2,2,2,2,10,7,1,, ,100.0,,,,,, ,100.0,100.0,100.0,1,,2024_EneFebMar,,632.752002585963,,,,40-59,0,
2024,1,2609501,1,129,1,1,20230126095011012913,1,3,3,1,2, ,1,26.0,3,13.0,11.0,1997.0,1,,, , , , , , , , , , , , ,3, ,3321.0,6512.0,3,5,1, ,5,3000.0,0.0,0.0,8.0,8.0,8.0,8.0,8.0,40.0,,48.0,2,48.0,2, ,2,2,4,1800.0,,, ,, ,, , , , , , , , ,1,1,1,1,2, ,2, ,2, ,2, ,2, ,2, ,2, ,1,1,2, ,2, ,2, ,11,5, ,2,2,2,2,2,2,10,7,1,1800.0, ,,,,,,,375,1800.0,1800.0,2175.0,1,,2024_EneFebMar,,847.842864421914,,,,25-39,0,
2024,1,2609501,1,129,1,1,20230126095011012914,1,4,3,1,2, ,2,14.0,2,29.0,4.0,2009.0,2,2.0,2.0,2,2,2,2,2,2,2,2,2,2,2,2,4,2,,, , , , , ,,,,,,,,,,,, ,, , , , , ,,,, ,, ,, ,2,7,2,2,7, , ,2,1,1,4,2, ,2, ,2, ,2, ,2, ,2, ,2, ,2, ,2, ,2, ,2, ,4, ,6,2,2,2,2,1,1,10,7,4,, ,,,,,,, ,,,,1,,2024_EneFebMar,,803.671886078845,,,,0-14,0,
2024,1,2644601,1,18,1,1,20231026446011001811,1,1,1,1,2, ,1,69.0,1,13.0,5.0,1954.0,1,,, , , , , , , , , , , , ,1, ,1169.0,9499.0,3,5,1, ,1,12.0,0.0,8.0,8.0,8.0,8.0,8.0,0.0,40.0,,40.0,1,,2, ,2,2,4,6000.0,,, ,, ,, , , , , , , , ,1,1,1,1,2, ,2, ,2, ,2, ,2, ,2, ,2, ,1,1,2, ,2, ,2, ,12,2, ,2,2,2,2,2,2,10,7,1,6000.0, ,,,,,,,1500,6000.0,6000.0,7500.0,1,,2024_EneFebMar,,572.435995858105,,,,60+,0,
2024,1,2644601,1,18,1,1,20231026446011001812,1,2,2,1,2, ,2,56.0,1,21.0,7.0,1967.0,1,,, , , , , , , , , , , , ,2, ,2251.0,8620.0,2, ,2,1,1,1.0,0.0,6.0,4.0,5.0,2.0,3.0,0.0,20.0,,20.0,1,,2, ,2,2, ,,,, ,, ,, , , , , , , , ,1,2,2, ,1,4,2, ,2, ,2, ,2, ,2, ,2, ,2, ,2, ,2, ,2, ,11,5, ,2,2,2,2,2,2,10,7,1,, ,3600.0,,,,,, ,3600.0,3600.0,3600.0,1,,2024_EneFebMar,,526.527374741063,,,,40-59,0,
2024,1,24962,1,3,1,1,202301249621000311,1,1,1,1,2, ,2,83.0,1,20.0,4.0,1940.0,1,,, , , , , , , , , , , , ,1, ,9629.0,9609.0,2, ,3,2,1,1.0,0.0,8.0,8.0,8.0,8.0,8.0,0.0,40.0,,40.0,1,,2, ,2,2, ,,,, ,, ,, , , , , , , , ,1,5,2, ,2, ,2, ,2, ,1,5,2, ,2, ,2, ,2, ,2, ,2, ,2, ,1, , ,2,2,2,2,2,2,1,1,1,, ,50.0,,,,,, ,50.0,50.0,50.0,1,,2024_EneFebMar,,465.902985080832,,,,60+,0,
2024,1,24962,1,3,1,1,202301249621000312,1,2,2,1,2, ,1,86.0,2,6.0,4.0,1937.0,2,2.0,2.0,2,2,2,2,2,2,2,2,2,2,2,2,2,2,,, , , , , ,,,,,,,,,,,, ,, , , , , ,,,, ,, ,, ,2,7,2,2,7, , ,1,5,2, ,2, ,2, ,2, ,1,5,2, ,2, ,2, ,2, ,2, ,2, ,2, ,1, , ,1,2,1,1,1,2,13,1,4,, ,,,,,,, ,,,,1,,2024_EneFebMar,,506.525685144421,,,,60+,0,
2024,1,24962,1,3,1,1,202401249621000313,1,3,3,1,2, ,2,54.0,3,12.0,9.0,1969.0,2,2.0,2.0,2,2,2,2,2,2,2,2,2,2,2,2,3,2,,, , , , , ,,,,,,,,,,,, ,, , , , , ,,,, ,, ,, ,2,5,2,2,6, , ,1,5,2, ,2, ,2, ,2, ,1,5,2, ,2, ,2, ,2, ,2, ,2, ,2, ,1, , ,2,2,1,1,2,2,13,1,4,, ,,,,,,, ,,,,1,,2024_EneFebMar,,465.902985080832,,,,40-59,0,
2024,1,25706,1,47,1,1,202210257061004711,1,1,1,1,2, ,2,72.0,1,1.0,7.0,1951.0,2,2.0,2.0,2,2,2,2,2,2,2,2,2,2,2,2,1,2,,, , , , , ,,,,,,,,,,,, ,, , , , , ,,,, ,, ,, ,2,5,1,2,3, , ,1,1,1,4,2, ,2, ,2, ,2, ,2, ,2, ,2, ,2, ,2, ,2, ,2, ,6,5, ,2,2,2,2,2,2,10,7,4,, ,,,,,,, ,,,,1,,2024_EneFebMar,,498.453618043638,,,,60+,0,
2024,1,25706,1,47,1,1,202210257061004712,1,2,3,1,2, ,1,33.0,2,2.0,9.0,1990.0,1,,, , , , , , , , , , , , ,2, ,5212.0,8299.0,3,4,1, ,2,25.0,0.0,0.0,0.0,8.0,8.0,8.0,8.0,32.0,,48.0,2,48.0,2, ,2,1,3,1200.0,,, ,, ,, , , , , , , , ,1,5,2, ,2, ,2, ,2, ,1,5,2, ,2, ,2, ,1,5,2, ,2, ,2, ,6,5, ,2,2,2,2,2,2,10,7,1,2400.0, ,,,,,,, ,2400.0,2400.0,2400.0,1,,2024_EneFebMar,,667.892541748488,,,,25-39,0,
2024,1,25706,1,47,1,1,202210257061004713,1,3,5,1,2, ,1,4.0, ,,,, ,,, , , , , , , , , , , , , , ,,, , , , , ,,,,,,,,,,,, ,, , , , , ,,,, ,, ,, , , , , , , , , , , , , , , , , , , , , , , , , , , , , , , , , , , , , , , , , , , , , , ,, ,,,,,,, ,,,,1,,2024_EneFebMar,, ,,,,0-14,0,
2024,1,47802,1,42,1,1,202301478021004211,1,1,1,1,2, ,1,37.0,1,15.0,9.0,1986.0,1,,, , , , , , , , , , , , ,1, ,3513.0,9511.0,2, ,2,2,1,1.0,0.0,0.0,10.0,10.0,10.0,10.0,10.0,50.0,,60.0,2,60.0,2, ,2,2, ,,,, ,, ,, , , , , , , , ,1,5,2, ,2, ,2, ,2, ,1,5,2, ,2, ,2, ,2, ,2, ,2, ,2, ,9,3, ,2,2,2,2,2,2,1,1,1,, ,1100.0,,,,,, ,1100.0,1100.0,1100.0,1,,2024_EneFebMar,,896.749303417907,,,,25-39,0,
2024,1,47802,1,42,1,1,202301478021004212,1,2,2,1,2, ,2,33.0,2,22.0,10.0,1990.0,2,2.0,2.0,2,2,2,2,2,2,2,2,2,2,2,2,2,2,,, , , , , ,,,,,,,,,,,, ,, , , , , ,,,, ,, ,, ,2,5,2,2,7, , ,1,5,2, ,2, ,2, ,2, ,1,5,2, ,2, ,2, ,2, ,1,5,2, ,2, ,6,5, ,2,2,2,2,2,2,10,7,4,, ,,,,,,, ,,,,1,,2024_EneFebMar,,882.438339025465,,,,25-39,0,
2024,1,21655,1,20,1,1,202210216551002011,1,1,1,1,2, ,1,78.0,1,2.0,7.0,1945.0,2,2.0,2.0,2,2,2,2,2,2,2,2,2,2,2,2,1,2,,, , , , , ,,,,,,,,,,,, ,, , , , , ,,,, ,, ,, ,2,6,1,2,7, , ,1,1,1,3,2, ,2, ,2, ,2, ,2, ,2, ,2, ,2, ,2, ,1,3,2, ,9,5, ,2,2,2,2,2,2,10,7,4,, ,,,,,,, ,,,,1,,2024_EneFebMar,,593.476730385812,,,,60+,0,
2024,1,21655,1,20,1,1,202210216551002012,1,2,2,1,2, ,2,69.0,2,10.0,4.0,1954.0,2,2.0,2.0,2,2,2,2,2,2,2,2,2,2,2,2,2,2,,, , , , , ,,,,,,,,,,,, ,, , , , , ,,,, ,, ,, ,2,8,2,1,11, , ,1,1,1,4,2, ,2, ,2, ,2, ,2, ,2, ,2, ,2, ,2, ,2, ,2, ,6,5, ,2,2,2,2,2,2,10,7,4,, ,,,,,,, ,,,,1,,2024_EneFebMar,,545.880669770824,,,,60+,0,
2024,1,1801902,1,97,1,1,20231018019021009711,1,1,1,1,2, ,1,61.0,1,24.0,9.0,1962.0,2,2.0,2.0,2,2,2,2,2,2,2,2,2,2,2,2,1,2,,, , , , , ,,,,,,,,,,,, ,, , , , , ,,,, ,, ,, ,2,6,2,2,7, , ,1,4,2, ,2, ,2, ,1,3,2, ,2, ,2, ,2, ,2, ,2, ,2, ,1,3,9,3, ,2,2,2,2,2,2,1,1,4,, ,,,,,,, ,,,,1,,2024_EneFebMar,,401.505308961858,,,,60+,0,
2024,1,1801902,1,97,1,1,20231018019021009712,1,2,3,1,2, ,2,34.0,2,25.0,2.0,1989.0,1,,, , , , , , , , , , , , ,2, ,2611.0,6910.0,2, ,2,1,1,1.0,0.0,5.0,5.0,5.0,5.0,5.0,5.0,30.0,,30.0,1,,1,1,1,1, ,,,, ,, ,, , , , , , , , ,1,5,2, ,2, ,2, ,2, ,1,5,2, ,2, ,2, ,2, ,2, ,2, ,2, ,11,6, ,2,2,2,2,2,2,10,7,1,, ,1400.0,,,,,, ,1400.0,1400.0,1400.0,1,,2024_EneFebMar,,486.945631619845,,,,25-39,0,
2024,1,47147,1,7,1,1,202301471471000711,1,1,1,1,2, ,2,71.0,1,15.0,6.0,1952.0,2,2.0,2.0,2,2,2,2,2,2,2,2,2,2,2,2,1,2,,, , , , , ,,,,,,,,,,,, ,, , , , , ,,,, ,, ,, ,2,5,2,2,7, , ,1,1,1,4,2, ,2, ,2, ,2, ,2, ,2, ,2, ,2, ,1,4,2, ,2, ,4,5, ,2,2,2,2,2,2,1,1,4,, ,,,,,,, ,,,,1,,2024_EneFebMar,,627.80635407423,,,,60+,0,
2024,1,47147,1,7,1,1,202301471471000712,1,3,3,1,1, ,2,44.0, ,,,, ,,, , , , , , , , , , , , , , ,,, , , , , ,,,,,,,,,,,, ,, , , , , ,,,, ,, ,, , , , , , , , , , , , , , , , , , , , , , , , , , , , , , , , , , , , , , , , , , , , , , ,, ,,,,,,, ,,,,0,,2024_EneFebMar,, ,,,,40-59,0,
2024,1,47147,1,7,1,1,202301471471000714,1,4,5,1,1, ,1,19.0, ,,,, ,,, , , , , , , , , , , , , , ,,, , , , , ,,,,,,,,,,,, ,, , , , , ,,,, ,, ,, , , , , , , , , , , , , , , , , , , , , , , , , , , , , , , , , , , , , , , , , , , , , , ,, ,,,,,,, ,,,,0,,2024_EneFebMar,, ,,,,15-24,0,
2024,1,47147,1,7,1,1,202401471471000714,1,2,3,1,2, ,1,36.0,2,15.0,5.0,1987.0,1,,, , , , , , , , , , , , ,2, ,7111.0,4100.0,2, ,3,2,1,1.0,0.0,0.0,0.0,8.0,8.0,8.0,0.0,24.0,,48.0,2,48.0,2, ,2,1, ,,,, ,, ,, , , , , , , , ,1,5,2, ,2, ,2, ,2, ,1,5,2, ,2, ,2, ,2, ,2, ,2, ,2, ,6,5, ,2,2,2,2,2,2,10,7,1,, ,2000.0,,,,,, ,2000.0,2000.0,2000.0,1,,2024_EneFebMar,,841.216045726003,,,,25-39,0,
2024,1,22176,1,86,1,1,202401221761008611,1,1,1,1,2, ,1,44.0,1,20.0,8.0,1979.0,1,,, , , , , , , , , , , , ,1, ,5414.0,8010.0,3,4,1, ,4,150.0,12.0,12.0,12.0,12.0,0.0,12.0,12.0,72.0,,72.0,1,,2, ,2,2,4,1200.0,,, ,, ,, , , , , , , , ,1,5,2, ,2, ,2, ,2, ,1,5,2, ,2, ,2, ,2, ,1,5,2, ,2, ,6,5, ,2,2,2,2,2,2,1,1,1,1200.0, ,,,,,,,50,1200.0,1200.0,1250.0,1,,2024_EneFebMar,,1359.11787793798,,,,40-59,0,
2024,1,22176,1,86,1,1,202401221761008612,1,2,2,1,2, ,2,43.0,2,2.0,1.0,1981.0,1,,, , , , , , , , , , , , ,2, ,5120.0,5610.0,3,5,1, ,4,200.0,0.0,0.0,8.0,8.0,8.0,8.0,8.0,40.0,,48.0,2,48.0,2, ,2,2,4,1300.0,10.0,, ,, ,, , , , , , , , ,1,1,1,1,2, ,2, ,2, ,2, ,2, ,2, ,2, ,1,1,2, ,2, ,2, ,6,5, ,2,2,2,2,2,2,1,1,1,1300.0,300,,,,,,,324,1600.0,1600.0,1924.0,1,,2024_EneFebMar,,1337.42810635726,,,,40-59,0,
2024,7,18098,2,53,1,1,202407180982005311,1,1,1,1,2, ,2,40.0,1,15.0,8.0,1983.0,1,,, , , , , , , , , , , , ,1, ,5212.0,4711.0,2, ,2,2,1,2.0,15.0,15.0,15.0,15.0,15.0,15.0,15.0,105.0,,105.0,1,,2, ,2,2, ,,,, ,, ,, , , , , , , , ,1,5,2, ,2, ,2, ,2, ,1,5,2, ,2, ,2, ,2, ,2, ,2, ,2, ,6,5, ,2,2,2,2,2,2,10,9,1,, ,1440.0,300.0,,,,, ,1740.0,1740.0,1740.0,1,,2024_JulAgoSet,,,639.513298151535,,,40-59,1,Secundaria
2024,7,18098,2,53,1,1,202407180982005312,1,2,3,1,2, ,2,16.0,2,8.0,7.0,2007.0,2,2.0,2.0,2,2,2,2,2,2,2,2,2,2,2,2,2,2,,, , , , , ,,,,,,,,,,,, ,, , , , , ,,,, ,, ,, ,2,4,2,2,5, , ,2,5,2, ,2, ,2, ,2, ,1,5,2, ,2, ,2, ,2, ,2, ,2, ,2, ,6,5, ,2,2,2,2,2,2,10,7,4,, ,,,,,,, ,,,,1,,2024_JulAgoSet,,,624.500422514991,,,15-24,1,Secundaria
2024,7,18098,2,53,1,1,202407180982005313,1,3,3,1,2, ,2,14.0,3,14.0,5.0,2010.0,2,2.0,2.0,2,2,2,2,2,2,2,2,2,1,2,2,3, ,5223.0,4711.0,4, ,2,2,1,2.0,2.0,0.0,0.0,0.0,0.0,0.0,0.0,2.0,,,1,,2, , , , ,,,, ,, ,, ,2,4,2,2,5, , ,2,5,2, ,2, ,2, ,2, ,1,5,2, ,2, ,2, ,2, ,2, ,2, ,2, ,5,1, ,2,2,2,2,2,2,10,7,4,, ,,,,,,, ,,,,1,,2024_JulAgoSet,,,624.500422514991,,,0-14,1,Secundaria
2024,7,18098,2,54,1,1,202407180982005411,1,1,1,1,2, ,2,78.0,1,12.0,8.0,1945.0,2,2.0,2.0,2,2,2,2,2,2,2,2,2,2,2,2,1,2,,, , , , , ,,,,,,,,,,,, ,, , , , , ,,,, ,, ,, ,2,5,2,2,7, , ,1,5,2, ,2, ,2, ,2, ,1,5,2, ,2, ,2, ,2, ,2, ,2, ,2, ,3,2, ,2,2,2,2,2,2,10,7,4,, ,,,,,,, ,,,,1,,2024_JulAgoSet,,,503.759982166037,,,60+,1,Primaria
2024,7,18098,2,55,1,1,202407180982005511,1,1,1,1,2, ,1,42.0,1,24.0,5.0,1982.0,2,2.0,2.0,2,2,2,2,2,2,2,2,2,2,2,2,1,2,,, , , , , ,,,,,,,,,,,, ,, , , , , ,,,, ,, ,, ,2,7,2,2,4, , ,2,5,2, ,2, ,2, ,2, ,1,5,2, ,2, ,2, ,2, ,2, ,2, ,2, ,4, ,6,2,2,2,2,1,2,10,9,4,, ,,,,,,, ,,,,1,,2024_JulAgoSet,,,642.732151912916,,,40-59,1,Primaria
2024,7,18098,2,199,1,1,202407180982019911,1,1,1,1,2, ,1,70.0,1,6.0,11.0,1953.0,2,2.0,2.0,2,2,2,2,2,2,2,2,2,2,2,2,1,2,,, , , , , ,,,,,,,,,,,, ,, , , , , ,,,, ,, ,, ,2,6,2,2,7, , ,1,1,1,3,2, ,2, ,2, ,2, ,2, ,2, ,2, ,2, ,1,3,2, ,2, ,5,3, ,2,2,2,2,2,2,10,3,4,, ,,,,,,, ,,,,1,,2024_JulAgoSet,,,573.874501391359,,,60+,1,Secundaria
2024,7,18098,2,199,1,1,202407180982019912,1,2,2,1,2, ,2,67.0,2,23.0,3.0,1957.0,1,,, , , , , , , , , , , , ,2, ,9321.0,1410.0,3,5,2,2,1,7.0,0.0,0.0,5.0,5.0,5.0,5.0,0.0,20.0,,25.0,2,25.0,1,1,1,2,2,250.0,,, ,, ,, , , , , , , , ,1,1,1,4,2, ,2, ,2, ,2, ,2, ,2, ,2, ,2, ,2, ,2, ,2, ,6,5, ,2,2,2,2,2,2,10,5,1,1083.0, ,,,,,,, ,1083.0,1083.0,1083.0,1,,2024_JulAgoSet,,,503.759982166037,,,60+,1,Secundaria
2024,7,1812602,1,5,1,1,20240718126021000511,1,1,1,1,2, ,2,68.0,1,16.0,2.0,1956.0,2,2.0,2.0,2,2,2,2,2,2,2,2,2,2,2,2,1,2,,, , , , , ,,,,,,,,,,,, ,, , , , , ,,,, ,, ,, ,2,5,2,2,3, , ,1,1,1,4,2, ,2, ,2, ,2, ,2, ,2, ,2, ,2, ,2, ,2, ,2, ,9,3, ,2,2,2,2,2,2,10,7,4,, ,,,,,,, ,,,,1,,2024_JulAgoSet,,,309.251301434454,,,60+,1,Superior No Univ.
2024,7,1812602,1,6,1,1,20240718126021000611,1,1,1,1,2, ,2,30.0,1,6.0,1.0,1994.0,1,,, , , , , , , , , , , , ,1, ,4417.0,8530.0,3,2, , ,5,998.0,0.0,8.0,8.0,8.0,8.0,8.0,0.0,40.0,,40.0,1,,2, ,2,2,4,4000.0,,, ,, ,, , , , , , , , ,1,5,2, ,2, ,2, ,2, ,1,5,2, ,2, ,2, ,1,5,2, ,2, ,2, ,11,6, ,2,2,2,2,2,2,10,7,1,4000.0, ,,,,,,, ,4000.0,4000.0,4000.0,1,,2024_JulAgoSet,,,392.58838879508,,,25-39,1,Superior Univ.
2024,7,1812602,1,6,1,1,20240718126021000612,1,2,6,1,2, ,1,67.0,2,4.0,8.0,1956.0,2,2.0,2.0,2,2,2,2,2,2,2,2,2,2,2,2,2,2,,, , , , , ,,,,,,,,,,,, ,, , , , , ,,,, ,, ,, ,2,5,1,1,6, , ,1,1,1,3,2, ,2, ,2, ,2, ,2, ,2, ,2, ,1,3,2, ,2, ,2, ,10,3, ,2,2,2,2,2,2,10,7,4,, ,,,,,,, ,,,,1,,2024_JulAgoSet,,,352.29363724416,,,60+,1,Superior Univ.
2024,7,1812602,1,6,1,1,20240718126021000613,1,3,6,1,2, ,2,62.0,3,31.0,8.0,1961.0,2,2.0,2.0,2,2,2,2,2,2,2,2,2,2,2,2,3,2,,, , , , , ,,,,,,,,,,,, ,, , , , , ,,,, ,, ,, ,2,5,2,2,6, , ,1,1,1,4,2, ,2, ,2, ,2, ,2, ,2, ,2, ,2, ,1,5,2, ,2, ,6,5, ,2,2,2,2,2,2,10,7,4,, ,,,,,,, ,,,,1,,2024_JulAgoSet,,,309.251301434454,,,60+,1,Secundaria
2024,7,1812602,1,6,1,1,20240718126021000614,1,4,8,1,2, ,1,94.0,1,5.0,1.0,1930.0,2,2.0,2.0,2,2,2,2,2,2,2,2,2,2,2,2,4,2,,, , , , , ,,,,,,,,,,,, ,, , , , , ,,,, ,, ,, ,2,6,2,2,7, , ,1,1,1,3,2, ,2, ,2, ,2, ,2, ,2, ,2, ,2, ,1,3,2, ,2, ,4,5, ,2,2,2,2,1,2,10,9,4,, ,,,,,,, ,,,,1,,2024_JulAgoSet,,,352.29363724416,,,60+,1,Primaria
2024,7,1812602,1,7,1,1,20240718126021000711,1,1,1,1,2, ,2,49.0,1,3.0,9.0,1974.0,2,2.0,2.0,2,2,2,2,2,2,2,2,2,2,2,2,1,2,,, , , , , ,,,,,,,,,,,, ,, , , , , ,,,, ,, ,, ,2,7,1,1,7, , ,1,5,2, ,2, ,2, ,2, ,1,5,2, ,2, ,2, ,1,5,2, ,2, ,2, ,6,5, ,2,2,2,2,2,2,10,6,3,, ,,,,,,, ,,,,1,,2024_JulAgoSet,,,309.251301434454,,,40-59,1,Secundaria
2024,7,1812602,1,7,1,1,20240718126021000712,1,2,3,1,2, ,2,19.0,2,26.0,8.0,2004.0,1,,, , , , , , , , , , , , ,2, ,9333.0,7830.0,3,4,1, ,5,600.0,8.0,8.0,8.0,8.0,0.0,8.0,8.0,48.0,,48.0,1,,2, ,2,2,4,1025.0,,, ,, ,, , , , , , , , ,1,3,1,1,2, ,1,1,2, ,2, ,2, ,2, ,2, ,1,1,2, ,2, ,2, ,6,5, ,2,2,2,2,2,2,10,7,1,1025.0, ,,,,,,,25,1025.0,1025.0,1050.0,1,,2024_JulAgoSet,,,383.372191611428,,,15-24,1,Secundaria
2024,7,17886,2,129,1,1,202407178862012911,1,1,1,1,2, ,1,70.0,1,15.0,3.0,1954.0,2,2.0,2.0,2,2,2,2,2,2,2,2,2,2,2,2,1,2,,, , , , , ,,,,,,,,,,,, ,, , , , , ,,,, ,, ,, ,2,6,2,2,3, , ,1,4,2, ,2, ,2, ,1,3,2, ,2, ,2, ,2, ,2, ,2, ,2, ,1,3,9,3, ,2,2,2,2,2,2,1,1,4,, ,,,,,,, ,,,,1,,2024_JulAgoSet,,,526.474838294035,,,60+,1,Superior No Univ.
2024,7,17886,2,129,1,1,202407178862012912,1,2,5,1,2, ,1,24.0,2,14.0,12.0,1999.0,1,,, , , , , , , , , , , , ,2, ,5329.0,8010.0,3,4,1, ,3,100.0,0.0,6.0,6.0,0.0,6.0,0.0,0.0,18.0,,18.0,1,,2, ,2,2,2,300.0,,, ,, ,, , , , , , , , ,1,5,2, ,2, ,2, ,2, ,1,5,2, ,2, ,2, ,1,5,2, ,2, ,2, ,10,3, ,2,2,2,2,2,2,10,7,1,1299.0, ,,,,,,, ,1299.0,1299.0,1299.0,1,,2024_JulAgoSet,,,534.603723023728,,,15-24,1,Superior Univ.
2024,7,17336,1,65,1,1,202407173361006511,1,1,1,1,2, ,1,67.0,1,29.0,5.0,1957.0,1,,, , , , , , , , , , , , ,1, ,9111.0,9700.0,6, , , ,1,2.0,0.0,0.0,0.0,0.0,0.0,0.0,8.0,8.0,,8.0,1,,1,1,1,1,2,60.0,10.0,, ,, ,, , , , , , , , ,1,1,1,5,2, ,2, ,2, ,2, ,2, ,2, ,2, ,2, ,2, ,2, ,2, ,6,5, ,2,2,2,2,2,2,10,6,1,260.0,43,,,,,,, ,303.0,303.0,303.0,1,,2024_JulAgoSet,,,359.981286718772,,,60+,1,Secundaria
2024,7,17336,1,65,1,1,202407173361006513,1,2,3,1,2, ,1,43.0,2,27.0,12.0,1980.0,1,,, , , , , , , , , , , , ,2, ,7514.0,1050.0,3,5,1, ,5,2000.0,0.0,8.0,8.0,8.0,8.0,8.0,8.0,48.0,,48.0,1,,1,1,1,1,3,500.0,,, ,, ,, , , , , , , , ,1,1,1,1,2, ,2, ,2, ,2, ,2, ,2, ,2, ,1,1,2, ,2, ,2, ,6,5, ,2,2,2,2,2,2,10,7,1,1000.0, ,,,,,,,609,1000.0,1000.0,1609.0,1,,2024_JulAgoSet,,,403.174468459875,,,40-59,1,Secundaria
2024,7,17336,1,69,1,1,202407173361006911,1,1,1,1,2, ,1,47.0,1,16.0,11.0,1976.0,1,,, , , , , , , , , , , , ,1, ,4416.0,2220.0,3,5,1, ,4,110.0,0.0,8.0,8.0,8.0,8.0,8.0,8.0,48.0,15.0,63.0,1,,2, ,2,2,2,710.0,,, ,, ,800.0, , , , , , , , ,1,1,1,1,2, ,2, ,2, ,2, ,2, ,2, ,2, ,1,1,2, ,2, ,2, ,6,5, ,2,2,2,2,2,2,1,1,1,3074.0, ,,,,800.0,,,1182,3874.0,3074.0,5056.0,1,,2024_JulAgoSet,,,359.981286718772,,,40-59,1,Secundaria
2024,7,17336,1,69,1,1,202407173361006912,1,2,2,1,2, ,2,31.0,2,15.0,8.0,1992.0,2,2.0,2.0,2,2,2,2,2,2,2,2,2,2,2,2,2,2,,, , , , , ,,,,,,,,,,,, ,, , , , , ,,,, ,, ,, ,2,5,2,2,6, , ,1,1,1,4,2, ,2, ,2, ,2, ,2, ,2, ,2, ,2, ,1,5,2, ,2, ,6,5, ,2,2,2,2,2,2,1,6,4,, ,,,,,,, ,,,,1,,2024_JulAgoSet,,,401.155338639728,,,25-39,1,Secundaria
2024,7,17336,1,73,1,1,202407173361007311,1,1,1,1,2, ,1,47.0,1,25.0,12.0,1976.0,1,,, , , , , , , , , , , , ,1, ,4416.0,4922.0,3,5,1, ,3,55.0,0.0,8.0,8.0,8.0,8.0,8.0,0.0,40.0,,40.0,1,,2, ,2,2,4,2000.0,,, ,, ,, , , , , , , , ,1,1,1,1,2, ,2, ,2, ,2, ,2, ,2, ,2, ,2, ,1,1,2, ,2, ,6,5, ,2,2,2,2,2,2,1,1,1,2000.0, ,,,,,,,609,2000.0,2000.0,2609.0,1,,2024_JulAgoSet,,,359.981286718772,,,40-59,1,Secundaria
2024,7,17336,1,73,1,1,202407173361007312,1,2,2,1,2, ,2,41.0,2,21.0,6.0,1983.0,1,,, , , , , , , , , , , , ,2, ,9112.0,4922.0,3,5,1, ,1,20.0,0.0,8.0,8.0,8.0,8.0,8.0,0.0,40.0,,40.0,1,,2, ,2,2,4,1200.0,,, ,, ,, , , , , , , , ,1,1,1,4,2, ,2, ,2, ,2, ,2, ,2, ,2, ,2, ,2, ,2, ,2, ,5,4, ,2,2,2,2,2,2,10,9,1,1200.0, ,,,,,,, ,1200.0,1200.0,1200.0,1,,2024_JulAgoSet,,,401.155338639728,,,40-59,1,Secundaria
2024,7,17336,1,73,1,1,202407173361007313,1,3,3,1,2, ,1,19.0,3,8.0,12.0,2004.0,1,,, , , , , , , , , , , , ,3, ,9621.0,4649.0,3,5,1, ,1,12.0,0.0,10.0,10.0,10.0,12.0,10.0,9.0,61.0,,61.0,1,,2, ,2,2,3,510.0,,, ,, ,, , , , , , , , ,1,5,2, ,2, ,2, ,2, ,1,5,2, ,2, ,2, ,2, ,2, ,2, ,2, ,6,5, ,2,2,2,2,2,2,10,5,1,1020.0, ,,,,,,, ,1020.0,1020.0,1020.0,1,,2024_JulAgoSet,,,365.539475205169,,,15-24,1,Secundaria
2024,7,17347,1,131,1,1,202407173471013111,1,1,1,1,2, ,1,56.0,1,6.0,9.0,1967.0,1,,, , , , , , , , , , , , ,1, ,5212.0,4711.0,4, ,2,2,1,3.0,8.0,8.0,8.0,8.0,8.0,8.0,8.0,56.0,,56.0,1,,2, ,2, , ,,,, ,, ,, , , , , , , , ,1,1,1,3,2, ,2, ,2, ,2, ,2, ,2, ,2, ,2, ,1,3,2, ,2, ,6,5, ,2,2,2,2,2,2,10,7,1,, ,,,,,,, ,,,,1,,2024_JulAgoSet,,,658.009396275891,,,40-59,1,Secundaria
2024,7,17347,1,131,1,1,202407173471013112,1,2,2,1,2, ,2,59.0,2,29.0,3.0,1965.0,1,,, , , , , , , , , , , , ,2, ,5212.0,4711.0,2, ,2,2,1,3.0,0.0,8.0,8.0,8.0,8.0,8.0,8.0,48.0,,48.0,1,,2, ,2,2, ,,,, ,, ,, , , , , , , , ,1,5,2, ,2, ,2, ,2, ,1,5,2, ,2, ,2, ,2, ,2, ,2, ,2, ,6,5, ,2,2,2,2,2,2,1,1,1,, ,2420.0,600.0,,,,, ,3020.0,3020.0,3020.0,1,,2024_JulAgoSet,,,577.615490720284,,,40-59,1,Secundaria
2024,7,17347,1,131,1,1,202407173471013113,1,3,3,1,2, ,1,17.0,3,17.0,5.0,2007.0,2,2.0,2.0,2,2,2,2,2,2,2,2,2,1,2,2,3, ,5223.0,4711.0,4, ,2,2,1,3.0,2.0,2.0,2.0,2.0,2.0,2.0,2.0,14.0,,,1,,2, , , , ,,,, ,, ,, ,2,4,2,1,5, , ,1,5,2, ,2, ,2, ,2, ,1,5,2, ,2, ,2, ,2, ,2, ,2, ,2, ,6,5, ,2,2,2,2,2,2,10,7,4,, ,,,,,,, ,,,,1,,2024_JulAgoSet,,,668.169202869334,,,15-24,1,Secundaria
2024,7,17347,1,132,1,1,202407173471013211,1,1,1,1,2, ,1,46.0,1,17.0,10.0,1977.0,1,,, , , , , , , , , , , , ,1, ,7353.0,1312.0,3,5,1, ,1,15.0,0.0,11.0,11.0,11.0,11.0,11.0,4.0,59.0,,59.0,1,,2, ,2,2,4,1000.0,,, ,, ,, , , , , , , , ,1,1,1,1,2, ,2, ,2, ,2, ,2, ,2, ,2, ,1,1,2, ,2, ,2, ,9,3, ,2,2,2,2,2,2,10,7,1,1000.0, ,,,,,,,166,1000.0,1000.0,1166.0,1,,2024_JulAgoSet,,,658.009396275891,,,40-59,1,Superior No Univ.
2024,7,17347,1,132,1,1,202407173471013212,1,2,2,1,2, ,2,42.0,2,29.0,9.0,1981.0,1,,, , , , , , , , , , , , ,2, ,5212.0,4772.0,2, ,3,2,1,2.0,6.0,6.0,6.0,6.0,6.0,6.0,6.0,42.0,,42.0,1,,2, ,2,2, ,,,, ,, ,, , , , , , , , ,1,1,1,4,2, ,2, ,2, ,2, ,2, ,2, ,2, ,2, ,2, ,2, ,2, ,6,5, ,2,2,2,2,2,2,10,7,1,, ,233.0,,,,,, ,233.0,233.0,233.0,1,,2024_JulAgoSet,,,733.271400291967,,,40-59,1,Secundaria
2024,7,17347,1,132,1,1,202407173471013213,1,3,3,1,2, ,1,20.0,2,1.0,5.0,2004.0,2,2.0,2.0,2,2,2,2,2,2,2,2,2,2,2,2,3,2,,, , , , , ,,,,,,,,,,,, ,, , , , , ,,,, ,, ,, ,2,4,2,2,5, , ,2,6,2, ,2, ,2, ,2, ,2, ,2, ,2, ,2, ,2, ,2, ,2, ,2, ,8,1, ,2,2,2,2,2,2,10,6,4,, ,,,,,,, ,,,,1,,2024_JulAgoSet,,,668.169202869334,,,15-24,0,Superior No Univ.
2024,7,17347,1,132,1,1,202407173471013214,1,4,3,1,2, ,1,14.0,4,14.0,10.0,2009.0,2,2.0,2.0,2,2,2,2,2,2,2,2,2,1,2,2,4, ,5223.0,4772.0,4, ,3,2,1,2.0,1.0,0.0,0.0,0.0,0.0,0.0,2.0,3.0,,,1,,2, , , , ,,,, ,, ,, ,2,4,2,2,5, , ,1,5,2, ,2, ,2, ,2, ,1,5,2, ,2, ,2, ,2, ,2, ,2, ,2, ,5,2, ,2,2,2,2,2,2,10,5,4,, ,,,,,,, ,,,,1,,2024_JulAgoSet,,,668.169202869334,,,0-14,1,Secundaria
2024,7,4682102,1,25,1,1,20240746821021002511,1,1,1,1,2, ,2,40.0,1,1.0,4.0,1984.0,1,,, , , , , , , , , , , , ,1, ,5212.0,4752.0,2, ,2,2,1,2.0,9.0,9.0,9.0,9.0,9.0,9.0,9.0,63.0,,63.0,1,,2, ,2,2, ,,,, ,, ,, , , , , , , , ,1,5,2, ,2, ,2, ,2, ,1,5,2, ,2, ,2, ,1,5,2, ,2, ,2, ,6,5, ,2,2,2,2,2,2,10,7,1,, ,680.0,20.0,,,,, ,700.0,700.0,700.0,1,,2024_JulAgoSet,,,810.154035876426,,,40-59,1,Secundaria
2024,7,4682102,1,25,1,1,20240746821021002512,1,2,3,1,2, ,2,15.0,1,4.0,2.0,2009.0,2,2.0,2.0,2,2,2,2,2,2,2,2,2,1,2,2,2, ,5223.0,4752.0,4, ,3,2,1,2.0,3.0,3.0,3.0,3.0,3.0,3.0,3.0,21.0,,21.0,1,,2, ,2, , ,,,, ,, ,, , , , , , , , ,2,5,2, ,2, ,2, ,2, ,1,5,2, ,2, ,2, ,2, ,2, ,2, ,2, ,5,3, ,2,2,2,2,2,2,10,7,1,, ,,,,,,, ,,,,1,,2024_JulAgoSet,,,791.135288616263,,,15-24,1,Secundaria
2024,7,4682102,1,26,1,1,20240746821021002611,1,1,1,1,2, ,1,20.0,1,22.0,12.0,2003.0,1,,, , , , , , , , , , , , ,1, ,5212.0,4711.0,2, ,2,2,1,2.0,10.0,13.0,13.0,13.0,13.0,13.0,13.0,88.0,,88.0,1,,1,1,1,1, ,,,, ,, ,, , , , , , , , ,1,6,2, ,2, ,2, ,2, ,2, ,2, ,2, ,2, ,2, ,2, ,2, ,2, ,6,5, ,2,2,2,2,2,2,10,1,1,, ,200.0,300.0,,,,, ,500.0,500.0,500.0,1,,2024_JulAgoSet,,,738.225950360791,,,15-24,0,Secundaria
2024,7,4682102,1,26,1,1,20240746821021002612,1,2,7,1,2, ,2,17.0,2,31.0,8.0,2006.0,1,,, , , , , , , , , , , , ,2, ,5223.0,4711.0,4, ,2,2,1,2.0,8.0,8.0,8.0,8.0,8.0,8.0,8.0,56.0,,56.0,1,,2, ,2, , ,,,, ,, ,, , , , , , , , ,1,1,1,4,2, ,2, ,2, ,2, ,2, ,2, ,2, ,2, ,2, ,2, ,2, ,8,1, ,2,2,2,2,2,2,10,7,1,, ,,,,,,, ,,,,1,,2024_JulAgoSet,,,791.135288616263,,,15-24,1,Superior No Univ.
2024,7,4682102,1,27,1,1,20240746821021002711,1,1,1,1,2, ,1,44.0,1,10.0,7.0,1979.0,1,,, , , , , , , , , , , , ,1, ,8322.0,4922.0,2, ,3,2,1,1.0,12.0,10.0,8.0,8.0,6.0,8.0,8.0,60.0,,60.0,1,,1,2,2,2, ,,,, ,, ,, , , , , , , , ,1,5,2, ,2, ,2, ,2, ,1,5,2, ,2, ,2, ,2, ,2, ,2, ,2, ,6,5, ,2,2,2,2,2,2,1,7,1,, ,1120.0,,,,,, ,1120.0,1120.0,1120.0,1,,2024_JulAgoSet,,,814.231773389026,,,40-59,1,Secundaria
2024,7,4682102,1,27,1,1,20240746821021002712,1,2,2,1,2, ,2,43.0,2,20.0,8.0,1980.0,1,,, , , , , , , , , , , , ,2, ,2341.0,8521.0,3,5,1, ,1,17.0,0.0,7.0,6.0,7.0,6.0,7.0,0.0,33.0,,33.0,1,,2, ,2,2,4,1200.0,,, ,, ,, , , , , , , , ,1,5,2, ,2, ,2, ,2, ,1,5,2, ,2, ,2, ,2, ,2, ,2, ,2, ,9,5, ,2,2,2,2,2,2,10,7,1,1200.0, ,,,,,,,16,1200.0,1200.0,1216.0,1,,2024_JulAgoSet,,,810.154035876426,,,40-59,1,Superior No Univ.
2024,7,4682102,1,27,1,1,20240746821021002713,1,3,3,1,2, ,2,17.0,3,19.0,11.0,2006.0,2,2.0,2.0,2,2,2,2,2,2,2,2,2,2,2,2,3,2,,, , , , , ,,,,,,,,,,,, ,, , , , , ,,,, ,, ,, ,2,4,2,2,5, , ,2,5,2, ,2, ,2, ,2, ,1,5,2, ,2, ,2, ,2, ,2, ,2, ,2, ,6,5, ,2,2,2,2,2,2,10,7,4,, ,,,,,,, ,,,,1,,2024_JulAgoSet,,,791.135288616263,,,15-24,1,Secundaria
2024,7,4682102,1,28,1,1,20240746821021002811,1,1,1,1,2, ,1,39.0,1,14.0,12.0,1984.0,1,,, , , , , , , , , , , , ,1, ,5212.0,4722.0,2, ,3,2,1,2.0,4.0,10.0,10.0,10.0,10.0,10.0,0.0,54.0,,54.0,1,,2, ,2,2, ,,,, ,, ,, , , , , , , , ,1,5,2, ,2, ,2, ,2, ,1,5,2, ,2, ,2, ,1,5,2, ,2, ,2, ,10,2, ,2,2,2,2,2,2,10,7,1,, ,900.0,300.0,,,,, ,1200.0,1200.0,1200.0,1,,2024_JulAgoSet,,,814.231773389026,,,25-39,1,Superior Univ.
2024,7,4682102,1,28,1,1,20240746821021002812,1,2,2,1,2, ,2,41.0,1,19.0,4.0,1983.0,1,,, , , , , , , , , , , , ,2, ,2221.0,8610.0,3,2, , ,5,9998.0,0.0,12.0,6.0,6.0,0.0,0.0,0.0,24.0,6.0,30.0,1,,2, ,2,2,4,5500.0,,, ,1500.0, ,, , , , , , , , ,1,1,1,1,2, ,2, ,2, ,2, ,2, ,2, ,2, ,1,1,2, ,2, ,2, ,11,5, ,2,2,2,2,2,2,10,7,1,5500.0, ,,,1500.0,,,,175,7000.0,5500.0,7175.0,1,,2024_JulAgoSet,,,810.154035876426,,,40-59,1,Superior Univ.
2024,7,23686,1,10,1,1,202407236861001011,1,1,1,1,2, ,2,63.0,1,20.0,7.0,1960.0,1,,, , , , , , , , , , , , ,1, ,5120.0,5610.0,2, ,3,2,1,2.0,5.0,5.0,5.0,5.0,5.0,5.0,5.0,35.0,,35.0,1,,2, ,2,2, ,,,, ,, ,, , , , , , , , ,2,5,2, ,2, ,2, ,2, ,1,5,2, ,2, ,2, ,2, ,2, ,2, ,2, ,1, , ,2,2,2,2,2,2,10,7,1,, ,500.0,600.0,,,,, ,1100.0,1100.0,1100.0,1,,2024_JulAgoSet,,,746.710451274211,,,60+,1,Sin Nivel
2024,7,23686,1,10,1,1,202407236861001012,1,2,2,1,2, ,1,81.0,2,20.0,6.0,1943.0,2,2.0,2.0,2,2,2,2,2,2,2,2,2,2,2,2,2,2,,, , , , , ,,,,,,,,,,,, ,, , , , , ,,,, ,, ,, ,2,5,2,2,7, , ,1,5,2, ,2, ,2, ,2, ,1,5,2, ,2, ,2, ,2, ,2, ,2, ,2, ,4,5, ,2,2,2,1,2,2,10,7,4,, ,,,,,,, ,,,,1,,2024_JulAgoSet,,,850.639397885849,,,60+,1,Primaria
2024,7,23686,1,14,1,1,202407236861001411,1,1,1,1,2, ,1,85.0,1,20.0,6.0,1939.0,2,2.0,2.0,2,2,2,2,2,2,2,2,2,2,2,2,1,2,,, , , , , ,,,,,,,,,,,, ,, , , , , ,,,, ,, ,, ,2,5,2,2,7, , ,1,5,2, ,2, ,2, ,2, ,1,5,2, ,2, ,2, ,2, ,2, ,2, ,2, ,3,3, ,2,2,2,2,2,2,1,1,4,, ,,,,,,, ,,,,1,,2024_JulAgoSet,,,850.639397885849,,,60+,1,Primaria
2024,7,2373902,1,9,1,1,20240723739021000911,1,1,1,1,2, ,2,47.0,1,30.0,6.0,1977.0,1,,, , , , , , , , , , , , ,1, ,8153.0,1410.0,3,5,2,2,1,4.0,0.0,8.0,8.0,8.0,8.0,8.0,6.0,46.0,,46.0,1,,1,1,1,2,2,400.0,,, ,, ,, , , , , , , , ,1,1,1,4,2, ,2, ,2, ,2, ,2, ,2, ,2, ,2, ,2, ,2, ,2, ,10,1, ,2,2,2,2,2,2,10,7,1,1732.0, ,,,,,,, ,1732.0,1732.0,1732.0,1,,2024_JulAgoSet,,,658.879867713981,,,40-59,1,Superior Univ.
2024,7,2373902,1,9,1,1,20240723739021000912,1,2,3,1,2, ,1,18.0,2,26.0,12.0,2005.0,2,2.0,2.0,2,2,2,2,2,2,2,2,2,2,2,2,2,2,,, , , , , ,,,,,,,,,,,, ,, , , , , ,,,, ,, ,, ,2,4,1,1,5, , ,1,1,1,4,2, ,2, ,2, ,2, ,2, ,2, ,2, ,2, ,2, ,2, ,2, ,10,1, ,2,2,2,2,2,2,10,7,4,, ,,,,,,, ,,,,1,,2024_JulAgoSet,,,762.173527320262,,,15-24,1,Superior Univ.
2024,7,2373902,1,11,1,1,20240723739021001111,1,1,1,1,2, ,2,64.0,1,1.0,2.0,1960.0,2,2.0,2.0,2,2,2,2,2,2,2,2,2,2,2,2,1,2,,, , , , , ,,,,,,,,,,,, ,, , , , , ,,,, ,, ,, ,2,5,1,1,6, , ,1,5,2, ,2, ,2, ,2, ,1,5,2, ,2, ,2, ,2, ,2, ,2, ,2, ,4,5, ,2,2,2,2,2,2,10,7,4,, ,,,,,,, ,,,,1,,2024_JulAgoSet,,,658.879867713981,,,60+,1,Primaria
2024,7,2373902,1,11,1,1,20240723739021001112,1,2,3,1,2, ,1,42.0,2,1.0,4.0,1982.0,1,,, , , , , , , , , , , , ,2, ,9629.0,4630.0,3,5,2,2,1,3.0,4.0,9.0,9.0,9.0,9.0,9.0,9.0,58.0,,58.0,1,,1,1,1,2,2,400.0,55.0,, ,, ,, , , , , , , , ,1,5,2, ,2, ,2, ,2, ,1,5,2, ,2, ,2, ,2, ,2, ,2, ,2, ,6,5, ,2,2,2,2,2,2,10,7,1,1732.0,1650,,,,,,, ,3382.0,3382.0,3382.0,1,,2024_JulAgoSet,,,840.644930562044,,,40-59,1,Secundaria
2024,7,2373902,1,12,1,1,20240723739021001211,1,1,1,1,2, ,1,44.0,1,1.0,3.0,1980.0,1,,, , , , , , , , , , , , ,1, ,8321.0,4922.0,2, ,3,2,1,1.0,6.0,9.0,9.0,9.0,0.0,0.0,0.0,33.0,,48.0,2,48.0,1,1,1,2, ,,,, ,, ,, , , , , , , , ,1,5,2, ,2, ,2, ,2, ,1,5,2, ,2, ,2, ,2, ,2, ,2, ,2, ,6,5, ,2,2,2,2,2,2,10,7,1,, ,1566.0,,,,,, ,1566.0,1566.0,1566.0,1,,2024_JulAgoSet,,,840.644930562044,,,40-59,1,Secundaria
2024,7,2373902,1,12,1,1,20240723739021001212,1,2,2,1,2, ,2,41.0,2,9.0,8.0,1982.0,1,,, , , , , , , , , , , , ,2, ,9112.0,8121.0,2, ,3,2,1,1.0,0.0,0.0,0.0,0.0,0.0,4.0,0.0,4.0,,4.0,1,,1,1,1,2, ,,,, ,, ,, , , , , , , , ,1,5,2, ,2, ,2, ,2, ,1,5,2, ,2, ,2, ,2, ,2, ,2, ,2, ,10,1, ,2,2,2,2,2,2,10,7,1,, ,87.0,,,,,, ,87.0,87.0,87.0,1,,2024_JulAgoSet,,,836.434913856528,,,40-59,1,Superior Univ.
2024,7,2373902,1,12,1,1,20240723739021001213,1,3,3,1,2, ,2,20.0,3,13.0,7.0,2003.0,2,2.0,2.0,2,2,2,2,2,2,2,2,2,2,2,2,3,2,,, , , , , ,,,,,,,,,,,, ,, , , , , ,,,, ,, ,, ,2,4,1,2,5, , ,1,5,2, ,2, ,2, ,2, ,1,5,2, ,2, ,2, ,2, ,2, ,2, ,2, ,10,3, ,2,2,2,2,2,2,10,7,4,, ,,,,,,, ,,,,1,,2024_JulAgoSet,,,816.799210617693,,,15-24,1,Superior Univ.
2024,7,2373902,1,12,1,1,20240723739021001214,1,4,3,1,2, ,1,14.0,4,24.0,10.0,2009.0,2,2.0,2.0,2,2,2,2,2,2,2,2,2,2,2,2,4,2,,, , , , , ,,,,,,,,,,,, ,, , , , , ,,,, ,, ,, ,2,4,1,2,5, , ,1,5,2, ,2, ,2, ,2, ,1,5,2, ,2, ,2, ,2, ,2, ,2, ,2, ,5,2, ,2,2,2,2,2,2,10,6,4,, ,,,,,,, ,,,,1,,2024_JulAgoSet,,,762.173527320262,,,0-14,1,Secundaria
2024,7,4699701,1,74,1,1,20240746997011007411,1,1,1,1,2, ,1,50.0,1,24.0,10.0,1973.0,1,,, , , , , , , , , , , , ,1, ,9629.0,8130.0,2, ,2,2,1,1.0,0.0,9.0,9.0,0.0,9.0,9.0,9.0,45.0,,45.0,1,,1,2,2,2, ,,,, ,, ,, , , , , , , , ,1,5,2, ,2, ,2, ,2, ,1,5,2, ,2, ,2, ,1,5,2, ,2, ,2, ,6,5, ,2,2,2,2,2,2,10,7,1,, ,1820.0,,,,,, ,1820.0,1820.0,1820.0,1,,2024_JulAgoSet,,,1197.06096679547,,,40-59,1,Secundaria
2024,7,4699701,1,74,1,1,20240746997011007412,1,2,2,1,2, ,2,35.0,2,28.0,8.0,1988.0,2,2.0,2.0,2,2,2,2,2,2,2,2,2,2,2,2,2,2,,, , , , , ,,,,,,,,,,,, ,, , , , , ,,,, ,, ,, ,2,5,2,2,6, , ,1,5,2, ,2, ,2, ,2, ,1,5,2, ,2, ,2, ,2, ,2, ,2, ,2, ,6,5, ,2,2,2,2,2,2,1,1,4,, ,,,,,,, ,,,,1,,2024_JulAgoSet,,,1333.97877952025,,,25-39,1,Secundaria
2024,7,4699701,1,77,1,1,20240746997011007711,1,1,1,1,2, ,1,66.0,1,28.0,12.0,1957.0,2,2.0,2.0,2,2,2,2,2,2,2,2,2,2,2,2,1,2,,, , , , , ,,,,,,,,,,,, ,, , , , , ,,,, ,, ,, ,2,5,1,1,1, , ,1,5,2, ,2, ,2, ,2, ,1,5,2, ,2, ,2, ,2, ,2, ,2, ,2, ,5,1, ,2,2,1,2,2,2,1,1,3,, ,,,,,,, ,,,,1,,2024_JulAgoSet,,,1197.06096679547,,,60+,1,Secundaria
2024,7,4699701,1,77,1,1,20240746997011007712,1,2,2,1,2, ,2,56.0,2,1.0,3.0,1968.0,2,2.0,2.0,2,2,2,2,2,2,2,2,2,2,2,2,2,2,,, , , , , ,,,,,,,,,,,, ,, , , , , ,,,, ,, ,, ,2,5,2,2,6, , ,1,5,2, ,2, ,2, ,2, ,1,5,2, ,2, ,2, ,2, ,2, ,2, ,2, ,6,5, ,2,2,2,2,2,2,10,7,4,, ,,,,,,, ,,,,1,,2024_JulAgoSet,,,1050.80711866879,,,40-59,1,Secundaria
2024,7,27621,1,7,1,1,202407276211000711,1,1,1,1,2, ,2,56.0,1,2.0,10.0,1967.0,1,,, , , , , , , , , , , , ,1, ,9111.0,9700.0,6, , , ,1,1.0,0.0,6.0,0.0,0.0,0.0,6.0,0.0,12.0,,12.0,1,,1,1,1,2,2,70.0,40.0,, ,, ,, , , , , , , , ,1,5,2, ,2, ,2, ,2, ,1,5,2, ,2, ,2, ,2, ,2, ,2, ,2, ,3,4, ,2,2,2,2,2,2,1,1,1,303.0,173,,,,,,, ,476.0,476.0,476.0,1,,2024_JulAgoSet,,,882.754214255755,,,40-59,1,Primaria
2024,7,27621,1,7,1,1,202407276211000713,1,4,3,1,2, ,1,27.0,4,27.0,3.0,1997.0,1,,, , , , , , , , , , , , ,4, ,4321.0,126.0,3,5,1, ,3,100.0,11.0,11.0,11.0,11.0,11.0,11.0,11.0,77.0,,77.0,2,60.0,2, ,2,2,4,1400.0,100.0,, ,, ,, , , , , , , , ,1,1,1,1,2, ,2, ,2, ,2, ,2, ,2, ,2, ,1,1,2, ,2, ,2, ,6,5, ,2,2,2,2,2,2,10,7,1,1400.0,433,,,,,,,342,1833.0,1833.0,2175.0,1,,2024_JulAgoSet,,,1126.27945018426,,,25-39,1,Secundaria
2024,7,27621,1,7,1,1,202407276211000715,1,5,11,1,2, ,1,30.0,4,21.0,4.0,1994.0,1,,, , , , , , , , , , , , ,5, ,3149.0,126.0,3,5,1, ,3,100.0,0.0,8.0,8.0,8.0,8.0,9.0,0.0,41.0,,41.0,1,,2, ,2,2,4,1100.0,100.0,, ,, ,, , , , , , , , ,1,1,1,1,2, ,2, ,2, ,2, ,2, ,2, ,2, ,2, ,1,1,2, ,2, ,10,2, ,2,2,2,2,2,2,10,7,1,1100.0,433,,,,,,, ,1533.0,1533.0,1533.0,1,,2024_JulAgoSet,,,1126.27945018426,,,25-39,1,Superior Univ.
2024,7,27621,1,7,2,1,202407276211000721,1,1,1,1,2, ,2,28.0,1,2.0,10.0,1995.0,2,2.0,2.0,2,2,2,2,2,2,2,2,2,2,2,2,1,2,,, , , , , ,,,,,,,,,,,, ,, , , , , ,,,, ,, ,, ,1,5,1,1,13,8,2,1,5,2, ,2, ,2, ,2, ,1,5,2, ,2, ,2, ,2, ,2, ,2, ,2, ,4, ,6,2,2,2,2,2,2,10,7,2,, ,,,,,,, ,,,,1,,2024_JulAgoSet,,,1120.63895307547,,,25-39,1,Primaria
2024,7,27621,1,8,1,1,202407276211000811,1,1,1,1,2, ,1,55.0,2,29.0,10.0,1968.0,1,,, , , , , , , , , , , , ,1, ,8322.0,4922.0,2, ,3,2,1,1.0,0.0,7.0,7.0,7.0,7.0,7.0,7.0,42.0,,42.0,1,,2, ,2,2, ,,,, ,, ,, , , , , , , , ,1,5,2, ,2, ,2, ,2, ,1,5,2, ,2, ,2, ,2, ,2, ,2, ,2, ,6,5, ,2,2,2,2,2,2,10,1,1,, ,1619.0,,,,,, ,1619.0,1619.0,1619.0,1,,2024_JulAgoSet,,,1005.61805719251,,,40-59,1,Secundaria
2024,7,27621,1,8,1,1,202407276211000812,1,2,2,1,2, ,2,51.0,2,1.0,7.0,1972.0,1,,, , , , , , , , , , , , ,2, ,9111.0,9700.0,6, , , ,1,1.0,0.0,10.0,10.0,10.0,10.0,10.0,8.0,58.0,,58.0,1,,2, ,2,2,4,2000.0,760.0,, ,, ,, , , , , , , , ,1,5,2, ,2, ,2, ,2, ,1,5,2, ,2, ,2, ,2, ,2, ,2, ,2, ,9,3, ,2,2,2,2,2,2,1,1,1,2000.0,1293,,,,,,,84,3293.0,3293.0,3377.0,1,,2024_JulAgoSet,,,882.754214255755,,,40-59,1,Superior No Univ.
2024,7,27621,1,8,1,1,202407276211000813,1,3,3,1,2, ,1,29.0,3,2.0,7.0,1994.0,1,,, , , , , , , , , , , , ,3, ,4321.0,4540.0,3,5,1, ,2,50.0,0.0,8.0,8.0,8.0,8.0,8.0,8.0,48.0,,48.0,1,,2, ,2,2,4,1600.0,,, ,, ,, , , , , , , , ,1,1,1,1,2, ,2, ,2, ,2, ,2, ,2, ,2, ,1,1,2, ,2, ,2, ,9,3, ,2,2,2,2,2,2,10,7,1,1600.0, ,,,,,,,351,1600.0,1600.0,1951.0,1,,2024_JulAgoSet,,,1126.27945018426,,,25-39,1,Superior No Univ.
2024,7,27621,1,8,1,1,202407276211000814,1,4,3,1,2, ,1,23.0,4,5.0,9.0,2000.0,1,,, , , , , , , , , , , , ,4, ,5131.0,5610.0,3,5,1, ,1,15.0,0.0,0.0,0.0,0.0,8.0,8.0,8.0,24.0,,24.0,1,,1,1,1,2,2,150.0,45.0,, ,, ,, , , , , , , , ,1,5,2, ,2, ,2, ,2, ,1,5,2, ,2, ,2, ,1,5,2, ,2, ,2, ,8,2, ,2,2,2,2,2,2,10,7,1,650.0,195,,,,,,, ,845.0,845.0,845.0,1,,2024_JulAgoSet,,,1021.14501626904,,,15-24,1,Superior No Univ.
2024,7,27621,1,9,1,1,202407276211000911,1,1,1,1,2, ,1,55.0,1,3.0,6.0,1969.0,1,,, , , , , , , , , , , , ,1, ,8322.0,4922.0,2, ,3,2,1,1.0,10.0,10.0,10.0,10.0,10.0,10.0,10.0,70.0,,70.0,1,,2, ,2,2, ,,,, ,, ,, , , , , , , , ,1,5,2, ,2, ,2, ,2, ,1,5,2, ,2, ,2, ,1,5,2, ,2, ,2, ,8,1, ,2,2,2,2,2,2,10,1,1,, ,1900.0,,,,,, ,1900.0,1900.0,1900.0,1,,2024_JulAgoSet,,,1005.61805719251,,,40-59,1,Superior No Univ.
2024,7,27621,1,9,1,1,202407276211000912,1,2,2,1,2, ,2,47.0,2,21.0,6.0,1977.0,1,,, , , , , , , , , , , , ,2, ,9111.0,9700.0,6, , , ,1,1.0,0.0,6.0,0.0,0.0,6.0,0.0,0.0,12.0,,12.0,1,,1,1,1,2,2,120.0,30.0,, ,, ,, , , , , , , , ,1,5,2, ,2, ,2, ,2, ,1,5,2, ,2, ,2, ,2, ,2, ,2, ,2, ,8,1, ,2,2,2,2,2,2,10,1,1,520.0,130,,,,,,, ,650.0,650.0,650.0,1,,2024_JulAgoSet,,,882.754214255755,,,40-59,1,Superior No Univ.
2024,7,27621,1,9,1,1,202407276211000913,1,3,3,1,2, ,1,19.0,3,28.0,3.0,2005.0,2,2.0,2.0,2,2,2,2,2,2,2,2,2,2,2,2,3,2,,, , , , , ,,,,,,,,,,,, ,, , , , , ,,,, ,, ,, ,2,4,1,1,5, , ,1,5,2, ,2, ,2, ,2, ,1,5,2, ,2, ,2, ,2, ,2, ,2, ,2, ,6,5, ,2,2,2,2,2,2,10,1,4,, ,,,,,,, ,,,,1,,2024_JulAgoSet,,,1021.14501626904,,,15-24,1,Secundaria
2024,7,27621,1,10,1,1,202407276211001011,1,1,1,1,2, ,1,37.0,1,12.0,7.0,1986.0,1,,, , , , , , , , , , , , ,1, ,4110.0,6201.0,3,5,1, ,4,200.0,0.0,7.0,7.0,7.0,7.0,7.0,0.0,35.0,,35.0,1,,1,1,1,2,4,7000.0,,, ,, ,, , , , , , , , ,1,3,1,1,1,2,2, ,2, ,2, ,2, ,2, ,2, ,1,1,2, ,2, ,2, ,12,2, ,2,2,2,2,2,2,10,7,1,7000.0, ,,,,,,, ,7000.0,7000.0,7000.0,1,,2024_JulAgoSet,,,1126.27945018426,,,25-39,1,Postgrado
2024,7,27621,1,10,1,1,202407276211001012,1,2,2,1,2, ,2,35.0,2,27.0,5.0,1989.0,1,,, , , , , , , , , , , , ,2, ,4417.0,8412.0,3,2, , ,5,9998.0,0.0,8.0,8.0,8.0,8.0,8.0,0.0,40.0,,40.0,1,,2, ,2,2,4,3100.0,,, ,, ,, , , , , , , , ,1,3,1,1,2, ,1,4,2, ,2, ,2, ,2, ,2, ,1,1,2, ,2, ,2, ,11,5, ,2,2,2,2,2,2,10,7,1,3100.0, ,,,,,,,267,3100.0,3100.0,3367.0,1,,2024_JulAgoSet,,,1120.63895307547,,,25-39,1,Superior Univ.
2024,7,27664,1,65,1,1,202407276641006511,1,1,1,1,2, ,1,56.0,1,27.0,4.0,1968.0,1,,, , , , , , , , , , , , ,1, ,8322.0,4922.0,2, ,3,2,1,1.0,0.0,8.0,8.0,8.0,8.0,8.0,0.0,40.0,,40.0,1,,2, ,2,2, ,,,, ,, ,, , , , , , , , ,1,6,2, ,2, ,2, ,2, ,2, ,2, ,2, ,2, ,2, ,2, ,2, ,2, ,11,5, ,2,2,2,2,2,2,10,7,1,, ,3101.0,,,,,, ,3101.0,3101.0,3101.0,1,,2024_JulAgoSet,,,1028.07314625794,,,40-59,0,Superior Univ.
2024,7,27664,1,66,1,1,202407276641006612,1,2,3,1,2, ,1,40.0,2,12.0,9.0,1983.0,1,,, , , , , , , , , , , , ,2, ,2611.0,6910.0,2, ,2,2,1,1.0,0.0,7.0,7.0,7.0,7.0,7.0,4.0,39.0,8.0,50.0,2,50.0,1,1,1,1, ,,,, ,1500.0, ,, , , , , , , , ,1,6,2, ,2, ,2, ,2, ,2, ,2, ,2, ,2, ,1,5,2, ,2, ,2, ,12,2, ,2,2,2,2,2,2,10,7,1,, ,3400.0,,1500.0,,,, ,4900.0,3400.0,4900.0,1,,2024_JulAgoSet,,,1151.4288647016,,,40-59,0,Postgrado
2024,7,27664,1,67,1,1,202407276641006711,1,1,1,1,2, ,1,59.0,1,26.0,2.0,1965.0,2,1.0,, , , , , , , , , , , , ,1, ,2330.0,8521.0,3,5,1, ,5,1000.0,0.0,0.0,0.0,0.0,0.0,0.0,0.0,0.0,,40.0,2,40.0,2, ,2,2,4,10000.0,,, ,, ,, , , , , , , , ,1,3,1,1,2, ,1,1,2, ,2, ,2, ,2, ,2, ,1,1,2, ,2, ,2, ,12,2, ,2,2,2,2,2,2,10,7,1,10000.0, ,,,,,,,2666,10000.0,10000.0,12666.0,1,,2024_JulAgoSet,,,1028.07314625794,,,40-59,1,Postgrado
2024,7,27664,1,67,1,1,202407276641006712,1,2,2,1,2, ,2,59.0,2,26.0,1.0,1965.0,1,,, , , , , , , , , , , , ,2, ,1221.0,8620.0,3,5,1, ,5,9998.0,0.0,8.0,8.0,8.0,8.0,8.0,0.0,40.0,,40.0,1,,2, ,2,2,4,10000.0,,, ,, ,, , , , , , , , ,1,1,1,1,2, ,2, ,2, ,2, ,2, ,2, ,2, ,1,1,2, ,2, ,2, ,12,2, ,2,2,2,2,2,2,10,7,1,10000.0, ,,,,,,,2499,10000.0,10000.0,12499.0,1,,2024_JulAgoSet,,,902.465797955181,,,40-59,1,Postgrado
2024,7,2072201,1,23,1,1,20240720722011002311,1,1,1,1,2, ,2,77.0,1,16.0,8.0,1946.0,2,2.0,2.0,2,2,2,2,2,2,2,2,2,2,2,2,1,2,,, , , , , ,,,,,,,,,,,, ,, , , , , ,,,, ,, ,, ,2,5,2,2,3, , ,1,5,2, ,2, ,2, ,2, ,1,5,2, ,2, ,2, ,2, ,2, ,2, ,2, ,3,2, ,2,2,2,2,2,2,10,7,4,, ,,,,,,, ,,,,1,,2024_JulAgoSet,,,850.636630030168,,,60+,1,Primaria
2024,7,2072201,1,23,1,1,20240720722011002312,1,2,3,1,2, ,2,59.0,2,7.0,4.0,1965.0,2,2.0,2.0,2,2,2,2,2,2,2,2,2,2,2,2,2,2,,, , , , , ,,,,,,,,,,,, ,, , , , , ,,,, ,, ,, ,2,7,2,2,3, , ,1,5,2, ,2, ,2, ,2, ,1,5,2, ,2, ,2, ,2, ,2, ,2, ,2, ,3,2, ,2,2,2,2,2,2,10,7,4,, ,,,,,,, ,,,,1,,2024_JulAgoSet,,,850.636630030168,,,40-59,1,Primaria
2024,7,2072201,1,24,1,1,20240720722011002411,1,1,1,1,2, ,1,62.0,1,14.0,11.0,1961.0,2,2.0,2.0,2,2,2,2,2,2,2,2,2,2,2,2,1,2,,, , , , , ,,,,,,,,,,,, ,, , , , , ,,,, ,, ,, ,2,6,2,2,3, , ,1,4,2, ,2, ,2, ,1,3,2, ,2, ,2, ,2, ,2, ,2, ,2, ,1,3,11,5, ,2,2,2,2,2,2,10,7,4,, ,,,,,,, ,,,,1,,2024_JulAgoSet,,,969.03027077465,,,60+,1,Superior Univ.
2024,7,2072201,1,24,1,1,20240720722011002412,1,2,2,1,2, ,2,60.0,2,13.0,12.0,1963.0,2,2.0,2.0,2,2,2,2,2,2,2,2,2,2,2,2,2,2,,, , , , , ,,,,,,,,,,,, ,, , , , , ,,,, ,, ,, ,2,6,2,2,3, , ,1,1,1,3,2, ,2, ,2, ,2, ,2, ,2, ,2, ,2, ,1,3,2, ,2, ,11,5, ,2,2,2,2,2,2,10,7,4,, ,,,,,,, ,,,,1,,2024_JulAgoSet,,,850.636630030168,,,60+,1,Superior Univ.
2024,7,2072201,1,24,1,1,20240720722011002413,1,3,3,1,2, ,1,15.0,1,27.0,7.0,2008.0,2,2.0,2.0,2,2,2,2,2,2,2,2,2,2,2,2,3,2,,, , , , , ,,,,,,,,,,,, ,, , , , , ,,,, ,, ,, ,2,4,2,2,5, , ,2,1,1,4,2, ,2, ,2, ,2, ,2, ,2, ,2, ,2, ,2, ,2, ,2, ,5,4, ,2,2,2,2,2,2,10,7,4,, ,,,,,,, ,,,,1,,2024_JulAgoSet,,,983.99230656013,,,15-24,1,Secundaria
2024,7,2072201,1,25,1,1,20240720722011002511,1,1,1,1,2, ,1,55.0,1,13.0,6.0,1969.0,1,,, , , , , , , , , , , , ,1, ,8321.0,4922.0,2, ,3,2,1,1.0,0.0,7.0,7.0,7.0,7.0,7.0,7.0,42.0,,42.0,1,,1,1,1,1, ,,,, ,, ,, , , , , , , , ,1,5,2, ,2, ,2, ,2, ,1,5,2, ,2, ,2, ,2, ,2, ,2, ,2, ,5,2, ,2,2,2,2,2,2,10,7,1,, ,965.0,,,,,, ,965.0,965.0,965.0,1,,2024_JulAgoSet,,,969.03027077465,,,40-59,1,Secundaria
2024,7,20929,1,65,1,1,202407209291006511,1,1,1,1,2, ,2,35.0,1,25.0,7.0,1988.0,1,,, , , , , , , , , , , , ,1, ,5312.0,8521.0,3,2, , ,5,9998.0,0.0,6.0,6.0,6.0,6.0,6.0,0.0,30.0,2.0,32.0,1,,2, ,2,2,4,3100.0,,, ,, ,80.0, , , , , , , , ,1,1,1,1,2, ,2, ,2, ,2, ,2, ,2, ,2, ,1,1,2, ,2, ,2, ,6,5, ,2,2,2,2,2,2,10,7,1,3100.0, ,,,,80.0,,,50,3180.0,3100.0,3230.0,1,,2024_JulAgoSet,,,1165.32394863936,,,25-39,1,Secundaria
2024,7,25700,1,97,1,1,202407257001009711,1,1,1,1,2, ,2,55.0,1,,,1969.0,1,,, , , , , , , , , , , , ,1, ,5213.0,4781.0,2, ,2,2,1,2.0,8.0,8.0,8.0,8.0,8.0,8.0,8.0,56.0,,56.0,1,,2, ,2,2, ,,,, ,, ,, , , , , , , , ,1,5,2, ,2, ,2, ,2, ,1,5,2, ,2, ,2, ,2, ,2, ,2, ,2, ,6,5, ,2,2,2,2,2,2,10,7,1,, ,1100.0,,,,,, ,1100.0,1100.0,1100.0,1,,2024_JulAgoSet,,,779.452958319637,,,40-59,1,Secundaria
2024,7,25700,1,97,1,1,202407257001009712,1,2,3,1,2, ,1,33.0,3,,,1991.0,1,,, , , , , , , , , , , , ,2, ,5213.0,4781.0,4, ,2,2,1,2.0,8.0,8.0,8.0,8.0,8.0,8.0,8.0,56.0,,56.0,1,,2, ,2, , ,,,, ,, ,, , , , , , , , ,1,5,2, ,2, ,2, ,2, ,1,5,2, ,2, ,2, ,2, ,2, ,2, ,2, ,6,5, ,2,2,2,2,2,2,10,7,1,, ,,,,,,, ,,,,1,,2024_JulAgoSet,,,994.480496568201,,,25-39,1,Secundaria
2024,7,25700,1,97,1,1,202407257001009713,1,3,4,1,2, ,2,30.0,3,24.0,10.0,1993.0,1,,, , , , , , , , , , , , ,3, ,9629.0,9609.0,2, ,3,2,1,1.0,0.0,8.0,8.0,8.0,8.0,8.0,0.0,40.0,,40.0,1,,2, ,2,2, ,,,, ,, ,, , , , , , , , ,1,5,2, ,2, ,2, ,2, ,1,5,2, ,2, ,2, ,1,5,2, ,2, ,2, ,8,1, ,2,2,2,2,2,2,10,7,1,, ,1025.0,,,,,, ,1025.0,1025.0,1025.0,1,,2024_JulAgoSet,,,989.500059106855,,,25-39,1,Superior No Univ.
2024,7,25700,1,100,1,1,202407257001010011,1,1,1,1,2, ,1,56.0,1,6.0,3.0,1968.0,1,,, , , , , , , , , , , , ,1, ,2411.0,4390.0,3,5,1, ,1,15.0,0.0,8.0,8.0,8.0,8.0,8.0,0.0,40.0,,40.0,1,,2, ,2,2,4,2500.0,,, ,, ,, , , , , , , , ,1,1,1,1,2, ,2, ,2, ,2, ,2, ,2, ,2, ,1,1,2, ,2, ,2, ,11,5, ,2,2,2,2,2,2,10,7,1,2500.0, ,,,,,,,624,2500.0,2500.0,3124.0,1,,2024_JulAgoSet,,,887.939085376317,,,40-59,1,Superior Univ.
2024,7,19169,1,8,1,1,202407191691000811,1,1,1,1,2, ,2,67.0,1,4.0,7.0,1956.0,2,2.0,2.0,2,2,2,2,2,2,2,2,2,2,2,2,1,2,,, , , , , ,,,,,,,,,,,, ,, , , , , ,,,, ,, ,, ,2,5,1,1,7, , ,1,2,2, ,1,4,2, ,2, ,2, ,2, ,2, ,2, ,2, ,2, ,2, ,2, ,3,0, ,2,2,2,2,2,2,1,1,3,, ,,,,,,, ,,,,1,,2024_JulAgoSet,,,846.512330648124,,,60+,1,Primaria
2024,7,19169,1,8,1,1,202407191691000812,1,2,3,1,2, ,1,31.0,2,23.0,10.0,1992.0,1,,, , , , , , , , , , , , ,2, ,7513.0,1071.0,3,5,2,2,1,5.0,0.0,8.0,8.0,8.0,8.0,8.0,8.0,48.0,,48.0,1,,2, ,2,2,2,260.0,,, ,, ,, , , , , , , , ,1,5,2, ,2, ,2, ,2, ,1,5,2, ,2, ,2, ,2, ,1,5,2, ,2, ,6,5, ,2,2,2,2,2,2,10,7,1,1126.0, ,,,,,,, ,1126.0,1126.0,1126.0,1,,2024_JulAgoSet,,,1080.03952509066,,,25-39,1,Secundaria
2024,7,19169,1,8,2,1,202407191691000821,1,1,1,1,2, ,1,43.0,1,23.0,10.0,1980.0,1,,, , , , , , , , , , , , ,1, ,7513.0,1071.0,3,5,2,2,1,6.0,8.0,8.0,8.0,8.0,8.0,8.0,8.0,56.0,,56.0,1,,1,2,2,2,2,300.0,,, ,, ,, , , , , , , , ,1,5,2, ,2, ,2, ,2, ,1,5,2, ,2, ,2, ,2, ,2, ,2, ,2, ,4, ,6,2,2,2,2,2,2,10,9,1,1299.0, ,,,,,,, ,1299.0,1299.0,1299.0,1,,2024_JulAgoSet,,,1080.03952509066,,,40-59,1,Primaria
2024,7,19169,1,8,2,1,202407191691000822,1,2,2,1,2, ,2,33.0,2,2.0,8.0,1990.0,2,2.0,2.0,2,2,2,2,2,2,2,2,2,2,2,2,2,2,,, , , , , ,,,,,,,,,,,, ,, , , , , ,,,, ,, ,, ,2,5,2,2,6, , ,1,5,2, ,2, ,2, ,2, ,1,5,2, ,2, ,2, ,2, ,2, ,2, ,2, ,4, ,6,2,2,2,2,2,2,10,9,4,, ,,,,,,, ,,,,1,,2024_JulAgoSet,,,1074.63060120622,,,25-39,1,Primaria
2024,7,19169,1,8,2,1,202407191691000825,1,5,11,1,2, ,1,19.0,5,10.0,3.0,2005.0,1,,, , , , , , , , , , , , ,5, ,5211.0,1071.0,3,5,1, ,1,4.0,0.0,8.0,8.0,8.0,8.0,8.0,10.0,50.0,,50.0,1,,2, ,2,2,2,300.0,,, ,, ,, , , , , , , , ,1,5,2, ,2, ,2, ,2, ,1,5,2, ,2, ,2, ,2, ,2, ,2, ,2, ,6,5, ,2,2,2,2,2,2,10,7,1,1299.0, ,,,,,,, ,1299.0,1299.0,1299.0,1,,2024_JulAgoSet,,,979.221434111647,,,15-24,1,Secundaria
2024,7,19169,1,11,1,1,202407191691001111,1,1,1,1,2, ,1,67.0,1,24.0,4.0,1957.0,1,,, , , , , , , , , , , , ,1, ,8322.0,4922.0,2, ,3,2,1,1.0,0.0,8.0,8.0,8.0,8.0,8.0,8.0,48.0,,48.0,1,,2, ,2,2, ,,,, ,, ,, , , , , , , , ,1,5,2, ,2, ,2, ,2, ,1,5,2, ,2, ,2, ,2, ,2, ,2, ,2, ,5,3, ,2,2,2,2,2,2,10,7,1,, ,1150.0,,,,,, ,1150.0,1150.0,1150.0,1,,2024_JulAgoSet,,,964.331941539997,,,60+,1,Secundaria
2024,7,19169,1,11,1,1,202407191691001112,1,2,2,1,2, ,2,61.0,2,20.0,7.0,1962.0,2,2.0,2.0,2,2,2,2,2,2,2,2,2,2,2,2,2,2,,, , , , , ,,,,,,,,,,,, ,, , , , , ,,,, ,, ,, ,2,5,1,2,7, , ,1,5,2, ,2, ,2, ,2, ,1,5,2, ,2, ,2, ,2, ,2, ,2, ,2, ,5,3, ,2,2,2,2,2,2,10,7,4,, ,,,,,,, ,,,,1,,2024_JulAgoSet,,,846.512330648124,,,60+,1,Secundaria
2024,7,19169,1,11,1,1,202407191691001113,1,3,3,1,2, ,2,21.0,2,30.0,8.0,2002.0,2,2.0,2.0,2,2,2,2,2,2,2,2,2,2,2,2,3,2,,, , , , , ,,,,,,,,,,,, ,, , , , , ,,,, ,, ,, ,2,4,2,2,5, , ,1,5,2, ,2, ,2, ,2, ,1,5,2, ,2, ,2, ,2, ,2, ,2, ,2, ,6,5, ,2,2,2,2,2,2,10,7,4,, ,,,,,,, ,,,,1,,2024_JulAgoSet,,,1049.40314210918,,,15-24,1,Secundaria
2024,7,19169,1,12,1,1,202407191691001211,1,1,1,1,2, ,2,49.0,1,11.0,9.0,1974.0,1,,, , , , , , , , , , , , ,1, ,9411.0,5610.0,1, ,3,2,1,2.0,12.0,12.0,12.0,12.0,12.0,0.0,12.0,72.0,,72.0,1,,2, ,2,2, ,,,, ,, ,, , , , , , , , ,1,5,2, ,2, ,2, ,2, ,1,5,2, ,2, ,2, ,2, ,1,5,2, ,2, ,6,5, ,2,2,2,2,2,2,10,7,1,, ,1110.0,90.0,,,,, ,1200.0,1200.0,1200.0,1,,2024_JulAgoSet,,,846.512330648124,,,40-59,1,Secundaria
2024,7,1918801,1,51,1,1,20240719188011005111,1,1,1,1,2, ,2,41.0,1,8.0,11.0,1982.0,2,2.0,2.0,2,2,2,2,2,2,2,2,2,2,2,2,1,2,,, , , , , ,,,,,,,,,,,, ,, , , , , ,,,, ,, ,, ,2,5,1,1,13,4,2,1,5,2, ,2, ,2, ,2, ,1,5,2, ,2, ,2, ,1,5,2, ,2, ,2, ,10,2, ,2,2,2,2,2,2,10,7,2,, ,,,,,,, ,,,,1,,2024_JulAgoSet,,,847.160396535611,,,40-59,1,Superior Univ.
2024,7,1918801,1,51,1,1,20240719188011005112,1,2,2,1,2, ,1,36.0,2,18.0,8.0,1987.0,1,,, , , , , , , , , , , , ,2, ,8343.0,5210.0,3,5,1, ,4,500.0,0.0,8.0,8.0,8.0,8.0,8.0,8.0,48.0,,48.0,1,,2, ,2,2,4,3000.0,,, ,, ,, , , , , , , , ,1,3,1,1,2, ,1,1,2, ,2, ,2, ,2, ,2, ,1,1,2, ,2, ,2, ,6,5, ,2,2,2,2,2,2,10,7,1,3000.0, ,,,,,,,750,3000.0,3000.0,3750.0,1,,2024_JulAgoSet,,,851.424397670167,,,25-39,1,Secundaria
2024,7,1918801,1,51,1,1,20240719188011005113,1,3,3,1,2, ,2,19.0,3,28.0,3.0,2005.0,2,2.0,2.0,2,2,2,2,2,2,2,2,2,2,2,2,3,2,,, , , , , ,,,,,,,,,,,, ,, , , , , ,,,, ,, ,, ,2,4,2,2,4, , ,1,5,2, ,2, ,2, ,2, ,1,5,2, ,2, ,2, ,2, ,2, ,2, ,2, ,10,2, ,2,2,2,2,2,2,10,7,4,, ,,,,,,, ,,,,1,,2024_JulAgoSet,,,827.272907543346,,,15-24,1,Superior Univ.
2024,7,1918801,1,52,1,1,20240719188011005211,1,1,1,1,2, ,1,43.0,1,20.0,3.0,1981.0,1,,, , , , , , , , , , , , ,1, ,8321.0,4922.0,2, ,3,2,1,1.0,4.0,9.0,9.0,9.0,9.0,9.0,9.0,58.0,,58.0,1,,1,1,1,1, ,,,, ,, ,, , , , , , , , ,1,5,2, ,2, ,2, ,2, ,1,5,2, ,2, ,2, ,2, ,2, ,2, ,2, ,6,5, ,2,2,2,2,2,2,10,1,1,, ,1680.0,,,,,, ,1680.0,1680.0,1680.0,1,,2024_JulAgoSet,,,851.424397670167,,,40-59,1,Secundaria
2024,7,1918801,1,52,1,1,20240719188011005212,1,2,2,1,2, ,2,39.0,2,6.0,8.0,1984.0,2,2.0,2.0,2,2,2,2,2,2,2,2,2,2,2,2,2,2,,, , , , , ,,,,,,,,,,,, ,, , , , , ,,,, ,, ,, ,2,5,1,2,6, , ,1,5,2, ,2, ,2, ,2, ,1,5,2, ,2, ,2, ,2, ,2, ,2, ,2, ,8,1, ,2,2,2,2,2,2,10,1,4,, ,,,,,,, ,,,,1,,2024_JulAgoSet,,,847.160396535611,,,25-39,1,Superior No Univ.
2024,7,1918801,1,52,1,1,20240719188011005213,1,3,3,1,2, ,2,19.0,2,14.0,5.0,2005.0,1,,, , , , , , , , , , , , ,3, ,5213.0,4782.0,3,5,3,2,1,2.0,0.0,12.0,12.0,12.0,12.0,12.0,12.0,72.0,,72.0,1,,2, ,2,2,4,1200.0,,, ,, ,, , , , , , , , ,1,5,2, ,2, ,2, ,2, ,1,5,2, ,2, ,2, ,2, ,2, ,2, ,2, ,6,5, ,2,2,2,2,2,2,10,7,1,1200.0, ,,,,,,, ,1200.0,1200.0,1200.0,1,,2024_JulAgoSet,,,827.272907543346,,,15-24,1,Secundaria
2024,7,1918801,1,52,1,1,20240719188011005214,1,4,3,1,2, ,1,14.0,4,22.0,10.0,2009.0,2,2.0,2.0,2,2,2,2,2,2,2,2,2,2,2,2,4,2,,, , , , , ,,,,,,,,,,,, ,, , , , , ,,,, ,, ,, ,2,4,1,1,3, , ,1,5,2, ,2, ,2, ,2, ,1,5,2, ,2, ,2, ,2, ,2, ,2, ,2, ,5,2, ,2,2,2,2,2,2,10,1,4,, ,,,,,,, ,,,,1,,2024_JulAgoSet,,,771.946767090991,,,0-14,1,Secundaria
2024,7,1918801,1,54,1,1,20240719188011005411,1,1,1,1,2, ,1,44.0,1,16.0,7.0,1979.0,1,,, , , , , , , , , , , , ,1, ,5213.0,4782.0,2, ,3,2,1,2.0,6.0,10.0,10.0,10.0,10.0,10.0,10.0,66.0,,66.0,1,,2, ,2,2, ,,,, ,, ,, , , , , , , , ,1,5,2, ,2, ,2, ,2, ,1,5,2, ,2, ,2, ,2, ,2, ,2, ,2, ,6,5, ,2,2,2,2,2,2,10,1,1,, ,2200.0,,,,,, ,2200.0,2200.0,2200.0,1,,2024_JulAgoSet,,,851.424397670167,,,40-59,1,Secundaria
2024,7,1918801,1,54,1,1,20240719188011005412,1,2,2,1,2, ,2,39.0,2,5.0,5.0,1985.0,1,,, , , , , , , , , , , , ,2, ,5213.0,4782.0,4, ,3,2,1,2.0,6.0,10.0,10.0,10.0,10.0,10.0,10.0,66.0,,66.0,1,,2, ,2, , ,,,, ,, ,, , , , , , , , ,1,5,2, ,2, ,2, ,2, ,1,5,2, ,2, ,2, ,2, ,2, ,2, ,2, ,4, ,6,2,2,2,2,2,2,10,1,1,, ,,,,,,, ,,,,1,,2024_JulAgoSet,,,847.160396535611,,,25-39,1,Primaria
2024,7,1918801,1,54,1,1,20240719188011005413,1,3,3,1,2, ,2,16.0,3,23.0,1.0,2008.0,2,2.0,2.0,2,2,2,2,2,2,2,2,2,2,2,2,3,2,,, , , , , ,,,,,,,,,,,, ,, , , , , ,,,, ,, ,, ,2,4,2,2,3, , ,2,5,2, ,2, ,2, ,2, ,1,5,2, ,2, ,2, ,2, ,2, ,2, ,2, ,5,3, ,2,2,2,2,2,2,10,7,4,, ,,,,,,, ,,,,1,,2024_JulAgoSet,,,827.272907543346,,,15-24,1,Secundaria
2024,7,1918801,1,54,1,1,20240719188011005414,1,4,3,1,2, ,2,14.0,4,7.0,4.0,2010.0,2,2.0,2.0,2,2,2,2,2,2,2,2,2,2,2,2,4,2,,, , , , , ,,,,,,,,,,,, ,, , , , , ,,,, ,, ,, ,2,4,2,2,3, , ,2,5,2, ,2, ,2, ,2, ,1,5,2, ,2, ,2, ,2, ,2, ,2, ,2, ,5,2, ,2,2,2,2,2,2,10,7,4,, ,,,,,,, ,,,,1,,2024_JulAgoSet,,,827.272907543346,,,0-14,1,Secundaria
2024,7,1918801,1,55,1,1,20240719188011005511,1,1,1,1,2, ,2,47.0,1,13.0,9.0,1976.0,2,2.0,2.0,2,2,2,2,2,2,2,2,2,2,2,2,1,2,,, , , , , ,,,,,,,,,,,, ,, , , , , ,,,, ,, ,, ,2,5,2,2,6, , ,1,5,2, ,2, ,2, ,2, ,1,5,2, ,2, ,2, ,2, ,2, ,2, ,2, ,6,5, ,2,2,2,2,2,2,10,7,4,, ,,,,,,, ,,,,1,,2024_JulAgoSet,,,667.328587981025,,,40-59,1,Secundaria
2024,7,1918801,1,55,1,1,20240719188011005512,1,2,7,1,2, ,2,31.0,2,9.0,11.0,1992.0,2,2.0,2.0,2,2,2,2,2,2,2,2,2,2,2,2,2,2,,, , , , , ,,,,,,,,,,,, ,, , , , , ,,,, ,, ,, ,2,7,2,2,7, , ,2,5,2, ,2, ,2, ,2, ,1,5,2, ,2, ,2, ,2, ,2, ,2, ,2, ,4, ,6,2,2,2,2,2,1,10,7,4,, ,,,,,,, ,,,,1,,2024_JulAgoSet,,,847.160396535611,,,25-39,1,Primaria
2024,7,1918801,1,55,1,1,20240719188011005513,1,3,6,1,2, ,2,65.0,3,1.0,9.0,1958.0,2,2.0,2.0,2,2,2,2,2,2,2,2,2,2,2,2,3,2,,, , , , , ,,,,,,,,,,,, ,, , , , , ,,,, ,, ,, ,2,7,2,2,7, , ,1,5,2, ,2, ,2, ,2, ,1,5,2, ,2, ,2, ,2, ,2, ,2, ,2, ,3,2, ,2,2,2,2,2,2,10,7,4,, ,,,,,,, ,,,,1,,2024_JulAgoSet,,,667.328587981025,,,60+,1,Primaria
2024,7,2984503,1,164,1,1,20240729845031016411,1,1,1,1,2, ,2,73.0,1,22.0,4.0,1951.0,2,2.0,2.0,2,2,2,2,2,2,2,2,2,2,2,2,1,2,,, , , , , ,,,,,,,,,,,, ,, , , , , ,,,, ,, ,, ,2,6,2,2,3, , ,1,1,1,3,2, ,2, ,2, ,2, ,2, ,2, ,2, ,2, ,2, ,1,3,2, ,6,5, ,2,2,2,2,2,2,10,7,4,, ,,,,,,, ,,,,1,,2024_JulAgoSet,,,1019.94603541341,,,60+,1,Secundaria
2024,7,2984503,1,164,1,1,20240729845031016412,1,2,2,1,2, ,1,82.0,1,18.0,1.0,1942.0,2,2.0,2.0,2,2,2,2,2,2,2,2,2,2,2,2,2,2,,, , , , , ,,,,,,,,,,,, ,, , , , , ,,,, ,, ,, ,2,6,2,2,3, , ,1,4,2, ,2, ,2, ,1,3,2, ,2, ,2, ,2, ,2, ,2, ,2, ,1,3,6,5, ,2,2,2,2,2,2,10,7,4,, ,,,,,,, ,,,,1,,2024_JulAgoSet,,,1161.90456415819,,,60+,1,Secundaria
2024,7,2984503,1,177,1,1,20240729845031017711,1,1,1,1,2, ,1,71.0,1,24.0,5.0,1953.0,2,2.0,2.0,2,2,2,2,2,2,2,2,2,2,2,2,1,2,,, , , , , ,,,,,,,,,,,, ,, , , , , ,,,, ,, ,, ,2,6,2,2,3, , ,1,5,2, ,2, ,2, ,2, ,1,5,2, ,2, ,2, ,2, ,2, ,2, ,2, ,6,5, ,2,2,2,2,2,2,12,6,4,, ,,,,,,, ,,,,1,,2024_JulAgoSet,,,1161.90456415819,,,60+,1,Secundaria
2024,7,2984503,1,177,1,1,20240729845031017712,1,2,2,1,2, ,2,77.0,2,2.0,10.0,1946.0,2,2.0,2.0,2,2,2,2,2,2,2,2,2,2,2,2,2,2,,, , , , , ,,,,,,,,,,,, ,, , , , , ,,,, ,, ,, ,2,5,2,2,3, , ,1,1,1,4,2, ,2, ,2, ,2, ,2, ,2, ,2, ,2, ,2, ,2, ,2, ,9,3, ,2,2,2,2,2,2,10,7,4,, ,,,,,,, ,,,,1,,2024_JulAgoSet,,,1019.94603541341,,,60+,1,Superior No Univ.
2024,7,26312,1,52,1,1,202407263121005211,1,1,1,1,2, ,1,76.0,1,18.0,12.0,1947.0,2,2.0,2.0,2,2,2,2,2,2,2,2,2,2,2,2,1,2,,, , , , , ,,,,,,,,,,,, ,, , , , , ,,,, ,, ,, ,2,6,1,1,3, , ,1,3,1,3,2, ,1,3,2, ,2, ,2, ,2, ,2, ,1,3,2, ,2, ,2, ,11,5, ,2,2,2,2,2,2,10,7,4,, ,,,,,,, ,,,,1,,2024_JulAgoSet,,,951.093280501373,,,60+,1,Superior Univ.
2024,7,26312,1,54,1,1,202407263121005411,1,1,1,1,2, ,2,32.0,1,10.0,6.0,1992.0,1,,, , , , , , , , , , , , ,1, ,5111.0,5110.0,3,5,1, ,5,1000.0,8.0,0.0,8.0,8.0,8.0,8.0,8.0,48.0,,48.0,1,,1,2,2,2,4,3000.0,,, ,, ,, , , , , , , , ,1,3,1,1,2, ,1,1,2, ,2, ,2, ,2, ,2, ,1,1,2, ,2, ,2, ,11,5, ,2,2,2,2,2,2,10,6,1,3000.0, ,,,,,,,500,3000.0,3000.0,3500.0,1,,2024_JulAgoSet,,,1059.87772446506,,,25-39,1,Superior Univ.
2024,7,2645302,1,127,1,1,20240726453021012711,1,1,1,1,2, ,1,46.0,1,22.0,2.0,1978.0,1,,, , , , , , , , , , , , ,1, ,4110.0,7110.0,3,5,1, ,1,4.0,0.0,8.0,8.0,8.0,8.0,8.0,0.0,40.0,,40.0,1,,2, ,2,2,4,3000.0,,, ,, ,, , , , , , , , ,1,3,1,1,2, ,1,1,2, ,2, ,2, ,2, ,2, ,1,1,2, ,2, ,2, ,11,5, ,2,2,2,2,2,2,10,7,1,3000.0, ,,,,,,,750,3000.0,3000.0,3750.0,1,,2024_JulAgoSet,,,1561.55989086221,,,40-59,1,Superior Univ.
2024,7,2645302,1,127,1,1,20240726453021012712,1,2,2,1,2, ,2,38.0,2,9.0,9.0,1985.0,1,,, , , , , , , , , , , , ,2, ,4417.0,6910.0,3,5,1, ,1,20.0,0.0,8.0,8.0,8.0,8.0,8.0,0.0,40.0,,40.0,1,,2, ,2,2,4,1800.0,,, ,, ,, , , , , , , , ,1,1,1,1,2, ,2, ,2, ,2, ,2, ,2, ,2, ,1,1,2, ,2, ,2, ,11,6, ,2,2,2,2,2,2,10,7,1,1800.0, ,,,,,,,40,1800.0,1800.0,1840.0,1,,2024_JulAgoSet,,,1740.16847524197,,,25-39,1,Superior Univ.
2024,7,2645302,1,127,1,1,20240726453021012713,1,3,11,1,2, ,1,19.0,3,12.0,10.0,2004.0,2,2.0,2.0,2,2,2,2,2,2,2,2,2,2,2,2,3,2,,, , , , , ,,,,,,,,,,,, ,, , , , , ,,,, ,, ,, ,2,4,1,2,5, , ,1,1,1,4,2, ,2, ,2, ,2, ,2, ,2, ,2, ,2, ,2, ,2, ,2, ,10,1, ,2,2,2,2,2,2,10,7,4,, ,,,,,,, ,,,,1,,2024_JulAgoSet,,,1585.67071141436,,,15-24,1,Superior Univ.
2024,7,22640,1,86,1,1,202407226401008611,1,1,1,1,2, ,1,27.0,1,14.0,9.0,1996.0,1,,, , , , , , , , , , , , ,1, ,3129.0,1313.0,3,5,1, ,2,30.0,0.0,9.0,8.0,9.0,8.0,8.0,6.0,48.0,,48.0,1,,1,1,1,2,3,2000.0,,, ,, ,, , , , , , , , ,1,1,1,1,2, ,2, ,2, ,2, ,2, ,2, ,2, ,1,1,2, ,2, ,2, ,11,5, ,2,2,2,2,2,2,10,7,1,4000.0, ,,,,,,,501,4000.0,4000.0,4501.0,1,,2024_JulAgoSet,,,1079.88245161325,,,25-39,1,Superior Univ.
2024,7,22640,1,86,1,1,202407226401008612,1,2,7,1,2, ,1,23.0,2,25.0,5.0,2001.0,1,,, , , , , , , , , , , , ,2, ,8154.0,1313.0,3,5,1, ,2,30.0,0.0,9.0,9.0,8.0,8.0,8.0,8.0,50.0,,50.0,2,48.0,1,1,1,1,2,300.0,,, ,, ,, , , , , , , , ,1,1,1,1,2, ,2, ,2, ,2, ,2, ,2, ,2, ,1,1,2, ,2, ,2, ,6,5, ,2,2,2,2,2,2,10,7,1,1299.0, ,,,,,,,150,1299.0,1299.0,1449.0,1,,2024_JulAgoSet,,,979.079022919983,,,15-24,1,Secundaria
2024,7,22640,1,86,1,1,202407226401008613,1,3,8,1,2, ,1,23.0,3,4.0,11.0,2000.0,1,,, , , , , , , , , , , , ,3, ,4321.0,1313.0,3,5,1, ,2,30.0,0.0,8.0,8.0,8.0,8.0,8.0,8.0,48.0,,48.0,1,,1,1,1,2,2,400.0,,, ,, ,, , , , , , , , ,1,1,1,1,2, ,2, ,2, ,2, ,2, ,2, ,2, ,1,1,2, ,2, ,2, ,8,2, ,2,2,2,2,2,2,10,7,1,1732.0, ,,,,,,,201,1732.0,1732.0,1933.0,1,,2024_JulAgoSet,,,979.079022919983,,,15-24,1,Superior No Univ.
2024,7,22640,1,87,1,1,202407226401008711,1,1,1,1,2, ,1,31.0,1,17.0,2.0,1993.0,1,,, , , , , , , , , , , , ,1, ,3322.0,4773.0,3,5,1, ,4,300.0,0.0,8.0,8.0,8.0,8.0,8.0,6.0,46.0,,46.0,1,,1,1,1,2,4,1025.0,,, ,, ,, , , , , , , , ,1,1,1,1,2, ,2, ,2, ,2, ,2, ,2, ,2, ,1,1,2, ,2, ,2, ,11,5, ,2,2,2,2,2,2,10,7,1,1025.0, ,,,,,,,255,1025.0,1025.0,1280.0,1,,2024_JulAgoSet,,,1079.88245161325,,,25-39,1,Superior Univ.
2024,7,22640,1,87,1,1,202407226401008712,1,2,2,1,2, ,2,33.0,2,8.0,10.0,1990.0,1,,, , , , , , , , , , , , ,2, ,4132.0,8010.0,3,4,1, ,5,2000.0,0.0,8.0,8.0,8.0,8.0,8.0,8.0,48.0,,48.0,1,,2, ,2,2,4,1800.0,27.0,, ,, ,, , , , , , , , ,1,1,1,1,2, ,2, ,2, ,2, ,2, ,2, ,2, ,1,1,2, ,2, ,2, ,9,3, ,2,2,2,2,2,2,10,7,1,1800.0,230,,,,,,,558,2030.0,2030.0,2588.0,1,,2024_JulAgoSet,,,1074.47431436529,,,25-39,1,Superior No Univ.
2024,7,22640,1,87,1,1,202407226401008713,1,3,11,1,2, ,2,23.0,3,10.0,12.0,2000.0,2,2.0,2.0,2,2,2,2,2,2,2,2,2,2,2,2,3,2,,, , , , , ,,,,,,,,,,,, ,, , , , , ,,,, ,, ,, ,2,5,1,1,7, , ,1,5,2, ,2, ,2, ,2, ,1,5,2, ,2, ,2, ,2, ,2, ,2, ,2, ,9,3, ,1,2,2,2,2,2,10,7,3,, ,,,,,,, ,,,,1,,2024_JulAgoSet,,,1049.25052417538,,,15-24,1,Superior No Univ.
2024,7,49720,1,92,1,1,202407497201009211,1,1,1,1,2, ,2,50.0,1,13.0,5.0,1974.0,1,,, , , , , , , , , , , , ,1, ,9112.0,7830.0,3,4,1, ,4,200.0,0.0,8.0,8.0,8.0,8.0,8.0,6.0,46.0,,46.0,1,,2, ,2,2,4,1060.0,,, ,, ,, , , , , , , , ,1,1,1,1,2, ,2, ,2, ,2, ,2, ,2, ,2, ,1,1,2, ,2, ,2, ,5,3, ,2,2,2,2,2,2,10,7,1,1060.0, ,,,,,,,303,1060.0,1060.0,1363.0,1,,2024_JulAgoSet,,,1641.30751487739,,,40-59,1,Secundaria
2024,7,49720,1,92,1,1,202407497201009212,1,2,3,1,2, ,1,16.0,2,3.0,7.0,2007.0,2,2.0,2.0,2,2,2,2,2,2,2,2,2,2,2,2,2,2,,, , , , , ,,,,,,,,,,,, ,, , , , , ,,,, ,, ,, ,2,4,1,2,5, , ,1,1,1,4,2, ,2, ,2, ,2, ,2, ,2, ,2, ,2, ,2, ,2, ,2, ,5,4, ,2,2,2,2,2,2,10,7,4,, ,,,,,,, ,,,,1,,2024_JulAgoSet,,,1898.61794134283,,,15-24,1,Secundaria
2024,7,49720,1,92,1,1,202407497201009214,1,4,6,1,2, ,2,74.0,4,27.0,6.0,1949.0,2,2.0,2.0,2,2,2,2,2,2,2,2,2,2,2,2,4,2,,, , , , , ,,,,,,,,,,,, ,, , , , , ,,,, ,, ,, ,2,5,1,1,7, , ,1,5,2, ,2, ,2, ,2, ,1,5,2, ,2, ,2, ,2, ,2, ,2, ,2, ,5,4, ,2,2,2,2,2,2,10,7,3,, ,,,,,,, ,,,,1,,2024_JulAgoSet,,,1641.30751487739,,,60+,1,Secundaria
2024,7,49720,1,93,1,1,202407497201009311,1,1,1,1,2, ,1,34.0,1,2.0,8.0,1989.0,1,,, , , , , , , , , , , , ,1, ,9313.0,4100.0,3,5,3,2,1,3.0,0.0,0.0,0.0,0.0,0.0,0.0,6.0,6.0,,60.0,2,60.0,1,1,1,1,2,80.0,,, ,, ,, , , , , , , , ,1,5,2, ,2, ,2, ,2, ,1,5,2, ,2, ,2, ,2, ,2, ,2, ,2, ,6,5, ,2,2,2,2,2,2,10,5,1,346.0, ,,,,,,, ,346.0,346.0,346.0,1,,2024_JulAgoSet,,,2094.09470449022,,,25-39,1,Secundaria
2024,7,49720,1,93,1,1,202407497201009312,1,2,2,1,2, ,2,30.0,2,28.0,6.0,1993.0,2,2.0,2.0,2,2,2,2,2,2,2,2,2,2,2,2,2,2,,, , , , , ,,,,,,,,,,,, ,, , , , , ,,,, ,, ,, ,2,5,2,2,6, , ,1,5,2, ,2, ,2, ,2, ,1,5,2, ,2, ,2, ,2, ,2, ,2, ,2, ,6,5, ,2,2,2,2,2,2,10,1,4,, ,,,,,,, ,,,,1,,2024_JulAgoSet,,,2083.60731157518,,,25-39,1,Secundaria
2024,7,49720,1,96,1,1,202407497201009611,1,1,1,1,2, ,1,41.0,1,7.0,9.0,1982.0,1,,, , , , , , , , , , , , ,1, ,7111.0,4100.0,3,5,3,2,1,7.0,0.0,8.0,8.0,8.0,8.0,8.0,5.0,45.0,,45.0,1,,1,1,1,2,2,720.0,,, ,, ,, , , , , , , , ,1,5,2, ,2, ,2, ,2, ,1,5,2, ,2, ,2, ,1,5,2, ,2, ,2, ,4, ,6,2,2,2,2,2,2,10,5,1,3118.0, ,,,,,,, ,3118.0,3118.0,3118.0,1,,2024_JulAgoSet,,,2094.09470449022,,,40-59,1,Primaria
2024,7,49720,1,96,1,1,202407497201009612,1,2,2,1,2, ,2,35.0,2,22.0,3.0,1989.0,1,,, , , , , , , , , , , , ,2, ,5120.0,5629.0,2, ,3,2,1,1.0,0.0,2.0,2.0,2.0,0.0,0.0,0.0,6.0,,6.0,1,,1,2,2,2, ,,,, ,, ,, , , , , , , , ,1,5,2, ,2, ,2, ,2, ,1,5,2, ,2, ,2, ,2, ,2, ,2, ,2, ,3, ,2,2,2,2,2,2,2,10,9,1,, ,335.0,130.0,,,,, ,465.0,465.0,465.0,1,,2024_JulAgoSet,,,2083.60731157518,,,25-39,1,Primaria
2024,7,18605,1,31,1,1,202407186051003111,1,1,1,1,2, ,2,65.0,1,24.0,2.0,1959.0,2,2.0,2.0,2,2,2,2,2,2,2,2,2,2,2,2,1,2,,, , , , , ,,,,,,,,,,,, ,, , , , , ,,,, ,, ,, ,2,5,2,2,6, , ,1,5,2, ,2, ,2, ,2, ,1,5,2, ,2, ,2, ,2, ,2, ,2, ,2, ,5,3, ,2,2,2,2,2,2,1,1,4,, ,,,,,,, ,,,,1,,2024_JulAgoSet,,,704.691917862782,,,60+,1,Secundaria
2024,7,18605,1,31,1,1,202407186051003112,1,2,2,1,2, ,1,74.0,2,3.0,8.0,1949.0,2,2.0,2.0,2,2,2,2,2,2,2,2,2,2,2,2,2,2,,, , , , , ,,,,,,,,,,,, ,, , , , , ,,,, ,, ,, ,2,7,2,2,7, , ,1,1,1,3,2, ,2, ,2, ,2, ,2, ,2, ,2, ,2, ,1,3,2, ,2, ,4,5, ,2,2,2,2,2,2,1,1,4,, ,,,,,,, ,,,,1,,2024_JulAgoSet,,,802.772624493094,,,60+,1,Primaria
2024,7,18605,1,31,1,1,202407186051003113,1,3,3,1,2, ,2,32.0,3,22.0,6.0,1992.0,1,,, , , , , , , , , , , , ,3, ,9535.0,4799.0,2, ,3,2,1,1.0,3.0,3.0,2.0,2.0,2.0,2.0,2.0,16.0,14.0,30.0,1,,2, ,2,2, ,,,, ,, ,30.0, , , , , , , , ,1,5,2, ,2, ,2, ,2, ,1,5,2, ,2, ,2, ,2, ,2, ,2, ,2, ,6,5, ,2,2,2,2,2,2,10,7,1,, ,250.0,,,30.0,,, ,280.0,250.0,280.0,1,,2024_JulAgoSet,,,894.592402190102,,,25-39,1,Secundaria
2024,7,18605,1,32,1,1,202407186051003211,1,1,1,1,2, ,2,56.0,3,26.0,11.0,1967.0,1,,, , , , , , , , , , , , ,1, ,5120.0,5610.0,3,5,1, ,1,5.0,8.0,8.0,8.0,0.0,8.0,8.0,8.0,48.0,,48.0,1,,2, ,2,2,4,950.0,15.0,, ,, ,, , , , , , , , ,1,1,1,3,2, ,2, ,2, ,2, ,2, ,2, ,2, ,1,3,2, ,2, ,2, ,9,3, ,2,2,2,2,2,2,10,7,1,950.0,450,,,,,,, ,1400.0,1400.0,1400.0,1,,2024_JulAgoSet,,,704.691917862782,,,40-59,1,Superior No Univ.
2024,7,18605,1,32,1,1,202407186051003212,1,2,2,1,2, ,1,75.0,2,24.0,6.0,1949.0,2,2.0,2.0,2,2,2,2,2,2,2,2,2,2,2,2,2,2,,, , , , , ,,,,,,,,,,,, ,, , , , , ,,,, ,, ,, ,1,5,1,2,13,5,1,1,1,1,4,2, ,2, ,2, ,2, ,2, ,2, ,2, ,2, ,2, ,2, ,2, ,3,2, ,2,2,2,1,2,2,10,7,2,, ,,,,,,, ,,,,1,,2024_JulAgoSet,,,802.772624493094,,,60+,1,Primaria
2024,7,18605,1,32,1,1,202407186051003213,1,3,3,1,2, ,2,34.0,3,29.0,12.0,1989.0,1,,, , , , , , , , , , , , ,3, ,5414.0,8010.0,3,4,1, ,4,200.0,12.0,12.0,12.0,0.0,12.0,12.0,12.0,72.0,,72.0,1,,2, ,2,2,4,2200.0,,, ,, ,, , , , , , , , ,1,1,1,1,2, ,2, ,2, ,2, ,2, ,2, ,2, ,2, ,1,1,2, ,2, ,10,1, ,2,2,2,2,2,2,10,7,1,2200.0, ,,,,,,, ,2200.0,2200.0,2200.0,1,,2024_JulAgoSet,,,894.592402190102,,,25-39,1,Superior Univ.
2024,7,18605,1,36,1,1,202407186051003611,1,1,1,1,2, ,2,33.0,1,13.0,6.0,1991.0,2,2.0,2.0,2,2,2,2,2,2,2,2,2,2,2,2,1,2,,, , , , , ,,,,,,,,,,,, ,, , , , , ,,,, ,, ,, ,2,5,1,2,6, , ,1,5,2, ,2, ,2, ,2, ,1,5,2, ,2, ,2, ,2, ,2, ,2, ,2, ,6,5, ,2,2,2,2,2,2,10,7,4,, ,,,,,,, ,,,,1,,2024_JulAgoSet,,,894.592402190102,,,25-39,1,Secundaria
2024,7,18605,1,40,1,1,202407186051004011,1,1,1,1,2, ,1,74.0,1,18.0,3.0,1950.0,2,2.0,2.0,2,2,2,2,2,2,2,2,2,2,2,2,1,2,,, , , , , ,,,,,,,,,,,, ,, , , , , ,,,, ,, ,, ,2,6,1,2,6, , ,1,1,1,3,2, ,2, ,2, ,2, ,2, ,2, ,2, ,2, ,2, ,1,3,2, ,6,5, ,2,2,2,2,2,2,10,7,4,, ,,,,,,, ,,,,1,,2024_JulAgoSet,,,802.772624493094,,,60+,1,Secundaria
2024,7,18605,1,40,1,1,202407186051004012,1,2,2,1,2, ,2,70.0,2,26.0,5.0,1954.0,2,2.0,2.0,2,2,2,2,2,2,2,2,2,2,2,2,2,2,,, , , , , ,,,,,,,,,,,, ,, , , , , ,,,, ,, ,, ,2,7,2,2,7, , ,2,1,1,4,2, ,2, ,2, ,2, ,2, ,2, ,2, ,2, ,2, ,2, ,2, ,6,5, ,2,2,2,2,2,2,10,7,4,, ,,,,,,, ,,,,1,,2024_JulAgoSet,,,704.691917862782,,,60+,1,Secundaria
2024,7,18605,1,40,1,1,202407186051004013,1,3,5,2, ,1,2,17.0,3,16.0,1.0,2007.0,2,2.0,2.0,2,2,2,2,2,2,2,2,2,2,2,2,3,2,,, , , , , ,,,,,,,,,,,, ,, , , , , ,,,, ,, ,, ,2,5,2,2,11, , ,2,5,2, ,2, ,2, ,2, ,1,5,2, ,2, ,2, ,2, ,2, ,2, ,2, ,5,4, ,2,2,2,2,2,2,10,7,4,, ,,,,,,, ,,,,1,,2024_JulAgoSet,,,873.591424543043,,,15-24,1,Secundaria
2024,7,26895,1,27,1,1,202407268951002711,1,1,1,1,2, ,1,74.0,1,23.0,1.0,1950.0,2,2.0,2.0,2,2,2,2,2,2,2,2,2,2,2,2,1,2,,, , , , , ,,,,,,,,,,,, ,, , , , , ,,,, ,, ,, ,2,6,1,1,3, , ,1,1,1,3,2, ,2, ,2, ,2, ,2, ,2, ,2, ,1,3,2, ,2, ,2, ,11,6, ,2,2,2,2,2,2,10,7,4,, ,,,,,,, ,,,,1,,2024_JulAgoSet,,,869.359856006233,,,60+,1,Superior Univ.
2024,7,26895,1,27,1,1,202407268951002712,1,2,2,1,2, ,2,60.0,2,7.0,6.0,1964.0,1,,, , , , , , , , , , , , ,2, ,2611.0,6910.0,2, ,2,2,1,1.0,0.0,8.0,8.0,8.0,8.0,8.0,0.0,40.0,,40.0,1,,2, ,2,2, ,,,, ,, ,, , , , , , , , ,1,3,1,4,1,2,2, ,2, ,2, ,2, ,2, ,2, ,1,5,2, ,2, ,2, ,12,2, ,2,2,2,2,2,2,10,7,1,, ,5000.0,,,,,, ,5000.0,5000.0,5000.0,1,,2024_JulAgoSet,,,763.143691688274,,,60+,1,Postgrado
2024,7,26895,1,29,1,1,202407268951002911,1,1,1,1,2, ,1,79.0,1,10.0,4.0,1945.0,1,,, , , , , , , , , , , , ,1, ,3314.0,5610.0,3,5,1, ,1,3.0,0.0,8.0,8.0,8.0,8.0,8.0,8.0,48.0,,48.0,1,,1,2,2,2,4,3500.0,,, ,, ,, , , , , , , , ,1,3,1,4,1,2,2, ,2, ,2, ,2, ,2, ,2, ,2, ,2, ,2, ,2, ,10,4, ,2,2,2,2,2,2,10,7,1,3500.0, ,,,,,,, ,3500.0,3500.0,3500.0,1,,2024_JulAgoSet,,,869.359856006233,,,60+,1,Superior Univ.
2024,7,26895,1,29,1,1,202407268951002912,1,2,2,1,2, ,2,68.0,2,27.0,5.0,1956.0,2,2.0,2.0,2,2,2,2,2,2,2,2,2,2,2,2,2,2,,, , , , , ,,,,,,,,,,,, ,, , , , , ,,,, ,, ,, ,2,6,2,2,4, , ,1,3,1,3,1,4,2, ,2, ,2, ,2, ,2, ,2, ,1,3,2, ,2, ,2, ,9,3, ,2,2,2,2,2,2,10,7,4,, ,,,,,,, ,,,,1,,2024_JulAgoSet,,,763.143691688274,,,60+,1,Superior No Univ.
2024,7,26895,1,29,1,1,202407268951002913,1,3,3,1,2, ,2,37.0,3,15.0,1.0,1987.0,1,,, , , , , , , , , , , , ,3, ,2421.0,6110.0,3,5,1, ,5,3000.0,0.0,9.0,9.0,9.0,9.0,5.0,0.0,41.0,,41.0,1,,2, ,2,2,4,8000.0,,, ,, ,, , , , , , , , ,1,3,1,1,2, ,1,1,2, ,2, ,2, ,2, ,2, ,1,1,2, ,2, ,2, ,11,5, ,2,2,2,2,2,2,10,7,1,8000.0, ,,,,,,,3001,8000.0,8000.0,11001.0,1,,2024_JulAgoSet,,,968.795768843445,,,25-39,1,Superior Univ.
2024,7,47914,1,83,1,1,202407479141008311,1,1,1,1,2, ,1,44.0,1,12.0,1.0,1980.0,1,,, , , , , , , , , , , , ,1, ,8321.0,4922.0,2, ,3,2,1,1.0,7.0,11.0,11.0,11.0,11.0,11.0,12.0,74.0,,74.0,1,,2, ,2,1, ,,,, ,, ,, , , , , , , , ,1,6,2, ,2, ,2, ,2, ,2, ,2, ,2, ,2, ,2, ,1,5,2, ,2, ,5,4, ,2,2,2,2,2,2,10,6,1,, ,1500.0,,,,,, ,1500.0,1500.0,1500.0,1,,2024_JulAgoSet,,,900.587941786755,,,40-59,0,Secundaria
2024,7,47914,1,83,1,1,202407479141008312,1,2,2,1,2, ,2,46.0,2,29.0,9.0,1977.0,1,,, , , , , , , , , , , , ,2, ,9111.0,9700.0,6, , , ,1,1.0,0.0,9.0,9.0,9.0,9.0,9.0,6.0,51.0,,51.0,1,,1,2,2,2,4,1050.0,15.0,, ,, ,, , , , , , , , ,1,6,2, ,2, ,2, ,2, ,2, ,2, ,2, ,2, ,2, ,2, ,2, ,2, ,6,5, ,2,2,2,2,2,2,10,1,1,1050.0,450,,,,,,, ,1500.0,1500.0,1500.0,1,,2024_JulAgoSet,,,705.861942868719,,,40-59,0,Secundaria
2024,7,47914,1,83,1,1,202407479141008313,1,3,3,1,2, ,1,18.0,3,6.0,4.0,2006.0,2,2.0,2.0,2,2,2,2,2,2,2,2,2,2,2,2,3,2,,, , , , , ,,,,,,,,,,,, ,, , , , , ,,,, ,, ,, ,1,8,1,2,13,5,1,2,5,2, ,2, ,2, ,2, ,1,5,2, ,2, ,2, ,2, ,2, ,2, ,2, ,6,5, ,2,2,2,2,2,2,10,7,2,, ,,,,,,, ,,,,1,,2024_JulAgoSet,,,816.521058177066,,,15-24,1,Secundaria
2024,7,47914,1,84,1,1,202407479141008411,1,1,1,1,2, ,1,39.0,2,1.0,6.0,1985.0,1,,, , , , , , , , , , , , ,1, ,7352.0,1410.0,2, ,2,2,1,1.0,6.0,9.0,9.0,9.0,9.0,9.0,9.0,60.0,,60.0,1,,1,2,2,1, ,,,, ,, ,, , , , , , , , ,1,5,2, ,2, ,2, ,2, ,1,5,2, ,2, ,2, ,2, ,2, ,2, ,2, ,9,3, ,2,2,2,2,2,2,1,1,1,, ,1150.0,,,,,, ,1150.0,1150.0,1150.0,1,,2024_JulAgoSet,,,900.587941786755,,,25-39,1,Superior No Univ.
2024,7,47914,1,84,1,1,202407479141008412,1,2,2,1,2, ,2,35.0,2,5.0,2.0,1989.0,2,2.0,2.0,2,2,2,2,2,2,2,2,2,2,2,2,2,2,,, , , , , ,,,,,,,,,,,, ,, , , , , ,,,, ,, ,, ,2,5,1,2,6, , ,1,5,2, ,2, ,2, ,2, ,1,5,2, ,2, ,2, ,2, ,2, ,2, ,2, ,6,5, ,2,2,2,2,2,2,10,1,4,, ,,,,,,, ,,,,1,,2024_JulAgoSet,,,896.077725711136,,,25-39,1,Secundaria
2024,7,47914,1,89,1,1,202407479141008911,1,1,1,1,2, ,2,57.0,1,4.0,12.0,1966.0,2,2.0,2.0,2,2,2,2,2,2,2,2,2,2,2,2,1,2,,, , , , , ,,,,,,,,,,,, ,, , , , , ,,,, ,, ,, ,2,5,1,2,7, , ,1,4,2, ,2, ,2, ,1,4,2, ,2, ,2, ,2, ,2, ,2, ,2, ,2, ,4,5, ,2,2,2,2,2,2,1,1,4,, ,,,,,,, ,,,,1,,2024_JulAgoSet,,,705.861942868719,,,40-59,1,Primaria
2024,7,47914,1,89,1,1,202407479141008912,1,2,3,1,2, ,1,23.0,2,18.0,4.0,2001.0,1,,, , , , , , , , , , , , ,2, ,220.0,8423.0,3,1, , ,5,1000.0,0.0,8.0,16.0,8.0,16.0,8.0,16.0,72.0,,72.0,1,,2, ,2,2,4,3100.0,15.0,, ,, ,, , , , , , , , ,1,4,2, ,2, ,2, ,1,1,2, ,2, ,2, ,2, ,2, ,2, ,2, ,1,1,6,5, ,2,2,2,2,2,2,10,7,1,3100.0,450,,,,,,,92,3550.0,3550.0,3642.0,1,,2024_JulAgoSet,,,816.521058177066,,,15-24,1,Secundaria
2024,7,1794302,1,51,1,1,20240417943021005111,1,1,1,1,2, ,1,45.0,1,26.0,10.0,1978.0,1,,, , , , , , , , , , , , ,1, ,7127.0,4322.0,2, ,3,2,1,1.0,0.0,0.0,0.0,5.0,5.0,5.0,5.0,20.0,,20.0,1,,1,1,1,1, ,,,, ,, ,, , , , , , , , ,1,5,2, ,2, ,2, ,2, ,1,5,2, ,2, ,2, ,2, ,2, ,2, ,2, ,6,5, ,2,2,2,2,2,2,10,7,1,, ,1100.0,,,,,, ,1100.0,1100.0,1100.0,1,,2024_JulAgoSet,,,389.184090271886,,,40-59,1,Secundaria
2024,7,1794302,1,51,1,1,20240417943021005112,1,2,2,1,2, ,2,44.0,2,22.0,12.0,1979.0,1,,, , , , , , , , , , , , ,2, ,9533.0,4799.0,2, ,3,2,1,1.0,2.0,2.0,2.0,2.0,2.0,2.0,2.0,14.0,,14.0,1,,2, ,2,2, ,,,, ,, ,, , , , , , , , ,1,5,2, ,2, ,2, ,2, ,1,5,2, ,2, ,2, ,2, ,2, ,2, ,2, ,6,5, ,2,2,2,2,2,2,10,7,1,, ,100.0,,,,,, ,100.0,100.0,100.0,1,,2024_JulAgoSet,,,433.698309568466,,,40-59,1,Secundaria
2024,7,1794302,1,52,1,1,20240417943021005211,1,1,1,1,2, ,1,70.0,1,15.0,10.0,1953.0,1,,, , , , , , , , , , , , ,1, ,7128.0,4330.0,3,5,3,2,1,3.0,0.0,0.0,6.0,6.0,0.0,0.0,0.0,12.0,,12.0,1,,1,1,1,1,2,80.0,,, ,, ,, , , , , , , , ,1,1,1,2,2, ,2, ,2, ,2, ,2, ,2, ,2, ,2, ,2, ,2, ,2, ,6,5, ,2,2,2,2,2,2,10,7,1,346.0, ,,,,,,, ,346.0,346.0,346.0,1,,2024_JulAgoSet,,,389.184090271886,,,60+,1,Secundaria
2024,7,1794302,1,53,1,1,20240417943021005311,1,1,1,1,2, ,2,38.0,1,15.0,11.0,1985.0,2,2.0,2.0,2,2,2,2,2,2,2,2,2,2,2,2,1,2,,, , , , , ,,,,,,,,,,,, ,, , , , , ,,,, ,, ,, ,2,5,1,1,6, , ,1,5,2, ,2, ,2, ,2, ,1,5,2, ,2, ,2, ,2, ,2, ,2, ,2, ,5,3, ,2,2,2,2,2,2,10,7,4,, ,,,,,,, ,,,,1,,2024_JulAgoSet,,,433.698309568466,,,25-39,1,Secundaria
2024,7,1794302,1,53,1,1,20240417943021005312,1,2,2,1,2, ,1,32.0,2,6.0,4.0,1992.0,2,2.0,2.0,2,2,2,2,2,2,2,2,2,2,2,2,2,2,,, , , , , ,,,,,,,,,,,, ,, , , , , ,,,, ,, ,, ,1,5,1,1,13,4,1,1,1,1,5,2, ,2, ,2, ,2, ,2, ,2, ,2, ,1,5,2, ,2, ,2, ,10,3, ,2,2,2,2,2,2,10,7,2,, ,,,,,,, ,,,,1,,2024_JulAgoSet,,,435.881237490519,,,25-39,1,Superior Univ.
2024,7,1794302,1,54,1,1,20240417943021005411,1,1,1,1,2, ,1,22.0,1,27.0,1.0,2002.0,1,,, , , , , , , , , , , , ,1, ,5230.0,5610.0,3,5,2,1,1,8.0,8.0,8.0,8.0,8.0,8.0,8.0,8.0,56.0,,56.0,1,,2, ,2,2,4,1800.0,12.0,, ,, ,, , , , , , , , ,1,5,2, ,2, ,2, ,2, ,1,5,2, ,2, ,2, ,2, ,2, ,2, ,2, ,10,2, ,2,2,2,2,2,2,10,7,1,1800.0,360,,,,,,, ,2160.0,2160.0,2160.0,1,,2024_JulAgoSet,,,395.19317632565,,,15-24,1,Superior Univ.
2024,7,18306,1,81,1,1,202304183061008111,1,1,1,1,2, ,2,37.0,1,27.0,4.0,1987.0,1,,, , , , , , , , , , , , ,1, ,9533.0,4789.0,2, ,3,2,1,1.0,0.0,3.0,3.0,3.0,3.0,3.0,3.0,18.0,,18.0,1,,1,1,1,1, ,,,, ,, ,, , , , , , , , ,1,1,1,4,2, ,2, ,2, ,2, ,2, ,2, ,2, ,2, ,1,5,2, ,2, ,10,3, ,2,2,2,2,2,2,10,7,1,, ,411.0,,,,,, ,411.0,411.0,411.0,1,,2024_JulAgoSet,,,514.646278138926,,,25-39,1,Superior Univ.
2024,7,18306,1,82,1,1,202304183061008211,1,1,1,1,2, ,1,57.0,1,13.0,11.0,1966.0,1,,, , , , , , , , , , , , ,1, ,7126.0,2511.0,3,5,3,2,1,3.0,0.0,8.0,0.0,8.0,0.0,0.0,0.0,16.0,,16.0,1,,1,1,1,1,2,80.0,24.0,, ,, ,, , , , , , , , ,1,1,1,5,2, ,2, ,2, ,2, ,2, ,2, ,2, ,1,5,2, ,2, ,2, ,6,5, ,2,2,2,2,2,2,10,7,1,346.0,104,,,,,,, ,450.0,450.0,450.0,1,,2024_JulAgoSet,,,461.823666706477,,,40-59,1,Secundaria
2024,7,18306,1,82,1,1,202304183061008212,1,2,2,1,2, ,2,59.0,2,22.0,9.0,1964.0,2,2.0,2.0,2,2,2,2,2,2,2,2,2,2,2,2,2,2,,, , , , , ,,,,,,,,,,,, ,, , , , , ,,,, ,, ,, ,2,5,2,2,6, , ,1,1,1,4,2, ,2, ,2, ,2, ,2, ,2, ,2, ,2, ,1,5,2, ,2, ,6,5, ,2,2,2,2,2,2,10,7,4,, ,,,,,,, ,,,,1,,2024_JulAgoSet,,,405.399231957254,,,40-59,1,Secundaria
2024,7,18306,1,82,1,1,202304183061008213,1,3,3,1,2, ,1,32.0,4,1.0,1.0,1992.0,1,,, , , , , , , , , , , , ,3, ,9333.0,5224.0,2, ,3,2,1,1.0,0.0,8.0,8.0,8.0,8.0,8.0,0.0,40.0,,40.0,1,,1,1,1,1, ,,,, ,, ,, , , , , , , , ,1,5,2, ,2, ,2, ,2, ,1,5,2, ,2, ,2, ,2, ,1,5,2, ,2, ,6,5, ,2,2,2,2,2,2,10,7,1,, ,1516.0,,,,,, ,1516.0,1516.0,1516.0,1,,2024_JulAgoSet,,,517.236640392466,,,25-39,1,Secundaria
2024,7,18306,1,82,1,1,202304183061008214,1,4,3,1,2, ,2,35.0,4,20.0,2.0,1989.0,1,,, , , , , , , , , , , , ,4, ,5230.0,4220.0,3,5,1, ,3,60.0,0.0,8.0,8.0,8.0,8.0,8.0,5.0,45.0,,45.0,1,,2, ,2,1,4,2500.0,,, ,, ,, , , , , , , , ,1,3,1,1,2, ,1,1,2, ,2, ,2, ,2, ,2, ,1,1,2, ,2, ,2, ,11,5, ,2,2,2,2,2,2,10,7,1,2500.0, ,,,,,,,624,2500.0,2500.0,3124.0,1,,2024_JulAgoSet,,,514.646278138926,,,25-39,1,Superior Univ.
2024,7,18306,1,83,1,1,202304183061008311,1,1,1,1,2, ,1,39.0,1,15.0,1.0,1985.0,1,,, , , , , , , , , , , , ,1, ,4415.0,8423.0,3,2, , ,5,9998.0,0.0,8.0,8.0,8.0,8.0,8.0,0.0,40.0,,40.0,1,,2, ,2,2,4,3700.0,,, ,, ,, , , , , , , , ,1,3,1,1,2, ,1,1,2, ,2, ,2, ,2, ,2, ,1,1,2, ,2, ,2, ,6,5, ,2,2,2,2,2,2,10,5,1,3700.0, ,,,,,,,974,3700.0,3700.0,4674.0,1,,2024_JulAgoSet,,,517.236640392466,,,25-39,1,Secundaria
2024,7,18306,1,83,1,1,202304183061008312,1,2,2,1,2, ,2,34.0,2,17.0,3.0,1990.0,1,,, , , , , , , , , , , , ,2, ,5244.0,4661.0,3,5,1, ,5,2500.0,8.0,8.0,8.0,8.0,8.0,0.0,8.0,48.0,,48.0,1,,2, ,2,2,4,1025.0,,, ,, ,, , , , , , , , ,1,3,1,1,2, ,1,1,2, ,2, ,2, ,2, ,2, ,1,1,2, ,2, ,2, ,6,5, ,2,2,2,2,2,2,10,7,1,1025.0, ,,,,,,,1505,1025.0,1025.0,2530.0,1,,2024_JulAgoSet,,,514.646278138926,,,25-39,1,Secundaria
2024,7,18306,1,83,1,1,202304183061008313,1,3,3,1,2, ,2,17.0,3,6.0,3.0,2007.0,2,2.0,2.0,2,2,2,2,2,2,2,2,2,2,2,2,3,2,,, , , , , ,,,,,,,,,,,, ,, , , , , ,,,, ,, ,, ,2,8,2,2,11, , ,1,1,1,4,2, ,2, ,2, ,2, ,2, ,2, ,2, ,2, ,2, ,2, ,2, ,6,5, ,2,2,2,2,2,2,10,7,4,, ,,,,,,, ,,,,1,,2024_JulAgoSet,,,502.564714561057,,,15-24,1,Secundaria
2024,7,18344,1,44,1,1,202304183441004411,1,1,1,1,2, ,2,64.0,2,3.0,11.0,1959.0,1,,, , , , , , , , , , , , ,1, ,9533.0,4789.0,2, ,3,2,1,1.0,5.0,5.0,5.0,5.0,5.0,5.0,0.0,30.0,,30.0,1,,2, ,2,2, ,,,, ,, ,, , , , , , , , ,1,1,1,5,2, ,2, ,2, ,2, ,2, ,2, ,2, ,1,5,2, ,2, ,2, ,11,5, ,2,2,2,2,2,2,10,7,1,, ,350.0,,,,,, ,350.0,350.0,350.0,1,,2024_JulAgoSet,,,309.265467444441,,,60+,1,Superior Univ.
2024,7,18344,1,44,1,1,202304183441004412,1,2,3,1,2, ,1,29.0,2,16.0,6.0,1995.0,1,,, , , , , , , , , , , , ,2, ,2611.0,9499.0,3,5,1, ,4,150.0,0.0,8.0,8.0,8.0,8.0,8.0,4.0,44.0,,44.0,1,,1,1,1,2,4,3500.0,,, ,, ,, , , , , , , , ,1,1,1,1,2, ,2, ,2, ,2, ,2, ,2, ,2, ,1,1,2, ,2, ,2, ,11,6, ,2,2,2,2,2,2,10,7,1,3500.0, ,,,,,,, ,3500.0,3500.0,3500.0,1,,2024_JulAgoSet,,,394.582472685184,,,25-39,1,Superior Univ.
2024,7,18344,1,45,1,1,202304183441004512,1,1,1,1,2, ,2,55.0,1,16.0,10.0,1968.0,2,2.0,2.0,2,1,2,2,2,2,2,2,2,2,2,2,1, ,5142.0,8690.0,2, ,3,2,1,1.0,0.0,0.0,0.0,0.0,0.0,0.0,2.0,2.0,,2.0,1,,1,2,2,2, ,,,, ,, ,, , , , , , , , ,1,5,2, ,2, ,2, ,2, ,1,5,2, ,2, ,2, ,2, ,2, ,2, ,2, ,6,5, ,2,2,2,2,2,2,10,7,1,, ,80.0,,,,,, ,80.0,80.0,80.0,1,,2024_JulAgoSet,,,309.265467444441,,,40-59,1,Secundaria
2024,7,18344,1,45,1,1,202304183441004511,1,2,2,1,2, ,1,78.0,2,4.0,5.0,1946.0,2,2.0,2.0,2,2,2,2,2,2,2,2,2,2,2,2,2,2,,, , , , , ,,,,,,,,,,,, ,, , , , , ,,,, ,, ,, ,2,6,1,2,7, , ,1,1,1,3,2, ,2, ,2, ,2, ,2, ,2, ,2, ,2, ,1,3,2, ,2, ,6,5, ,1,2,2,2,2,2,10,7,4,, ,,,,,,, ,,,,1,,2024_JulAgoSet,,,352.309774913298,,,60+,1,Secundaria
2024,7,18344,1,45,1,1,202304183441004513,1,3,11,1,2, ,1,76.0,3,14.0,9.0,1947.0,1,,, , , , , , , , , , , , ,3, ,9122.0,4520.0,2, ,3,2,1,1.0,8.0,8.0,8.0,8.0,8.0,8.0,8.0,56.0,12.0,68.0,1,,1,1,1,1, ,,,, ,, ,100.0, , , , , , , , ,1,5,2, ,2, ,2, ,2, ,1,5,2, ,2, ,2, ,2, ,2, ,2, ,2, ,5,2, ,2,2,2,2,2,2,10,7,1,, ,2020.0,,,100.0,,, ,2120.0,2020.0,2120.0,1,,2024_JulAgoSet,,,352.309774913298,,,60+,1,Secundaria
2024,7,18344,1,47,1,1,202304183441004711,1,1,1,1,2, ,1,69.0,2,21.0,12.0,1954.0,1,,, , , , , , , , , , , , ,1, ,4110.0,5210.0,3,5,1, ,2,30.0,0.0,8.0,8.0,8.0,8.0,8.0,0.0,40.0,,40.0,1,,2, ,2,2,4,6000.0,700.0,, ,, ,, , , , , , , , ,1,1,1,1,2, ,2, ,2, ,2, ,2, ,2, ,2, ,1,1,2, ,2, ,2, ,11,5, ,2,2,2,2,2,2,10,7,1,6000.0,700,,,,,,,1917,6700.0,6700.0,8617.0,1,,2024_JulAgoSet,,,352.309774913298,,,60+,1,Superior Univ.
2024,7,18344,1,47,1,1,202404183441004712,1,2,2,1,2, ,2,66.0,2,15.0,7.0,1957.0,2,2.0,2.0,2,2,2,2,2,2,2,2,2,2,2,2,2,2,,, , , , , ,,,,,,,,,,,, ,, , , , , ,,,, ,, ,, ,2,5,2,2,6, , ,1,1,1,5,2, ,2, ,2, ,2, ,2, ,2, ,2, ,2, ,2, ,2, ,2, ,9,3, ,2,2,2,2,2,2,10,7,4,, ,,,,,,, ,,,,1,,2024_JulAgoSet,,,309.265467444441,,,60+,1,Superior No Univ.
2024,7,18357,1,81,1,1,202307183571008111,1,1,1,1,2, ,1,65.0,1,1.0,8.0,1958.0,2,2.0,2.0,2,2,2,2,2,2,2,2,2,2,2,2,1,2,,, , , , , ,,,,,,,,,,,, ,, , , , , ,,,, ,, ,, ,2,6,1,1,3, , ,1,4,2, ,2, ,2, ,1,3,2, ,2, ,2, ,2, ,2, ,2, ,2, ,1,3,6,5, ,2,2,2,2,2,2,10,7,4,, ,,,,,,, ,,,,1,,2024_JulAgoSet,,,371.450696687132,,,60+,1,Secundaria
2024,7,18357,1,81,1,1,202307183571008112,1,2,2,1,2, ,2,65.0,2,31.0,8.0,1958.0,2,2.0,2.0,2,2,2,2,2,2,2,2,2,2,2,2,2,2,,, , , , , ,,,,,,,,,,,, ,, , , , , ,,,, ,, ,, ,2,5,2,1,6, , ,1,4,2, ,2, ,2, ,1,4,2, ,2, ,2, ,2, ,2, ,2, ,2, ,2, ,6,5, ,2,2,2,2,2,2,10,7,4,, ,,,,,,, ,,,,1,,2024_JulAgoSet,,,326.067800337869,,,60+,1,Secundaria
2024,7,18357,1,81,1,1,202307183571008113,1,3,5,1,2, ,1,20.0,1,27.0,4.0,2004.0,1,,, , , , , , , , , , , , ,3, ,9629.0,7710.0,3,5,1, ,2,50.0,8.0,8.0,8.0,8.0,8.0,8.0,8.0,56.0,,56.0,2,48.0,2, ,2,2,4,1800.0,,, ,, ,, , , , , , , , ,1,1,1,1,2, ,2, ,2, ,2, ,2, ,2, ,2, ,1,1,2, ,2, ,2, ,6,5, ,2,2,2,2,2,2,10,6,1,1800.0, ,,,,,,, ,1800.0,1800.0,1800.0,1,,2024_JulAgoSet,,,377.185975330111,,,15-24,1,Secundaria
2024,7,18357,1,81,1,1,202307183571008114,1,4,5,1,2, ,2,15.0,4,8.0,11.0,2008.0,2,2.0,2.0,2,2,2,2,2,2,2,2,2,2,2,2,4,2,,, , , , , ,,,,,,,,,,,, ,, , , , , ,,,, ,, ,, ,2,4,2,2,3, , ,2,5,2, ,2, ,2, ,2, ,1,5,2, ,2, ,2, ,2, ,2, ,2, ,2, ,5,3, ,2,2,2,2,2,2,10,7,4,, ,,,,,,, ,,,,1,,2024_JulAgoSet,,,404.219243862878,,,15-24,1,Secundaria
2024,7,18357,1,83,1,1,202307183571008311,1,1,1,1,2, ,1,67.0,1,15.0,12.0,1956.0,1,,, , , , , , , , , , , , ,1, ,5212.0,4721.0,2, ,3,2,1,2.0,6.0,5.0,0.0,0.0,6.0,7.0,7.0,31.0,,41.0,2,41.0,2, ,2,2, ,,,, ,, ,, , , , , , , , ,1,1,1,3,2, ,2, ,2, ,2, ,2, ,2, ,2, ,2, ,1,3,2, ,2, ,9,3, ,2,2,2,2,2,2,10,7,1,, ,649.0,40.0,,,,, ,689.0,689.0,689.0,1,,2024_JulAgoSet,,,371.450696687132,,,60+,1,Superior No Univ.
2024,7,18357,1,83,1,1,202307183571008312,1,2,2,1,2, ,2,64.0,2,29.0,12.0,1959.0,2,2.0,2.0,2,2,2,2,2,2,2,2,2,2,2,2,2,2,,, , , , , ,,,,,,,,,,,, ,, , , , , ,,,, ,, ,, ,2,7,1,2,7, , ,1,1,1,4,2, ,2, ,2, ,2, ,2, ,2, ,2, ,2, ,2, ,2, ,2, ,5,4, ,2,2,2,2,2,2,10,7,4,, ,,,,,,, ,,,,1,,2024_JulAgoSet,,,326.067800337869,,,60+,1,Secundaria
2024,7,18357,1,83,1,1,202307183571008313,1,3,5,1,2, ,2,18.0,3,16.0,6.0,2006.0,2,2.0,2.0,2,2,2,2,2,2,2,2,2,2,2,2,3,2,,, , , , , ,,,,,,,,,,,, ,, , , , , ,,,, ,, ,, ,2,4,1,2,5, , ,1,5,2, ,2, ,2, ,2, ,1,5,2, ,2, ,2, ,2, ,2, ,2, ,2, ,5,4, ,2,2,2,2,2,2,10,7,4,, ,,,,,,, ,,,,1,,2024_JulAgoSet,,,404.219243862878,,,15-24,1,Secundaria
2024,7,18357,1,84,1,1,202307183571008411,1,1,1,1,2, ,1,47.0,1,9.0,10.0,1976.0,1,,, , , , , , , , , , , , ,1, ,7111.0,4100.0,3,5,1, ,3,100.0,0.0,8.0,8.0,8.0,8.0,8.0,8.0,48.0,,48.0,1,,2, ,2,2,2,630.0,120.0,, ,, ,, , , , , , , , ,1,1,1,1,2, ,2, ,2, ,2, ,2, ,2, ,2, ,1,1,2, ,2, ,2, ,8,1, ,2,2,2,2,2,2,10,7,1,2728.0,520,,,,,,, ,3248.0,3248.0,3248.0,1,,2024_JulAgoSet,,,371.450696687132,,,40-59,1,Superior No Univ.
2024,7,18357,1,84,1,1,202307183571008412,1,2,2,1,2, ,2,43.0,2,1.0,4.0,1981.0,2,2.0,2.0,2,2,2,2,2,2,2,2,2,2,2,2,2,2,,, , , , , ,,,,,,,,,,,, ,, , , , , ,,,, ,, ,, ,1,5,1,1,13,2,3,1,1,1,4,2, ,2, ,2, ,2, ,2, ,2, ,2, ,2, ,2, ,2, ,2, ,6,5, ,2,2,2,2,2,2,10,6,2,, ,,,,,,, ,,,,1,,2024_JulAgoSet,,,413.936600359728,,,40-59,1,Secundaria
2024,7,18357,1,84,1,1,202307183571008414,1,3,3,1,2, ,1,25.0,3,23.0,11.0,1998.0,1,,, , , , , , , , , , , , ,3, ,4417.0,8411.0,3,2, , ,5,600.0,0.0,8.0,8.0,8.0,8.0,8.0,0.0,40.0,4.0,44.0,1,,1,1,1,2,4,3000.0,,, ,, ,400.0, , , , , , , , ,1,5,2, ,2, ,2, ,2, ,1,5,2, ,2, ,2, ,1,5,2, ,2, ,2, ,11,5, ,2,2,2,2,2,2,10,7,1,3000.0, ,,,,400.0,,, ,3400.0,3000.0,3400.0,1,,2024_JulAgoSet,,,416.020061934167,,,25-39,1,Superior Univ.
2024,7,18357,1,84,1,1,202307183571008415,1,4,3,1,2, ,1,14.0,4,22.0,5.0,2010.0,2,2.0,2.0,2,2,2,2,2,2,2,2,2,2,2,2,4,2,,, , , , , ,,,,,,,,,,,, ,, , , , , ,,,, ,, ,, ,2,4,2,2,5, , ,2,5,2, ,2, ,2, ,2, ,1,5,2, ,2, ,2, ,2, ,2, ,2, ,2, ,5,1, ,2,2,2,2,2,2,10,9,4,, ,,,,,,, ,,,,1,,2024_JulAgoSet,,,377.185975330111,,,0-14,1,Secundaria
2024,7,18357,1,84,1,1,202307183571008413,1,5,6,1,2, ,2,73.0,1,13.0,10.0,1950.0,2,2.0,2.0,2,2,2,2,2,2,2,2,2,2,2,2,5,2,,, , , , , ,,,,,,,,,,,, ,, , , , , ,,,, ,, ,, ,2,6,2,2,6, , ,1,1,1,4,2, ,2, ,2, ,2, ,2, ,2, ,2, ,2, ,2, ,2, ,2, ,6,5, ,2,2,2,2,2,2,10,9,4,, ,,,,,,, ,,,,1,,2024_JulAgoSet,,,326.067800337869,,,60+,1,Secundaria
2024,7,18357,1,84,1,1,202307183571008416,1,6,11,1,2, ,1,23.0,6,3.0,1.0,2001.0,1,,, , , , , , , , , , , , ,6, ,7111.0,4100.0,3,5,3,2,1,5.0,0.0,0.0,0.0,0.0,8.0,8.0,8.0,24.0,,48.0,2,48.0,2, ,2,1,2,350.0,,, ,, ,, , , , , , , , ,1,5,2, ,2, ,2, ,2, ,1,5,2, ,2, ,2, ,1,5,2, ,2, ,2, ,6,5, ,2,2,2,2,2,2,10,7,1,1516.0, ,,,,,,, ,1516.0,1516.0,1516.0,1,,2024_JulAgoSet,,,377.185975330111,,,15-24,1,Secundaria
2024,7,47251,1,6,1,1,202307472511000611,1,1,1,1,2, ,1,43.0,1,3.0,12.0,1980.0,1,,, , , , , , , , , , , , ,1, ,8343.0,4923.0,3,5,1, ,1,15.0,6.0,8.0,8.0,8.0,8.0,8.0,8.0,54.0,,54.0,1,,1,1,1,1,2,420.0,,, ,, ,, , , , , , , , ,1,1,1,2,2, ,2, ,2, ,2, ,2, ,2, ,2, ,2, ,1,2,2, ,2, ,6,5, ,2,2,2,2,2,2,10,7,1,1819.0, ,,,,,,, ,1819.0,1819.0,1819.0,1,,2024_JulAgoSet,,,483.518725799456,,,40-59,1,Secundaria
2024,7,47251,1,6,1,1,202307472511000612,1,2,2,1,2, ,2,37.0,2,29.0,12.0,1986.0,2,2.0,2.0,2,2,2,2,2,2,2,2,2,2,2,2,2,2,,, , , , , ,,,,,,,,,,,, ,, , , , , ,,,, ,, ,, ,2,5,2,2,6, , ,1,1,1,4,2, ,2, ,2, ,2, ,2, ,2, ,2, ,2, ,2, ,2, ,2, ,8,1, ,2,2,2,2,2,2,10,7,4,, ,,,,,,, ,,,,1,,2024_JulAgoSet,,,481.097225545259,,,25-39,1,Superior No Univ.
2024,7,47251,1,7,1,1,202307472511000711,1,1,1,1,2, ,1,86.0,1,22.0,6.0,1938.0,2,2.0,2.0,2,2,2,2,2,2,2,2,2,2,2,2,1,2,,, , , , , ,,,,,,,,,,,, ,, , , , , ,,,, ,, ,, ,2,5,2,2,6, , ,1,5,2, ,2, ,2, ,2, ,1,5,2, ,2, ,2, ,2, ,2, ,2, ,2, ,11,5, ,2,2,2,2,2,2,1,1,4,, ,,,,,,, ,,,,1,,2024_JulAgoSet,,,431.718044376195,,,60+,1,Superior Univ.
2024,7,47251,1,7,1,1,202310472511000712,1,2,2,1,2, ,2,75.0,2,2.0,3.0,1949.0,2,2.0,2.0,2,2,2,2,2,2,2,2,2,2,2,2,2,2,,, , , , , ,,,,,,,,,,,, ,, , , , , ,,,, ,, ,, ,2,5,1,1,6, , ,1,5,2, ,2, ,2, ,2, ,1,5,2, ,2, ,2, ,2, ,2, ,2, ,2, ,6,5, ,2,2,2,2,2,2,1,7,4,, ,,,,,,, ,,,,1,,2024_JulAgoSet,,,378.971837585435,,,60+,1,Secundaria
2024,7,47251,1,8,1,1,202307472511000811,1,1,1,1,2, ,2,77.0,1,17.0,7.0,1946.0,2,2.0,2.0,2,2,2,2,2,2,2,2,2,2,2,2,1,2,,, , , , , ,,,,,,,,,,,, ,, , , , , ,,,, ,, ,, ,2,6,1,1,7, , ,1,1,1,3,2, ,2, ,2, ,2, ,2, ,2, ,2, ,2, ,1,3,2, ,2, ,6,5, ,1,2,2,2,2,2,10,7,3,, ,,,,,,, ,,,,1,,2024_JulAgoSet,,,378.971837585435,,,60+,1,Secundaria
2024,7,47251,1,8,1,1,202307472511000812,1,2,2,1,2, ,1,82.0,2,26.0,11.0,1941.0,2,2.0,2.0,2,2,2,2,2,2,2,2,2,2,2,2,2,2,,, , , , , ,,,,,,,,,,,, ,, , , , , ,,,, ,, ,, ,2,6,2,2,7, , ,1,1,1,3,2, ,2, ,2, ,2, ,2, ,2, ,2, ,2, ,1,3,2, ,2, ,4,5, ,2,2,2,2,2,2,10,7,4,, ,,,,,,, ,,,,1,,2024_JulAgoSet,,,431.718044376195,,,60+,1,Primaria
2024,7,47251,1,8,1,1,202307472511000813,1,3,3,1,2, ,1,41.0,3,18.0,12.0,1982.0,1,,, , , , , , , , , , , , ,3, ,9334.0,4921.0,2, ,3,2,1,1.0,0.0,10.0,10.0,0.0,0.0,0.0,10.0,30.0,,30.0,1,,1,1,1,2, ,,,, ,, ,, , , , , , , , ,1,5,2, ,2, ,2, ,2, ,1,5,2, ,2, ,2, ,2, ,2, ,2, ,2, ,3, ,3,2,2,2,2,1,2,10,9,1,, ,650.0,,,,,, ,650.0,650.0,650.0,1,,2024_JulAgoSet,,,483.518725799456,,,40-59,1,Primaria
2024,7,17910,1,92,1,1,202304179101009211,1,1,1,1,2, ,2,70.0,1,26.0,10.0,1953.0,2,2.0,2.0,2,2,2,2,2,2,2,2,2,2,2,2,1,2,,, , , , , ,,,,,,,,,,,, ,, , , , , ,,,, ,, ,, ,2,6,2,2,3, , ,1,1,1,4,2, ,2, ,2, ,2, ,2, ,2, ,2, ,2, ,2, ,2, ,2, ,6,5, ,2,2,2,2,2,2,10,7,4,, ,,,,,,, ,,,,1,,2024_JulAgoSet,,,501.383458305203,,,60+,1,Secundaria
2024,7,17910,1,92,1,1,202304179101009212,1,2,3,1,2, ,2,51.0,1,7.0,11.0,1972.0,1,,, , , , , , , , , , , , ,2, ,2255.0,8610.0,3,2, , ,5,9998.0,0.0,8.0,8.0,8.0,8.0,8.0,0.0,40.0,,40.0,1,,2, ,2,2,4,2500.0,15.0,, ,, ,, , , , , , , , ,1,1,1,1,2, ,2, ,2, ,2, ,2, ,2, ,2, ,1,1,2, ,2, ,2, ,11,5, ,2,2,2,2,2,2,10,7,1,2500.0,450,,,,,,,58,2950.0,2950.0,3008.0,1,,2024_JulAgoSet,,,501.383458305203,,,40-59,1,Superior Univ.
2024,7,17910,1,94,1,1,202304179101009411,1,1,1,1,2, ,1,72.0,1,24.0,6.0,1952.0,1,,, , , , , , , , , , , , ,1, ,2411.0,6920.0,2, ,3,2,1,1.0,0.0,2.0,2.0,2.0,2.0,2.0,0.0,10.0,,10.0,1,,2, ,2,2, ,,,, ,, ,, , , , , , , , ,1,1,1,3,2, ,2, ,2, ,2, ,2, ,2, ,2, ,1,3,2, ,2, ,2, ,11,5, ,2,2,2,2,2,2,10,7,1,, ,1500.0,,,,,, ,1500.0,1500.0,1500.0,1,,2024_JulAgoSet,,,571.167207255336,,,60+,1,Superior Univ.
2024,7,17910,1,94,1,1,202304179101009412,1,2,2,1,2, ,2,69.0,2,27.0,11.0,1954.0,2,2.0,2.0,2,2,2,2,2,2,2,2,2,2,2,2,2,2,,, , , , , ,,,,,,,,,,,, ,, , , , , ,,,, ,, ,, ,2,5,2,2,3, , ,1,1,1,4,2, ,2, ,2, ,2, ,2, ,2, ,2, ,2, ,2, ,2, ,2, ,6,5, ,2,2,2,2,2,2,10,7,4,, ,,,,,,, ,,,,1,,2024_JulAgoSet,,,501.383458305203,,,60+,1,Secundaria
2024,7,17910,1,94,1,1,202304179101009413,1,3,3,1,2, ,2,35.0,3,24.0,8.0,1988.0,1,,, , , , , , , , , , , , ,3, ,4321.0,4771.0,3,5,1, ,1,10.0,0.0,10.0,0.0,10.0,10.0,0.0,0.0,30.0,16.0,46.0,1,,1,1,1,2,2,280.0,,, ,, ,500.0, , , , , , , , ,1,5,2, ,2, ,2, ,2, ,1,5,2, ,2, ,2, ,1,5,2, ,2, ,2, ,9,3, ,2,2,2,2,2,2,10,7,1,1212.0, ,,,,500.0,,, ,1712.0,1212.0,1712.0,1,,2024_JulAgoSet,,,636.496348282189,,,25-39,1,Superior No Univ.
2024,7,17796,1,115,1,1,202307177961011511,1,1,1,1,2, ,1,65.0,1,19.0,9.0,1958.0,2,2.0,2.0,2,2,2,2,2,2,2,2,2,1,2,2,1, ,5223.0,4711.0,4, ,2,2,1,2.0,10.0,10.0,10.0,10.0,10.0,10.0,10.0,70.0,,70.0,1,,2, ,2, , ,,,, ,, ,, , , , , , , , ,1,5,2, ,2, ,2, ,2, ,1,5,2, ,2, ,2, ,2, ,2, ,2, ,2, ,6,5, ,2,2,2,2,2,2,10,7,1,, ,,,,,,, ,,,,1,,2024_JulAgoSet,,,433.671410605155,,,60+,1,Secundaria
2024,7,17796,1,115,1,1,202307177961011512,1,2,2,1,2, ,2,60.0,2,20.0,12.0,1963.0,1,,, , , , , , , , , , , , ,2, ,5212.0,4711.0,2, ,2,2,1,2.0,0.0,0.0,2.0,11.0,5.0,10.0,5.0,33.0,,70.0,2,70.0,1,1,1,2, ,,,, ,, ,, , , , , , , , ,1,5,2, ,2, ,2, ,2, ,1,5,2, ,2, ,2, ,2, ,2, ,2, ,2, ,6,5, ,2,2,2,2,2,2,10,7,1,, ,1502.0,260.0,,,,, ,1762.0,1762.0,1762.0,1,,2024_JulAgoSet,,,380.686546523154,,,60+,1,Secundaria
2024,7,17796,1,117,1,1,202307177961011711,1,1,1,1,2, ,1,83.0,1,21.0,12.0,1940.0,2,2.0,2.0,2,2,2,2,2,2,2,2,2,2,2,2,1,2,,, , , , , ,,,,,,,,,,,, ,, , , , , ,,,, ,, ,, ,2,5,1,2,7, , ,1,5,2, ,2, ,2, ,2, ,1,5,2, ,2, ,2, ,2, ,2, ,2, ,2, ,5,1, ,2,2,2,2,2,2,1,1,4,, ,,,,,,, ,,,,1,,2024_JulAgoSet,,,433.671410605155,,,60+,1,Secundaria
2024,7,17796,1,117,1,1,202307177961011712,1,2,3,1,2, ,2,49.0,2,17.0,9.0,1974.0,1,,, , , , , , , , , , , , ,2, ,4416.0,1410.0,3,5,1, ,5,1000.0,0.0,10.0,10.0,10.0,10.0,10.0,7.0,57.0,,57.0,1,,1,1,1,2,4,1350.0,54.0,, ,, ,, , , , , , , , ,1,1,1,1,2, ,2, ,2, ,2, ,2, ,2, ,2, ,1,1,2, ,2, ,2, ,6,5, ,2,2,2,2,2,2,10,7,1,1350.0,67,,,,,,,384,1417.0,1417.0,1801.0,1,,2024_JulAgoSet,,,380.686546523154,,,40-59,1,Secundaria
2024,7,17796,1,118,1,1,202307177961011811,1,1,1,1,2, ,2,55.0,1,27.0,6.0,1969.0,1,,, , , , , , , , , , , , ,1, ,9535.0,4799.0,2, ,3,2,1,1.0,2.0,2.0,2.0,2.0,2.0,2.0,2.0,14.0,,14.0,1,,1,2,2,2, ,,,, ,, ,, , , , , , , , ,1,1,1,3,2, ,2, ,2, ,2, ,2, ,2, ,2, ,2, ,1,3,2, ,2, ,9,3, ,2,2,2,2,2,2,10,7,1,, ,200.0,38.0,,,,, ,238.0,238.0,238.0,1,,2024_JulAgoSet,,,380.686546523154,,,40-59,1,Superior No Univ.
2025,1,18325,1,11,1,1,202501183251001111,1,1,1,1,2, ,1,47.0,1,12.0,6.0,1977.0,2,2.0,2.0,2,2,2,2,2,2,2,2,2,2,2,2,1,2,,, , , , , ,,,,,,,,,,,, ,, , , , , ,,,, ,, ,, ,2,7,1,1,7, , ,1,5,2, ,2, ,2, ,2, ,1,5,2, ,2, ,2, ,2, ,2, ,2, ,2, ,1, , ,2,2,1,2,2,2,13,9,3,, ,,,,,,, ,,,,1,,2025_EneFebMar,,,,355.262371511424,,40-59,1,Sin Nivel
2025,1,18325,1,15,1,1,202501183251001511,1,1,1,1,2, ,1,80.0,1,2.0,6.0,1944.0,2,2.0,2.0,2,2,2,2,2,2,2,2,2,2,2,2,1,2,,, , , , , ,,,,,,,,,,,, ,, , , , , ,,,, ,, ,, ,2,5,1,1,7, , ,1,5,2, ,2, ,2, ,2, ,1,5,2, ,2, ,2, ,2, ,2, ,2, ,2, ,5,1, ,2,2,2,2,2,2,10,7,3,, ,,,,,,, ,,,,1,,2025_EneFebMar,,,,355.262371511424,,60+,1,Secundaria
2025,1,18338,1,43,1,1,202501183381004311,1,1,1,1,2, ,2,74.0,1,12.0,8.0,1950.0,2,2.0,2.0,2,2,2,2,2,2,2,2,2,2,2,2,1,2,,, , , , , ,,,,,,,,,,,, ,, , , , , ,,,, ,, ,, ,2,5,2,2,6, , ,1,5,2, ,2, ,2, ,2, ,1,5,2, ,2, ,2, ,2, ,2, ,2, ,2, ,4,5, ,2,2,2,2,2,2,10,7,4,, ,,,,,,, ,,,,1,,2025_EneFebMar,,,,312.399191732795,,60+,1,Primaria
2025,1,18338,1,44,1,1,202501183381004411,1,1,1,1,2, ,1,48.0,1,8.0,2.0,1976.0,2,2.0,2.0,2,2,2,2,2,2,2,2,2,2,2,2,1,2,,, , , , , ,,,,,,,,,,,, ,, , , , , ,,,, ,, ,, ,1,5,1,1,13,5,2,1,6,2, ,2, ,2, ,2, ,2, ,2, ,2, ,2, ,1,5,2, ,2, ,2, ,6,5, ,2,2,2,2,2,2,10,7,2,, ,,,,,,, ,,,,1,,2025_EneFebMar,,,,346.503639741804,,40-59,0,Secundaria
2025,1,18411,1,56,1,1,202501184111005611,1,1,1,1,2, ,2,70.0,1,8.0,5.0,1954.0,2,2.0,2.0,2,2,2,2,2,2,2,2,2,2,2,2,1,2,,, , , , , ,,,,,,,,,,,, ,, , , , , ,,,, ,, ,, ,2,7,2,2,7, , ,1,5,2, ,2, ,2, ,2, ,1,5,2, ,2, ,2, ,2, ,2, ,2, ,2, ,6,5, ,2,2,2,2,2,2,10,6,4,, ,,,,,,, ,,,,1,,2025_EneFebMar,,,,326.591133054201,,60+,1,Secundaria
2025,1,18411,1,56,1,1,202501184111005612,1,2,2,1,2, ,1,63.0,2,12.0,6.0,1961.0,1,,, , , , , , , , , , , , ,2, ,5414.0,8010.0,3,4,1, ,5,1200.0,12.0,12.0,12.0,12.0,0.0,12.0,12.0,72.0,,72.0,1,,2, ,2,2,4,1500.0,,, ,, ,, , , , , , , , ,1,1,1,1,2, ,2, ,2, ,2, ,2, ,2, ,2, ,1,1,2, ,2, ,2, ,6,5, ,2,2,2,2,2,2,10,5,1,1500.0, ,,,,,,,375,1500.0,1500.0,1875.0,1,,2025_EneFebMar,,,,362.244907494749,,60+,1,Secundaria
2025,1,18411,1,56,1,1,202501184111005614,1,3,3,1,2, ,2,17.0,3,14.0,9.0,2007.0,2,2.0,2.0,2,2,2,2,2,2,2,2,2,2,2,2,3,2,,, , , , , ,,,,,,,,,,,, ,, , , , , ,,,, ,, ,, ,1,4,1,1,12, ,2,2,1,1,4,2, ,2, ,2, ,2, ,2, ,2, ,2, ,2, ,2, ,2, ,2, ,6,5, ,2,2,2,2,2,2,10,7,2,, ,,,,,,, ,,,,1,,2025_EneFebMar,,,,388.153214762262,,15-24,1,Secundaria
2025,1,17924,2,25,1,1,202501179242002511,1,1,1,1,2, ,1,31.0,1,14.0,5.0,1993.0,2,2.0,2.0,2,2,2,2,2,2,2,2,2,2,2,2,1,2,,, , , , , ,,,,,,,,,,,, ,, , , , , ,,,, ,, ,, ,2,8,2,2,11, , ,1,3,1,2,2, ,1,2,2, ,2, ,2, ,2, ,2, ,1,5,2, ,2, ,2, ,11,5, ,2,2,2,2,2,2,10,7,4,, ,,,,,,, ,,,,1,,2025_EneFebMar,,,,568.378426138578,,25-39,1,Superior Univ.
2025,1,17596,1,63,1,1,202501175961006311,1,1,1,1,2, ,2,60.0,1,19.0,8.0,1964.0,2,2.0,2.0,2,2,2,2,2,2,2,2,2,2,2,2,1,2,,, , , , , ,,,,,,,,,,,, ,, , , , , ,,,, ,, ,, ,2,5,2,2,7, , ,1,5,2, ,2, ,2, ,2, ,1,5,2, ,2, ,2, ,2, ,2, ,2, ,2, ,6,5, ,2,2,2,2,2,2,10,7,4,, ,,,,,,, ,,,,1,,2025_EneFebMar,,,,312.100930614217,,60+,1,Secundaria
2025,1,17596,1,65,1,1,202501175961006511,1,1,1,1,2, ,1,28.0,1,19.0,3.0,1996.0,2,1.0,, , , , , , , , , , , , ,1, ,4110.0,8510.0,3,5,1, ,1,20.0,0.0,0.0,0.0,0.0,0.0,0.0,0.0,0.0,,40.0,2,40.0,2, ,2,2,4,1500.0,,, ,, ,, , , , , , , , ,1,1,1,1,2, ,2, ,2, ,2, ,2, ,2, ,2, ,2, ,1,1,2, ,2, ,8,1, ,2,2,2,2,2,2,10,7,1,1500.0, ,,,,,,,313,1500.0,1500.0,1813.0,1,,2025_EneFebMar,,,,414.941985901971,,25-39,1,Superior No Univ.
2025,1,17596,1,65,1,1,202501175961006512,1,2,2,1,2, ,2,29.0,1,18.0,4.0,1995.0,1,,, , , , , , , , , , , , ,2, ,4120.0,8510.0,3,5,2,1,1,20.0,0.0,5.0,5.0,5.0,5.0,5.0,0.0,25.0,,35.0,2,35.0,2, ,2,2,4,1400.0,,, ,, ,, , , , , , , , ,1,1,1,1,2, ,2, ,2, ,2, ,2, ,2, ,2, ,1,1,2, ,2, ,2, ,9,5, ,2,2,2,2,2,2,10,7,1,1400.0, ,,,,,,,351,1400.0,1400.0,1751.0,1,,2025_EneFebMar,,,,391.044222459637,,25-39,1,Superior No Univ.
2025,1,1777902,1,21,1,1,20250117779021002111,1,1,1,1,2, ,2,40.0,1,23.0,5.0,1984.0,2,2.0,2.0,2,2,2,2,2,2,2,2,2,2,2,2,1,2,,, , , , , ,,,,,,,,,,,, ,, , , , , ,,,, ,, ,, ,2,5,1,2,6, , ,1,1,1,4,2, ,2, ,2, ,2, ,2, ,2, ,2, ,1,5,2, ,2, ,2, ,9,3, ,2,2,2,2,2,2,10,7,4,, ,,,,,,, ,,,,1,,2025_EneFebMar,,,,346.157087787414,,40-59,1,Superior No Univ.
2025,1,1777902,1,21,1,1,20250117779021002112,1,2,3,1,2, ,1,15.0,2,19.0,3.0,2009.0,2,2.0,2.0,2,2,2,2,2,2,2,2,2,2,2,2,2,2,,, , , , , ,,,,,,,,,,,, ,, , , , , ,,,, ,, ,, ,2,4,1,1,3, , ,2,1,1,4,2, ,2, ,2, ,2, ,2, ,2, ,2, ,2, ,2, ,2, ,2, ,5,4, ,2,2,2,2,2,2,10,7,4,, ,,,,,,, ,,,,1,,2025_EneFebMar,,,,294.003498511973,,15-24,1,Secundaria
2025,1,1866501,1,74,1,1,20250118665011007411,1,1,1,1,2, ,1,20.0,1,26.0,9.0,2004.0,1,,, , , , , , , , , , , , ,1, ,9412.0,5610.0,3,5,2,1,1,13.0,11.0,11.0,11.0,0.0,11.0,11.0,11.0,66.0,,66.0,1,,2, ,2,2,2,350.0,72.0,, ,, ,, , , , , , , , ,1,5,2, ,2, ,2, ,2, ,1,5,2, ,2, ,2, ,2, ,2, ,2, ,2, ,6,5, ,2,2,2,2,2,2,10,9,1,1516.0,312,,,,,,, ,1828.0,1828.0,1828.0,1,,2025_EneFebMar,,,,685.842008889509,,15-24,1,Secundaria
2025,1,1866501,1,74,1,1,20250118665011007412,1,2,7,1,2, ,1,17.0,2,25.0,6.0,2007.0,1,,, , , , , , , , , , , , ,2, ,9412.0,5610.0,3,5,2,1,1,14.0,11.0,11.0,0.0,11.0,11.0,11.0,11.0,66.0,,66.0,1,,2, ,2,2,4,1300.0,60.0,, ,, ,, , , , , , , , ,1,5,2, ,2, ,2, ,2, ,1,5,2, ,2, ,2, ,2, ,2, ,2, ,2, ,6,5, ,2,2,2,2,2,2,10,9,1,1300.0,260,,,,,,, ,1560.0,1560.0,1560.0,1,,2025_EneFebMar,,,,685.842008889509,,15-24,1,Secundaria
2025,1,1866501,1,74,1,1,20250118665011007413,1,3,7,1,2, ,1,16.0,3,2.0,9.0,2008.0,1,,, , , , , , , , , , , , ,3, ,5131.0,5610.0,3,5,2,1,1,14.0,11.0,11.0,11.0,11.0,0.0,11.0,11.0,66.0,,66.0,1,,2, ,2,2,4,1200.0,72.0,, ,, ,, , , , , , , , ,1,5,2, ,2, ,2, ,2, ,1,5,2, ,2, ,2, ,2, ,2, ,2, ,2, ,5,4, ,2,2,2,2,2,2,10,6,1,1200.0,312,,,,,,, ,1512.0,1512.0,1512.0,1,,2025_EneFebMar,,,,685.842008889509,,15-24,1,Secundaria
2025,1,29529,1,44,1,1,202501295291004411,1,1,1,1,2, ,2,87.0,2,18.0,1.0,1937.0,2,2.0,2.0,2,2,2,2,2,2,2,2,2,2,2,2,1,2,,, , , , , ,,,,,,,,,,,, ,, , , , , ,,,, ,, ,, ,2,7,2,2,7, , ,1,1,1,4,2, ,2, ,2, ,2, ,2, ,2, ,2, ,2, ,2, ,2, ,2, ,4,5, ,2,2,2,2,2,2,10,7,4,, ,,,,,,, ,,,,1,,2025_EneFebMar,,,,759.475139869443,,60+,1,Primaria
2025,1,29529,1,44,1,1,202501295291004412,1,2,3,1,2, ,2,67.0,2,19.0,9.0,1957.0,2,2.0,2.0,2,2,2,2,2,2,2,2,2,2,2,2,2,2,,, , , , , ,,,,,,,,,,,, ,, , , , , ,,,, ,, ,, ,2,5,1,2,6, , ,1,1,1,3,2, ,2, ,2, ,2, ,2, ,2, ,2, ,1,3,2, ,2, ,2, ,6,5, ,2,2,2,2,2,2,10,7,4,, ,,,,,,, ,,,,1,,2025_EneFebMar,,,,759.475139869443,,60+,1,Secundaria
2025,1,29529,1,44,1,1,202501295291004413,1,3,3,1,2, ,1,62.0,3,22.0,11.0,1962.0,1,,, , , , , , , , , , , , ,3, ,4417.0,1071.0,3,5,2,1,1,8.0,0.0,8.0,8.0,8.0,8.0,8.0,0.0,40.0,,40.0,1,,2, ,2,2,4,1200.0,10.0,, ,, ,, , , , , , , , ,1,1,1,1,2, ,2, ,2, ,2, ,2, ,2, ,2, ,1,1,2, ,2, ,2, ,10,4, ,2,2,2,2,2,2,10,7,1,1200.0,300,,,,,,,300,1500.0,1500.0,1800.0,1,,2025_EneFebMar,,,,842.386623340781,,60+,1,Superior Univ.
2025,1,25842,1,114,1,1,202501258421011411,1,1,1,1,2, ,2,80.0,2,23.0,3.0,1944.0,2,2.0,2.0,2,2,2,2,2,2,2,2,2,2,2,2,1,2,,, , , , , ,,,,,,,,,,,, ,, , , , , ,,,, ,, ,, ,2,5,2,2,11, , ,1,1,1,3,2, ,2, ,2, ,2, ,2, ,2, ,2, ,2, ,1,3,2, ,2, ,4,5, ,1,2,2,2,2,2,10,7,4,, ,,,,,,, ,,,,1,,2025_EneFebMar,,,,998.526854167201,,60+,1,Primaria
2025,1,25842,1,114,1,1,202501258421011412,1,2,3,1,2, ,2,49.0,2,4.0,7.0,1975.0,1,,, , , , , , , , , , , , ,2, ,4120.0,9329.0,3,5,1, ,1,5.0,0.0,8.0,8.0,8.0,8.0,8.0,0.0,40.0,,40.0,1,,2, ,2,2,4,1800.0,,, ,, ,, , , , , , , , ,1,5,2, ,2, ,2, ,2, ,1,5,2, ,2, ,2, ,2, ,1,5,2, ,2, ,9,3, ,2,2,2,2,2,2,10,7,1,1800.0, ,,,,,,,42,1800.0,1800.0,1842.0,1,,2025_EneFebMar,,,,998.526854167201,,40-59,1,Superior No Univ.
2025,1,25842,1,114,1,1,202501258421011413,1,3,5,1,2, ,1,20.0,3,11.0,6.0,2004.0,2,2.0,2.0,2,2,2,2,2,2,2,2,2,2,2,2,3,2,,, , , , , ,,,,,,,,,,,, ,, , , , , ,,,, ,, ,, ,2,4,1,2,5, , ,1,5,2, ,2, ,2, ,2, ,1,5,2, ,2, ,2, ,2, ,2, ,2, ,2, ,10,1, ,2,2,2,2,2,2,10,7,4,, ,,,,,,, ,,,,1,,2025_EneFebMar,,,,1062.60004296926,,15-24,1,Superior Univ.
2025,1,20600,1,228,1,1,202501206001022811,1,1,1,1,2, ,1,57.0,1,22.0,6.0,1967.0,2,2.0,2.0,2,2,2,2,2,2,2,2,2,2,2,2,1,2,,, , , , , ,,,,,,,,,,,, ,, , , , , ,,,, ,, ,, ,2,5,1,1,13,1,1,1,5,2, ,2, ,2, ,2, ,1,5,2, ,2, ,2, ,2, ,2, ,2, ,2, ,12,2, ,2,2,2,2,2,2,10,7,2,, ,,,,,,, ,,,,1,,2025_EneFebMar,,,,931.18991279533,,40-59,1,Postgrado
2025,1,20600,1,228,1,1,202501206001022812,1,2,2,1,2, ,2,33.0,2,2.0,2.0,1991.0,2,2.0,2.0,2,2,2,2,2,2,2,2,2,2,2,2,2,2,,, , , , , ,,,,,,,,,,,, ,, , , , , ,,,, ,, ,, ,2,5,2,2,6, , ,1,5,2, ,2, ,2, ,2, ,1,5,2, ,2, ,2, ,2, ,2, ,2, ,2, ,10,4, ,2,2,2,2,2,2,10,7,4,, ,,,,,,, ,,,,1,,2025_EneFebMar,,,,1051.8920518193,,25-39,1,Superior Univ.
2025,1,20600,1,228,1,1,202501206001022816,1,6,11,1,2, ,2,67.0,2,30.0,8.0,1957.0,1,,, , , , , , , , , , , , ,6, ,2131.0,8412.0,3,2, , ,5,3000.0,0.0,8.0,8.0,8.0,8.0,8.0,0.0,40.0,,40.0,1,,2, ,2,2,4,6000.0,,, ,, ,, , , , , , , , ,1,1,1,1,2, ,2, ,2, ,2, ,2, ,2, ,2, ,1,1,2, ,2, ,2, ,11,5, ,2,2,2,2,2,2,10,7,1,6000.0, ,,,,,,,50,6000.0,6000.0,6050.0,1,,2025_EneFebMar,,,,839.538009827999,,60+,1,Superior Univ.
2025,1,20600,1,228,1,1,202501206001022817,1,7,11,1,2, ,2,66.0,7,19.0,10.0,1958.0,2,2.0,2.0,2,2,2,2,2,2,2,2,2,2,2,2,7,2,,, , , , , ,,,,,,,,,,,, ,, , , , , ,,,, ,, ,, ,2,7,1,2,7, , ,1,5,2, ,2, ,2, ,2, ,1,5,2, ,2, ,2, ,2, ,2, ,2, ,2, ,10,1, ,2,2,2,2,2,2,10,7,4,, ,,,,,,, ,,,,1,,2025_EneFebMar,,,,839.538009827999,,60+,1,Superior Univ.
2025,1,20600,1,233,1,1,202501206001023311,1,1,1,1,2, ,1,76.0,4,30.0,11.0,1948.0,2,2.0,2.0,2,2,2,2,2,2,2,2,2,2,2,2,1,2,,, , , , , ,,,,,,,,,,,, ,, , , , , ,,,, ,, ,, ,2,6,2,2,3, , ,1,1,1,3,2, ,2, ,2, ,2, ,2, ,2, ,2, ,2, ,1,3,2, ,2, ,4,5, ,2,2,2,2,2,2,10,7,4,, ,,,,,,, ,,,,1,,2025_EneFebMar,,,,931.18991279533,,60+,1,Primaria
2025,1,20600,1,233,1,1,202501206001023312,1,2,3,1,2, ,2,50.0,4,1.0,8.0,1974.0,1,,, , , , , , , , , , , , ,2, ,4416.0,1520.0,3,5,1, ,1,20.0,0.0,8.0,8.0,8.0,8.0,8.0,8.0,48.0,,48.0,1,,2, ,2,2,4,1800.0,,, ,, ,, , , , , , , , ,1,1,1,1,2, ,2, ,2, ,2, ,2, ,2, ,2, ,2, ,1,1,2, ,2, ,6,5, ,2,2,2,2,2,2,10,7,1,1800.0, ,,,,,,,533,1800.0,1800.0,2333.0,1,,2025_EneFebMar,,,,839.538009827999,,40-59,1,Secundaria
2025,1,20600,1,233,1,1,202501206001023313,1,3,5,1,2, ,1,25.0,3,20.0,11.0,1999.0,1,,, , , , , , , , , , , , ,3, ,4416.0,4390.0,3,5,1, ,3,75.0,0.0,8.0,8.0,8.0,8.0,8.0,6.0,46.0,,46.0,1,,2, ,2,2,4,2600.0,,, ,, ,, , , , , , , , ,2,1,1,1,2, ,2, ,2, ,2, ,2, ,2, ,2, ,1,1,2, ,2, ,2, ,11,5, ,2,2,2,2,2,2,10,7,1,2600.0, ,,,,,,,466,2600.0,2600.0,3066.0,1,,2025_EneFebMar,,,,1116.17600227159,,25-39,1,Superior Univ.
2025,1,20600,1,233,1,1,202501206001023314,1,4,5,1,2, ,2,23.0,4,7.0,11.0,2001.0,2,2.0,2.0,2,2,2,2,2,2,2,2,2,2,2,2,4,2,,, , , , , ,,,,,,,,,,,, ,, , , , , ,,,, ,, ,, ,2,4,2,2,5, , ,1,6,2, ,2, ,2, ,2, ,2, ,2, ,2, ,2, ,2, ,2, ,2, ,2, ,10,4, ,2,2,2,2,2,2,10,7,4,, ,,,,,,, ,,,,1,,2025_EneFebMar,,,,997.790033006708,,15-24,0,Superior Univ.
2025,1,2671502,1,5,1,1,20250126715021000511,1,1,1,1,2, ,1,55.0,1,7.0,4.0,1969.0,1,,, , , , , , , , , , , , ,1, ,2611.0,6910.0,3,5,1, ,1,12.0,0.0,8.0,6.0,0.0,8.0,8.0,0.0,30.0,,48.0,2,48.0,2, ,2,2,4,20000.0,,, ,, ,, , , , , , , , ,1,1,1,1,2, ,2, ,2, ,2, ,2, ,2, ,2, ,1,1,2, ,2, ,2, ,12,2, ,2,2,2,2,2,2,10,8,1,20000.0, ,,,,,,,5001,20000.0,20000.0,25001.0,1,,2025_EneFebMar,,,,1241.25252490751,,40-59,1,Postgrado
2025,1,2671502,1,5,1,1,20250126715021000512,1,2,2,1,2, ,2,56.0,2,22.0,3.0,1968.0,1,,, , , , , , , , , , , , ,2, ,2611.0,6910.0,3,5,1, ,4,300.0,0.0,8.0,0.0,0.0,8.0,8.0,0.0,24.0,,40.0,2,40.0,2, ,2,2,4,20000.0,,, ,, ,, , , , , , , , ,1,1,1,1,2, ,2, ,2, ,2, ,2, ,2, ,2, ,1,1,2, ,2, ,2, ,12,2, ,2,2,2,2,2,2,10,7,1,20000.0, ,,,,,,,3501,20000.0,20000.0,23501.0,1,,2025_EneFebMar,,,,1119.08286390971,,40-59,1,Postgrado
2025,1,2671502,1,6,1,1,20250126715021000611,1,1,1,1,2, ,2,81.0,1,12.0,2.0,1943.0,2,2.0,2.0,2,2,2,2,2,2,2,2,2,2,2,2,1,2,,, , , , , ,,,,,,,,,,,, ,, , , , , ,,,, ,, ,, ,2,5,2,2,3, , ,1,3,1,4,1,4,2, ,2, ,2, ,2, ,2, ,2, ,2, ,1,5,2, ,2, ,6,5, ,2,2,2,2,2,2,10,7,4,, ,,,,,,, ,,,,1,,2025_EneFebMar,,,,1119.08286390971,,60+,1,Secundaria
2025,1,2671502,1,7,1,1,20250126715021000711,1,1,1,1,2, ,2,75.0,1,19.0,7.0,1949.0,2,2.0,2.0,2,2,2,2,2,2,2,2,2,2,2,2,1,2,,, , , , , ,,,,,,,,,,,, ,, , , , , ,,,, ,, ,, ,2,5,1,1,3, , ,1,1,1,3,2, ,2, ,2, ,2, ,2, ,2, ,2, ,1,3,2, ,2, ,2, ,11,5, ,2,2,2,2,2,2,10,6,4,, ,,,,,,, ,,,,1,,2025_EneFebMar,,,,1119.08286390971,,60+,1,Superior Univ.
2025,1,2671502,1,7,1,1,20250126715021000712,1,2,3,1,2, ,1,40.0,1,22.0,12.0,1984.0,1,,, , , , , , , , , , , , ,2, ,4419.0,8530.0,3,2, , ,5,600.0,0.0,8.0,5.0,0.0,8.0,8.0,0.0,29.0,,40.0,2,40.0,2, ,2,2,4,1300.0,,, ,, ,, , , , , , , , ,1,1,1,1,2, ,2, ,2, ,2, ,2, ,2, ,2, ,2, ,1,1,2, ,2, ,5,2, ,2,2,2,2,2,1,10,7,1,1300.0, ,,,,,,,50,1300.0,1300.0,1350.0,1,,2025_EneFebMar,,,,1487.83428817629,,40-59,1,Secundaria
2025,1,2671502,1,8,1,1,20250126715021000811,1,1,1,1,2, ,2,78.0,1,1.0,11.0,1946.0,2,2.0,2.0,2,2,2,2,2,2,2,2,2,2,2,2,1,2,,, , , , , ,,,,,,,,,,,, ,, , , , , ,,,, ,, ,, ,2,6,2,2,3, , ,1,3,1,3,1,4,2, ,2, ,2, ,2, ,2, ,2, ,2, ,1,3,2, ,2, ,6,5, ,2,2,2,2,2,2,10,6,4,, ,,,,,,, ,,,,1,,2025_EneFebMar,,,,1119.08286390971,,60+,1,Secundaria
2025,1,49619,1,7,1,1,202501496191000711,1,1,1,1,2, ,1,38.0,1,14.0,3.0,1986.0,1,,, , , , , , , , , , , , ,1, ,8156.0,1520.0,3,5,1, ,2,30.0,0.0,11.0,11.0,11.0,11.0,11.0,4.0,59.0,,59.0,1,,2, ,2,2,2,400.0,,, ,, ,, , , , , , , , ,1,6,2, ,2, ,2, ,2, ,2, ,2, ,2, ,2, ,1,5,2, ,2, ,2, ,6,5, ,2,2,2,2,2,2,10,7,1,1732.0, ,,,,,,, ,1732.0,1732.0,1732.0,1,,2025_EneFebMar,,,,855.297222023809,,25-39,0,Secundaria
2025,1,49619,1,7,1,1,202501496191000712,1,2,2,1,2, ,2,35.0,2,12.0,11.0,1989.0,2,2.0,2.0,2,2,2,2,2,2,2,2,2,2,2,2,2,2,,, , , , , ,,,,,,,,,,,, ,, , , , , ,,,, ,, ,, ,2,5,1,2,6, , ,1,5,2, ,2, ,2, ,2, ,1,5,2, ,2, ,2, ,2, ,2, ,2, ,2, ,6,5, ,2,2,2,2,2,2,10,7,4,, ,,,,,,, ,,,,1,,2025_EneFebMar,,,,806.038069228315,,25-39,1,Secundaria
2025,1,49619,1,12,1,1,202501496191001211,1,1,1,1,2, ,2,25.0,1,14.0,1.0,2000.0,1,,, , , , , , , , , , , , ,1, ,7513.0,1071.0,3,5,2,2,1,4.0,0.0,7.0,7.0,7.0,7.0,7.0,0.0,35.0,,35.0,1,,2, ,2,2,2,250.0,5.0,, ,, ,, , , , , , , , ,1,5,2, ,2, ,2, ,2, ,1,5,2, ,2, ,2, ,2, ,2, ,2, ,2, ,6,5, ,2,2,2,2,2,2,10,1,1,1083.0,150,,,,,,, ,1233.0,1233.0,1233.0,1,,2025_EneFebMar,,,,806.038069228315,,25-39,1,Secundaria
2025,1,49619,1,12,1,1,202501496191001212,1,2,2,1,2, ,1,31.0,2,4.0,2.0,1993.0,1,,, , , , , , , , , , , , ,2, ,9313.0,4100.0,3,5,3,2,1,3.0,0.0,8.0,8.0,8.0,8.0,8.0,5.0,45.0,,45.0,1,,1,1,1,1,2,350.0,,, ,, ,, , , , , , , , ,1,5,2, ,2, ,2, ,2, ,1,5,2, ,2, ,2, ,2, ,2, ,2, ,2, ,9,3, ,2,2,2,2,2,2,1,1,1,1516.0, ,,,,,,, ,1516.0,1516.0,1516.0,1,,2025_EneFebMar,,,,855.297222023809,,25-39,1,Superior No Univ.
2025,1,49773,1,14,1,1,202501497731001411,1,1,1,1,2, ,2,28.0,1,26.0,6.0,1996.0,2,2.0,2.0,2,2,2,2,2,2,2,2,2,2,2,2,1,2,,, , , , , ,,,,,,,,,,,, ,, , , , , ,,,, ,, ,, ,2,5,1,2,6, , ,1,5,2, ,2, ,2, ,2, ,1,5,2, ,2, ,2, ,1,5,2, ,2, ,2, ,6,5, ,2,2,2,2,2,2,10,7,4,, ,,,,,,, ,,,,1,,2025_EneFebMar,,,,570.301957907772,,25-39,1,Secundaria
2025,1,49773,1,14,1,1,202501497731001412,1,2,2,1,2, ,1,25.0,1,22.0,7.0,1999.0,2,2.0,2.0,2,2,2,2,2,2,2,2,2,2,2,2,2,2,,, , , , , ,,,,,,,,,,,, ,, , , , , ,,,, ,, ,, ,2,7,2,2,7, , ,1,6,2, ,2, ,2, ,2, ,2, ,2, ,2, ,2, ,2, ,1,5,2, ,2, ,6,5, ,2,2,2,2,2,2,10,7,4,, ,,,,,,, ,,,,1,,2025_EneFebMar,,,,605.154643353564,,25-39,0,Secundaria
2025,1,1980901,1,6,1,1,20250119809011000611,1,1,1,1,2, ,1,41.0,1,25.0,6.0,1983.0,2,1.0,, , , , , , , , , , , , ,1, ,9321.0,2392.0,3,5,1, ,5,1000.0,0.0,0.0,0.0,0.0,0.0,0.0,0.0,0.0,,48.0,2,48.0,2, ,2,2,2,500.0,312.0,, ,, ,, , , , , , , , ,1,1,1,1,2, ,2, ,2, ,2, ,2, ,2, ,2, ,1,1,2, ,2, ,2, ,6,5, ,2,2,2,2,2,2,10,5,1,2165.0,312,,,,,,,324,2477.0,2477.0,2801.0,1,,2025_EneFebMar,,,,1104.04673904345,,40-59,1,Secundaria
2025,1,1980901,1,6,1,1,20250119809011000612,1,2,2,1,2, ,2,38.0,2,3.0,9.0,1986.0,2,2.0,2.0,2,2,2,2,2,2,2,2,2,2,2,2,2,2,,, , , , , ,,,,,,,,,,,, ,, , , , , ,,,, ,, ,, ,2,5,2,2,6, , ,1,1,1,4,2, ,2, ,2, ,2, ,2, ,2, ,2, ,1,5,2, ,2, ,2, ,6,5, ,2,2,2,2,2,2,10,7,4,, ,,,,,,, ,,,,1,,2025_EneFebMar,,,,1040.46134953029,,25-39,1,Secundaria
2025,1,1980901,1,6,1,1,20250119809011000613,1,3,3,1,2, ,1,16.0,3,6.0,4.0,2008.0,2,2.0,2.0,2,2,2,2,2,2,2,2,2,2,2,2,3,2,,, , , , , ,,,,,,,,,,,, ,, , , , , ,,,, ,, ,, ,2,4,2,2,3, , ,2,1,1,4,2, ,2, ,2, ,2, ,2, ,2, ,2, ,2, ,2, ,2, ,2, ,5,4, ,2,2,2,2,2,2,10,7,4,, ,,,,,,, ,,,,1,,2025_EneFebMar,,,,883.700746339351,,15-24,1,Secundaria
2025,1,1980901,1,7,1,1,20250119809011000711,1,1,1,1,2, ,1,19.0,1,2.0,4.0,2005.0,1,,, , , , , , , , , , , , ,1, ,8131.0,2022.0,3,5,2,2,1,3.0,0.0,8.0,8.0,8.0,8.0,8.0,8.0,48.0,,48.0,1,,2, ,2,2,1,60.0,,, ,, ,, , , , , , , , ,1,6,2, ,2, ,2, ,2, ,2, ,2, ,2, ,2, ,2, ,2, ,2, ,2, ,5,2, ,2,2,2,2,2,2,10,7,1,1800.0, ,,,,,,, ,1800.0,1800.0,1800.0,1,,2025_EneFebMar,,,,883.700746339351,,15-24,0,Secundaria
2025,1,1980901,1,8,1,1,20250119809011000811,1,1,1,1,2, ,2,25.0,1,9.0,9.0,1999.0,1,,, , , , , , , , , , , , ,1, ,9412.0,5630.0,3,5,2,2,1,3.0,0.0,8.0,8.0,8.0,8.0,8.0,8.0,48.0,,48.0,1,,2, ,2,2,2,300.0,,, ,, ,, , , , , , , , ,1,6,2, ,2, ,2, ,2, ,2, ,2, ,2, ,2, ,2, ,2, ,2, ,2, ,5,2, ,2,2,2,2,2,2,10,7,1,1299.0, ,,,,,,, ,1299.0,1299.0,1299.0,1,,2025_EneFebMar,,,,1040.46134953029,,25-39,0,Secundaria
2025,1,1980901,1,8,1,1,20250119809011000812,1,2,2,1,2, ,1,28.0,2,9.0,9.0,1996.0,1,,, , , , , , , , , , , , ,2, ,9333.0,2392.0,3,5,1, ,3,100.0,0.0,8.0,8.0,8.0,8.0,8.0,8.0,48.0,,48.0,1,,2, ,2,2,2,350.0,,, ,, ,, , , , , , , , ,1,6,2, ,2, ,2, ,2, ,2, ,2, ,2, ,2, ,2, ,2, ,2, ,2, ,5,2, ,2,2,2,2,2,2,10,7,1,1516.0, ,,,,,,, ,1516.0,1516.0,1516.0,1,,2025_EneFebMar,,,,1104.04673904345,,25-39,0,Secundaria
2025,1,1980901,1,8,1,1,20250119809011000814,1,4,6,1,2, ,1,42.0,4,31.0,8.0,1982.0,2,2.0,2.0,2,2,2,2,2,2,2,2,2,2,2,2,4,2,,, , , , , ,,,,,,,,,,,, ,, , , , , ,,,, ,, ,, ,2,5,1,1,5, , ,1,6,2, ,2, ,2, ,2, ,2, ,2, ,2, ,2, ,2, ,2, ,2, ,2, ,5,2, ,2,2,2,2,2,2,10,7,4,, ,,,,,,, ,,,,1,,2025_EneFebMar,,,,1104.04673904345,,40-59,0,Secundaria
2025,1,1980901,1,9,1,1,20250119809011000911,1,1,1,1,2, ,2,25.0,1,7.0,6.0,1999.0,1,,, , , , , , , , , , , , ,1, ,9412.0,5630.0,3,5,2,2,1,3.0,4.0,4.0,0.0,0.0,0.0,0.0,0.0,8.0,,48.0,2,48.0,2, ,2,1,2,240.0,,, ,, ,, , , , , , , , ,1,6,2, ,2, ,2, ,2, ,2, ,2, ,2, ,2, ,2, ,2, ,2, ,2, ,6,5, ,2,2,2,2,2,2,10,7,1,1039.0, ,,,,,,, ,1039.0,1039.0,1039.0,1,,2025_EneFebMar,,,,1040.46134953029,,25-39,0,Secundaria
2025,1,1980901,1,9,1,1,20250119809011000912,1,2,7,1,2, ,2,18.0,2,21.0,6.0,2006.0,1,,, , , , , , , , , , , , ,2, ,5212.0,4781.0,3,5,2,2,1,2.0,0.0,11.0,11.0,11.0,11.0,11.0,11.0,66.0,,66.0,1,,2, ,2,2,2,240.0,,, ,, ,, , , , , , , , ,2,5,2, ,2, ,2, ,2, ,1,5,2, ,2, ,2, ,2, ,2, ,2, ,2, ,5,3, ,2,2,2,2,2,2,10,7,1,1039.0, ,,,,,,, ,1039.0,1039.0,1039.0,1,,2025_EneFebMar,,,,986.94724662524,,15-24,1,Secundaria
2025,1,2442402,1,76,1,1,20250124424021007611,1,1,1,1,2, ,1,42.0,1,3.0,5.0,1982.0,1,,, , , , , , , , , , , , ,1, ,4321.0,4649.0,3,5,1, ,4,200.0,9.0,9.0,9.0,9.0,9.0,9.0,0.0,54.0,,54.0,1,,1,1,1,2,4,1130.0,10.0,, ,, ,, , , , , , , , ,1,1,1,1,2, ,2, ,2, ,2, ,2, ,2, ,2, ,1,1,2, ,2, ,2, ,8,1, ,2,2,2,2,2,2,2,2,1,1130.0,300,,,,,,,33,1430.0,1430.0,1463.0,1,,2025_EneFebMar,,,,1076.99588142996,,40-59,1,Superior No Univ.
2025,1,2442402,1,76,1,1,20250124424021007612,1,2,2,1,2, ,2,37.0,2,16.0,3.0,1987.0,2,2.0,2.0,2,2,2,2,2,2,2,2,2,2,2,2,2,2,,, , , , , ,,,,,,,,,,,, ,, , , , , ,,,, ,, ,, ,2,5,1,2,6, , ,1,6,2, ,2, ,2, ,2, ,2, ,2, ,2, ,2, ,2, ,2, ,2, ,2, ,3, ,5,2,2,2,2,2,2,10,9,4,, ,,,,,,, ,,,,1,,2025_EneFebMar,,,,1014.96843258833,,25-39,0,Primaria
2025,1,2442402,1,76,1,1,20250124424021007613,1,3,3,1,2, ,1,18.0,3,6.0,5.0,2006.0,2,2.0,2.0,2,2,2,2,2,2,2,2,2,2,2,2,3,2,,, , , , , ,,,,,,,,,,,, ,, , , , , ,,,, ,, ,, ,2,5,1,2,11, , ,1,6,2, ,2, ,2, ,2, ,2, ,2, ,2, ,2, ,2, ,2, ,2, ,2, ,6,5, ,2,2,2,2,2,2,10,7,4,, ,,,,,,, ,,,,1,,2025_EneFebMar,,,,862.048707329781,,15-24,0,Secundaria
2025,1,27198,1,66,1,1,202501271981006611,1,1,1,1,2, ,2,72.0,2,22.0,5.0,1952.0,2,2.0,2.0,2,2,2,2,2,2,2,2,2,2,2,2,1,2,,, , , , , ,,,,,,,,,,,, ,, , , , , ,,,, ,, ,, ,2,7,2,2,7, , ,1,5,2, ,2, ,2, ,2, ,1,5,2, ,2, ,2, ,2, ,2, ,2, ,2, ,6,5, ,2,2,2,2,2,2,10,9,4,, ,,,,,,, ,,,,1,,2025_EneFebMar,,,,663.177571402521,,60+,1,Secundaria
2025,1,27198,1,66,1,1,202501271981006612,1,2,11,2, ,1,1,51.0,2,8.0,9.0,1973.0,2,2.0,2.0,2,2,2,2,2,2,2,2,2,2,2,2,2,2,,, , , , , ,,,,,,,,,,,, ,, , , , , ,,,, ,, ,, ,2,5,2,2,6, , ,1,5,2, ,2, ,2, ,2, ,1,5,2, ,2, ,2, ,2, ,2, ,2, ,2, ,6,5, ,2,2,2,2,2,2,10,7,4,, ,,,,,,, ,,,,1,,2025_EneFebMar,,,,735.576302267305,,40-59,1,Secundaria
2025,1,28896,1,25,1,1,202501288961002511,1,1,1,1,2, ,1,42.0,1,16.0,11.0,1982.0,1,,, , , , , , , , , , , , ,1, ,4419.0,8423.0,3,2, , ,5,9998.0,0.0,8.0,8.0,8.0,8.0,8.0,0.0,40.0,,40.0,1,,2, ,2,2,4,2000.0,,, ,, ,, , , , , , , , ,1,1,1,1,2, ,2, ,2, ,2, ,2, ,2, ,2, ,2, ,1,1,2, ,2, ,11,5, ,2,2,2,2,2,2,10,7,1,2000.0, ,,,,,,,50,2000.0,2000.0,2050.0,1,,2025_EneFebMar,,,,1299.39039015246,,40-59,1,Superior Univ.
2025,1,28896,1,25,1,1,202501288961002512,1,2,2,1,2, ,2,48.0,1,27.0,12.0,1976.0,2,2.0,2.0,2,2,2,2,2,2,2,2,2,2,2,2,2,2,,, , , , , ,,,,,,,,,,,, ,, , , , , ,,,, ,, ,, ,2,5,1,1,6, , ,1,1,1,4,2, ,2, ,2, ,2, ,2, ,2, ,2, ,2, ,2, ,2, ,2, ,11,5, ,2,2,2,2,2,2,10,6,4,, ,,,,,,, ,,,,1,,2025_EneFebMar,,,,977.343734248093,,40-59,1,Superior Univ.
2025,1,28896,1,25,1,1,202501288961002514,1,4,6,1,2, ,1,71.0,4,12.0,12.0,1953.0,2,2.0,2.0,2,2,2,2,2,2,2,2,2,2,2,2,4,2,,, , , , , ,,,,,,,,,,,, ,, , , , , ,,,, ,, ,, ,2,5,1,2,7, , ,1,5,2, ,2, ,2, ,2, ,1,5,2, ,2, ,2, ,2, ,1,5,2, ,2, ,5,3, ,2,2,2,2,2,2,10,1,4,, ,,,,,,, ,,,,1,,2025_EneFebMar,,,,1084.03981238681,,60+,1,Secundaria
2025,1,28896,1,27,1,1,202501288961002711,1,1,1,1,2, ,2,60.0,1,21.0,1.0,1964.0,1,,, , , , , , , , , , , , ,1, ,5321.0,8610.0,3,2, , ,5,9998.0,0.0,6.0,12.0,12.0,0.0,6.0,0.0,36.0,,36.0,1,,2, ,2,2,4,3000.0,,, ,, ,, , , , , , , , ,2,1,1,1,2, ,2, ,2, ,2, ,2, ,2, ,2, ,1,1,2, ,2, ,2, ,10,5, ,2,2,2,2,2,2,10,7,1,3000.0, ,,,,,,,50,3000.0,3000.0,3050.0,1,,2025_EneFebMar,,,,977.343734248093,,60+,1,Superior Univ.
2025,1,28896,1,27,1,1,202501288961002712,1,2,3,1,2, ,1,34.0,2,13.0,12.0,1990.0,1,,, , , , , , , , , , , , ,2, ,4417.0,8422.0,3,2, , ,5,9998.0,0.0,8.0,8.0,8.0,8.0,8.0,0.0,40.0,,40.0,1,,2, ,2,2,4,2300.0,,, ,, ,, , , , , , , , ,1,1,1,1,2, ,2, ,2, ,2, ,2, ,2, ,2, ,1,1,2, ,2, ,2, ,10,3, ,2,2,2,2,2,2,10,9,1,2300.0, ,,,,,,,50,2300.0,2300.0,2350.0,1,,2025_EneFebMar,,,,1299.39039015246,,25-39,1,Superior Univ.
2025,1,28896,1,28,1,1,202501288961002811,1,1,1,1,2, ,1,85.0,1,1.0,4.0,1939.0,2,2.0,2.0,2,2,2,2,2,2,2,2,2,2,2,2,1,2,,, , , , , ,,,,,,,,,,,, ,, , , , , ,,,, ,, ,, ,2,6,2,2,3, , ,1,4,2, ,2, ,2, ,1,3,2, ,2, ,2, ,2, ,2, ,2, ,2, ,1,3,6,5, ,2,2,2,2,2,2,1,1,4,, ,,,,,,, ,,,,1,,2025_EneFebMar,,,,1084.03981238681,,60+,1,Secundaria
2025,1,28896,1,28,1,1,202501288961002812,1,2,2,1,2, ,2,90.0,2,3.0,7.0,1934.0,2,2.0,2.0,2,2,2,2,2,2,2,2,2,2,2,2,2,2,,, , , , , ,,,,,,,,,,,, ,, , , , , ,,,, ,, ,, ,2,7,2,2,3, , ,1,4,2, ,2, ,2, ,1,4,2, ,2, ,2, ,2, ,2, ,2, ,2, ,2, ,3,3, ,2,2,2,2,2,2,1,7,4,, ,,,,,,, ,,,,1,,2025_EneFebMar,,,,977.343734248093,,60+,1,Primaria
2025,1,28896,1,28,1,1,202501288961002813,1,3,3,1,2, ,2,57.0,3,20.0,5.0,1967.0,1,,, , , , , , , , , , , , ,3, ,2342.0,8510.0,3,2, , ,5,9998.0,0.0,6.0,6.0,0.0,0.0,0.0,0.0,12.0,,30.0,2,30.0,2, ,2,2,4,3500.0,,, ,, ,, , , , , , , , ,2,1,1,1,2, ,2, ,2, ,2, ,2, ,2, ,2, ,1,1,2, ,2, ,2, ,12,2, ,2,2,2,2,2,2,10,7,1,3500.0, ,,,,,,,50,3500.0,3500.0,3550.0,1,,2025_EneFebMar,,,,977.343734248093,,40-59,1,Postgrado
2025,1,29292,1,31,1,1,202501292921003111,1,1,1,1,2, ,1,27.0,1,24.0,4.0,1997.0,1,,, , , , , , , , , , , , ,1, ,2421.0,610.0,3,3, , ,5,9998.0,0.0,0.0,0.0,0.0,8.0,8.0,0.0,16.0,,48.0,2,48.0,2, ,2,2,4,5400.0,,, ,, ,, , , , , , , , ,1,1,1,1,2, ,2, ,2, ,2, ,2, ,2, ,2, ,1,1,2, ,2, ,2, ,11,5, ,2,2,2,2,2,2,10,7,1,5400.0, ,,,,,,,1350,5400.0,5400.0,6750.0,1,,2025_EneFebMar,,,,1319.29149816914,,25-39,1,Superior Univ.
2025,1,29292,1,31,1,1,202501292921003112,1,2,6,1,2, ,2,67.0,2,14.0,10.0,1957.0,2,2.0,2.0,2,2,2,2,2,2,2,2,2,2,2,2,2,2,,, , , , , ,,,,,,,,,,,, ,, , , , , ,,,, ,, ,, ,2,5,2,2,3, , ,1,1,1,4,2, ,2, ,2, ,2, ,2, ,2, ,2, ,2, ,2, ,2, ,2, ,5,1, ,2,1,2,2,2,2,10,7,4,, ,,,,,,, ,,,,1,,2025_EneFebMar,,,,992.31246371701,,60+,1,Secundaria
2025,1,29292,1,32,1,1,202501292921003211,1,1,1,1,2, ,1,55.0,1,9.0,12.0,1969.0,1,,, , , , , , , , , , , , ,1, ,7221.0,2511.0,3,5,2,2,1,4.0,0.0,8.0,0.0,0.0,8.0,8.0,6.0,30.0,,48.0,2,48.0,2, ,2,2,3,750.0,,, ,, ,, , , , , , , , ,1,1,1,5,2, ,2, ,2, ,2, ,2, ,2, ,2, ,1,5,2, ,2, ,2, ,6,5, ,2,1,2,2,2,2,10,7,1,1500.0, ,,,,,,,50,1500.0,1500.0,1550.0,1,,2025_EneFebMar,,,,1100.64266982227,,40-59,1,Secundaria
2025,1,29292,1,33,1,1,202501292921003311,1,1,1,1,2, ,2,53.0,1,9.0,8.0,1971.0,1,,, , , , , , , , , , , , ,1, ,3256.0,8423.0,3,2, , ,5,9998.0,0.0,8.0,8.0,0.0,8.0,8.0,8.0,40.0,,48.0,2,48.0,2, ,2,2,4,1800.0,,, ,, ,, , , , , , , , ,2,1,1,1,2, ,2, ,2, ,2, ,2, ,2, ,2, ,1,1,2, ,2, ,2, ,9,3, ,2,2,2,2,2,2,10,7,1,1800.0, ,,,,,,,450,1800.0,1800.0,2250.0,1,,2025_EneFebMar,,,,992.31246371701,,40-59,1,Superior No Univ.
2025,1,47851,1,86,1,1,202501478511008611,1,1,1,1,2, ,2,31.0,1,1.0,4.0,1993.0,2,2.0,2.0,2,2,2,2,2,2,2,2,2,2,2,2,1,2,,, , , , , ,,,,,,,,,,,, ,, , , , , ,,,, ,, ,, ,1,5,1,1,13,7,1,1,5,2, ,2, ,2, ,2, ,1,5,2, ,2, ,2, ,2, ,2, ,2, ,2, ,6,5, ,2,2,2,2,2,2,10,7,2,, ,,,,,,, ,,,,1,,2025_EneFebMar,,,,784.653385869264,,25-39,1,Secundaria
2025,1,47851,1,86,1,1,202501478511008612,1,2,2,1,2, ,1,41.0,2,28.0,4.0,1983.0,2,1.0,, , , , , , , , , , , , ,2, ,4321.0,2813.0,3,5,1, ,5,501.0,0.0,0.0,0.0,0.0,0.0,0.0,0.0,0.0,,51.0,2,51.0,1,2,2,2,3,515.0,125.0,, ,, ,, , , , , , , , ,1,1,1,1,2, ,2, ,2, ,2, ,2, ,2, ,2, ,1,1,2, ,2, ,2, ,8,1, ,2,2,2,2,2,2,10,1,1,1030.0,542,,,,,,,388,1572.0,1572.0,1960.0,1,,2025_EneFebMar,,,,832.605663189168,,40-59,1,Superior No Univ.
2025,1,1796302,1,19,1,1,20231017963021001911,1,1,1,1,2, ,2,53.0,1,13.0,1.0,1972.0,2,2.0,2.0,2,2,2,2,2,2,2,2,2,2,2,2,1,2,,, , , , , ,,,,,,,,,,,, ,, , , , , ,,,, ,, ,, ,2,5,2,2,7, , ,1,6,2, ,2, ,2, ,2, ,2, ,2, ,2, ,2, ,2, ,2, ,2, ,2, ,6,5, ,2,2,2,2,2,2,10,8,4,, ,,,,,,, ,,,,1,,2025_EneFebMar,,,,730.026531524391,,40-59,0,Secundaria
2025,1,1796302,1,24,1,1,20241017963021002411,1,1,1,1,2, ,1,47.0,1,8.0,2.0,1977.0,1,,, , , , , , , , , , , , ,1, ,7342.0,1394.0,3,5,1, ,1,15.0,0.0,8.0,8.0,8.0,8.0,8.0,8.0,48.0,,48.0,1,,2, ,2,2,2,300.0,,, ,, ,, , , , , , , , ,1,6,2, ,2, ,2, ,2, ,2, ,2, ,2, ,2, ,2, ,2, ,2, ,2, ,6,5, ,2,2,2,2,2,2,10,8,1,1299.0, ,,,,,,, ,1299.0,1299.0,1299.0,1,,2025_EneFebMar,,,,809.72312661311,,40-59,0,Secundaria
2025,1,18151,1,100,1,1,202410181511010011,1,1,1,1,2, ,1,44.0,1,19.0,10.0,1980.0,1,,, , , , , , , , , , , , ,1, ,4321.0,5222.0,3,5,1, ,4,250.0,0.0,12.0,12.0,12.0,12.0,0.0,0.0,48.0,,48.0,1,,2, ,2,2,4,3500.0,,, ,, ,, , , , , , , , ,1,3,1,1,2, ,1,1,2, ,2, ,2, ,2, ,2, ,1,1,2, ,2, ,2, ,9,3, ,2,2,2,2,2,2,10,7,1,3500.0, ,,,,,,,876,3500.0,3500.0,4376.0,1,,2025_EneFebMar,,,,483.380348424738,,40-59,1,Superior No Univ.
2025,1,18151,1,100,1,1,202410181511010012,1,2,2,1,2, ,2,40.0,2,22.0,6.0,1984.0,2,2.0,2.0,2,2,2,2,2,2,2,2,2,2,2,2,2,2,,, , , , , ,,,,,,,,,,,, ,, , , , , ,,,, ,, ,, ,2,5,2,2,6, , ,1,3,1,4,2, ,1,4,2, ,2, ,2, ,2, ,2, ,1,5,2, ,2, ,2, ,6,5, ,2,2,2,2,2,2,10,7,4,, ,,,,,,, ,,,,1,,2025_EneFebMar,,,,455.541012778293,,40-59,1,Secundaria
2025,1,18151,1,100,1,1,202410181511010013,1,3,3,1,2, ,2,20.0,3,29.0,10.0,2004.0,2,2.0,2.0,2,2,2,2,2,2,2,2,2,2,2,2,3,2,,, , , , , ,,,,,,,,,,,, ,, , , , , ,,,, ,, ,, ,2,4,2,2,5, , ,1,3,1,4,2, ,1,4,2, ,2, ,2, ,2, ,2, ,2, ,2, ,2, ,2, ,10,4, ,2,2,2,2,2,2,10,7,4,, ,,,,,,, ,,,,1,,2025_EneFebMar,,,,432.111148087699,,15-24,1,Superior Univ.
2025,1,18227,1,228,1,1,202410182271022811,1,1,1,1,2, ,2,36.0,1,4.0,7.0,1988.0,1,,, , , , , , , , , , , , ,1, ,9112.0,7830.0,3,4,1, ,3,80.0,0.0,8.0,8.0,8.0,8.0,8.0,8.0,48.0,,48.0,1,,2, ,2,2,4,1500.0,,, ,, ,, , , , , , , , ,1,1,1,1,2, ,2, ,2, ,2, ,2, ,2, ,2, ,1,1,2, ,2, ,2, ,8,1, ,2,2,2,2,2,2,10,7,1,1500.0, ,,,,,,,375,1500.0,1500.0,1875.0,1,,2025_EneFebMar,,,,408.728763231107,,25-39,1,Superior No Univ.
2025,1,18227,1,228,1,1,202410182271022812,1,2,3,1,2, ,2,14.0,1,6.0,11.0,2010.0,2,2.0,2.0,2,2,2,2,2,2,2,2,2,2,2,2,2,2,,, , , , , ,,,,,,,,,,,, ,, , , , , ,,,, ,, ,, ,2,5,2,2,3, , ,2,1,1,4,2, ,2, ,2, ,2, ,2, ,2, ,2, ,2, ,2, ,2, ,2, ,5,1, ,2,2,2,2,2,2,10,7,4,, ,,,,,,, ,,,,1,,2025_EneFebMar,,,,387.706595415188,,0-14,1,Secundaria
2025,1,1824401,1,34,1,1,20240118244011003411,1,1,1,1,2, ,2,71.0,1,9.0,1.0,1954.0,2,2.0,2.0,2,2,2,2,2,2,2,2,2,2,2,2,1,2,,, , , , , ,,,,,,,,,,,, ,, , , , , ,,,, ,, ,, ,2,5,2,2,3, , ,1,1,1,4,2, ,2, ,2, ,2, ,2, ,2, ,2, ,2, ,2, ,2, ,2, ,3,4, ,2,2,2,2,2,2,1,7,4,, ,,,,,,, ,,,,1,,2025_EneFebMar,,,,403.659501057343,,60+,1,Primaria
2025,1,1824401,1,34,1,1,20240118244011003412,1,2,2,1,2, ,1,75.0,2,13.0,7.0,1949.0,2,2.0,2.0,2,2,2,2,2,2,2,2,2,2,2,2,2,2,,, , , , , ,,,,,,,,,,,, ,, , , , , ,,,, ,, ,, ,2,6,2,2,7, , ,1,1,1,3,2, ,2, ,2, ,2, ,2, ,2, ,2, ,2, ,1,3,2, ,2, ,3,3, ,2,2,2,2,2,2,1,7,4,, ,,,,,,, ,,,,1,,2025_EneFebMar,,,,447.726786861745,,60+,1,Primaria
2025,1,18358,1,103,1,1,202401183581010312,1,2,2,1,2, ,2,77.0,2,18.0,12.0,1947.0,2,2.0,2.0,2,2,2,2,2,2,2,2,2,2,2,2,2,2,,, , , , , ,,,,,,,,,,,, ,, , , , , ,,,, ,, ,, ,2,5,1,1,7, , ,1,1,1,4,2, ,2, ,2, ,2, ,2, ,2, ,2, ,2, ,2, ,2, ,2, ,11,5, ,2,2,2,2,2,2,10,7,3,, ,,,,,,, ,,,,1,,2025_EneFebMar,,,,342.452670944723,,60+,1,Superior Univ.
2025,1,18358,1,103,1,1,202401183581010313,1,3,3,1,2, ,1,41.0,3,30.0,6.0,1983.0,2,2.0,2.0,2,2,2,2,2,2,2,2,2,2,2,2,3,2,,, , , , , ,,,,,,,,,,,, ,, , , , , ,,,, ,, ,, ,2,3,1,1,9, , ,1,6,2, ,2, ,2, ,2, ,2, ,2, ,2, ,2, ,2, ,1,5,2, ,2, ,9,3, ,2,2,2,2,2,2,10,7,3,, ,,,,,,, ,,,,1,,2025_EneFebMar,,,,455.294994089213,,40-59,0,Superior No Univ.
2025,1,18358,1,103,1,1,202401183581010314,1,4,3,1,2, ,1,35.0,4,14.0,9.0,1989.0,1,,, , , , , , , , , , , , ,4, ,3513.0,8411.0,3,2, , ,5,9998.0,0.0,8.0,8.0,8.0,8.0,8.0,0.0,40.0,,40.0,1,,2, ,2,2,4,3000.0,,, ,, ,, , , , , , , , ,1,5,2, ,2, ,2, ,2, ,1,5,2, ,2, ,2, ,1,5,2, ,2, ,2, ,10,1, ,2,2,2,2,2,2,10,7,1,3000.0, ,,,,,,, ,3000.0,3000.0,3000.0,1,,2025_EneFebMar,,,,455.294994089213,,25-39,1,Superior Univ.
2025,1,18358,1,105,1,1,202401183581010511,1,1,1,1,2, ,1,94.0,1,18.0,10.0,1930.0,2,2.0,2.0,2,2,2,2,2,2,2,2,2,2,2,2,1,2,,, , , , , ,,,,,,,,,,,, ,, , , , , ,,,, ,, ,, ,2,6,2,2,3, , ,1,1,1,3,2, ,2, ,2, ,2, ,2, ,2, ,2, ,2, ,1,3,2, ,2, ,11,5, ,2,2,2,2,2,2,10,7,4,, ,,,,,,, ,,,,1,,2025_EneFebMar,,,,379.83804075634,,60+,1,Superior Univ.
2025,1,18358,1,105,1,1,202401183581010512,1,2,2,1,2, ,2,68.0,2,13.0,5.0,1956.0,1,,, , , , , , , , , , , , ,2, ,9412.0,5610.0,3,5,3,2,1,2.0,5.0,4.0,4.0,4.0,4.0,4.0,5.0,30.0,,30.0,1,,1,1,1,2,1,30.0,5.0,, ,, ,, , , , , , , , ,1,1,1,4,2, ,2, ,2, ,2, ,2, ,2, ,2, ,2, ,2, ,2, ,2, ,5,2, ,2,2,2,2,2,2,10,7,1,900.0,150,,,,,,, ,1050.0,1050.0,1050.0,1,,2025_EneFebMar,,,,342.452670944723,,60+,1,Secundaria
2025,1,18358,1,105,1,1,202401183581010513,1,3,3,1,2, ,2,37.0,3,7.0,4.0,1987.0,1,,, , , , , , , , , , , , ,3, ,9112.0,8121.0,3,4,1, ,5,1000.0,0.0,8.0,8.0,8.0,8.0,8.0,8.0,48.0,,48.0,1,,2, ,2,2,4,1050.0,,, ,, ,, , , , , , , , ,1,1,1,1,2, ,2, ,2, ,2, ,2, ,2, ,2, ,2, ,1,1,2, ,2, ,5,1, ,2,2,2,2,2,2,10,7,1,1050.0, ,,,,,,,264,1050.0,1050.0,1314.0,1,,2025_EneFebMar,,,,429.073178908058,,25-39,1,Secundaria
2025,1,18358,1,106,1,1,202401183581010611,1,1,1,1,2, ,2,53.0,1,5.0,5.0,1971.0,2,2.0,2.0,2,2,2,2,2,2,2,2,2,2,2,2,1,2,,, , , , , ,,,,,,,,,,,, ,, , , , , ,,,, ,, ,, ,2,5,1,2,6, , ,1,5,2, ,2, ,2, ,2, ,1,5,2, ,2, ,2, ,2, ,2, ,2, ,2, ,6,5, ,2,2,2,2,2,2,10,6,4,, ,,,,,,, ,,,,1,,2025_EneFebMar,,,,342.452670944723,,40-59,1,Secundaria
2025,1,18358,1,106,1,1,202404183581010612,1,2,3,1,2, ,1,30.0,2,14.0,6.0,1994.0,1,,, , , , , , , , , , , , ,2, ,7212.0,3011.0,3,5,1, ,2,30.0,0.0,8.0,8.0,8.0,8.0,8.0,5.0,45.0,,45.0,1,,2, ,2,2,4,2500.0,,, ,, ,, , , , , , , , ,1,1,1,1,2, ,2, ,2, ,2, ,2, ,2, ,2, ,1,1,2, ,2, ,2, ,6,5, ,2,2,2,2,2,2,10,6,1,2500.0, ,,,,,,,116,2500.0,2500.0,2616.0,1,,2025_EneFebMar,,,,455.294994089213,,25-39,1,Secundaria
2025,1,18358,1,106,1,1,202404183581010616,1,3,4,1,2, ,2,28.0,3,22.0,2.0,1996.0,2,2.0,2.0,2,2,2,2,2,2,2,2,2,2,2,2,3,2,,, , , , , ,,,,,,,,,,,, ,, , , , , ,,,, ,, ,, ,2,5,2,2,6, , ,1,5,2, ,2, ,2, ,2, ,1,5,2, ,2, ,2, ,1,5,2, ,2, ,2, ,6,5, ,2,2,2,2,2,2,10,6,4,, ,,,,,,, ,,,,1,,2025_EneFebMar,,,,429.073178908058,,25-39,1,Secundaria
2025,1,18358,1,107,1,1,202401183581010711,1,1,1,1,2, ,1,78.0,1,21.0,1.0,1946.0,2,2.0,2.0,2,2,2,2,2,2,2,2,2,2,2,2,1,2,,, , , , , ,,,,,,,,,,,, ,, , , , , ,,,, ,, ,, ,2,6,1,1,3, , ,1,1,1,3,2, ,2, ,2, ,2, ,2, ,2, ,2, ,2, ,1,3,2, ,2, ,10,1, ,2,2,2,2,2,2,10,7,4,, ,,,,,,, ,,,,1,,2025_EneFebMar,,,,379.83804075634,,60+,1,Superior Univ.
2025,1,18358,1,107,1,1,202401183581010712,1,2,2,1,2, ,2,61.0,2,16.0,7.0,1963.0,2,2.0,2.0,2,2,2,2,2,2,2,2,2,2,2,2,2,2,,, , , , , ,,,,,,,,,,,, ,, , , , , ,,,, ,, ,, ,2,5,2,2,6, , ,1,1,1,4,2, ,2, ,2, ,2, ,2, ,2, ,2, ,2, ,2, ,2, ,2, ,8,2, ,2,2,2,2,2,2,10,7,4,, ,,,,,,, ,,,,1,,2025_EneFebMar,,,,342.452670944723,,60+,1,Superior No Univ.
2025,1,18409,1,175,1,1,202401184091017521,1,1,1,1,2, ,1,75.0,1,9.0,11.0,1949.0,2,2.0,2.0,2,2,2,2,2,2,2,2,2,2,2,2,1,2,,, , , , , ,,,,,,,,,,,, ,, , , , , ,,,, ,, ,, ,2,6,1,1,3, , ,1,1,1,3,2, ,2, ,2, ,2, ,2, ,2, ,2, ,2, ,1,3,2, ,2, ,10,1, ,2,2,2,2,2,2,10,5,4,, ,,,,,,, ,,,,1,,2025_EneFebMar,,,,383.735453258045,,60+,1,Superior Univ.
2025,1,18409,1,47,1,1,202401184091004711,1,1,1,1,2, ,2,74.0,1,10.0,12.0,1950.0,2,2.0,2.0,2,2,2,2,2,2,2,2,2,2,2,2,1,2,,, , , , , ,,,,,,,,,,,, ,, , , , , ,,,, ,, ,, ,2,5,2,2,3, , ,1,5,2, ,2, ,2, ,2, ,1,5,2, ,2, ,2, ,2, ,2, ,2, ,2, ,6,5, ,2,2,2,2,2,1,10,7,4,, ,,,,,,, ,,,,1,,2025_EneFebMar,,,,345.966482563813,,60+,1,Secundaria
2025,1,18409,1,47,1,1,202401184091004712,1,2,3,1,2, ,1,53.0,2,1.0,9.0,1971.0,2,2.0,2.0,2,2,2,2,2,2,2,2,2,2,2,2,2,2,,, , , , , ,,,,,,,,,,,, ,, , , , , ,,,, ,, ,, ,1,5,1,1,13,5,2,1,5,2, ,2, ,2, ,2, ,1,5,2, ,2, ,2, ,2, ,2, ,2, ,2, ,6,5, ,2,2,2,2,2,2,10,7,2,, ,,,,,,, ,,,,1,,2025_EneFebMar,,,,383.735453258045,,40-59,1,Secundaria
2025,1,17891,2,112,1,1,202410178912011211,1,1,1,1,2, ,2,63.0,1,26.0,5.0,1961.0,2,2.0,2.0,2,2,2,2,2,2,2,2,2,2,2,2,1,2,,, , , , , ,,,,,,,,,,,, ,, , , , , ,,,, ,, ,, ,2,5,2,2,6, , ,1,5,2, ,2, ,2, ,2, ,1,5,2, ,2, ,2, ,2, ,2, ,2, ,2, ,6,5, ,2,2,2,2,2,2,10,9,4,, ,,,,,,, ,,,,1,,2025_EneFebMar,,,,346.400577005304,,60+,1,Secundaria
2025,1,17902,1,65,1,1,202401179021006511,1,1,1,1,2, ,2,77.0,1,15.0,4.0,1947.0,2,2.0,2.0,2,2,2,2,2,2,2,2,2,2,2,2,1,2,,, , , , , ,,,,,,,,,,,, ,, , , , , ,,,, ,, ,, ,2,5,2,2,6, , ,1,5,2, ,2, ,2, ,2, ,1,5,2, ,2, ,2, ,2, ,2, ,2, ,2, ,3,4, ,2,2,2,2,2,2,10,7,4,, ,,,,,,, ,,,,1,,2025_EneFebMar,,,,348.403265082108,,60+,1,Primaria
2025,1,17302,1,42,1,1,202310173021004211,1,1,1,1,2, ,1,56.0,1,5.0,3.0,1968.0,2,2.0,2.0,2,2,2,2,2,2,2,2,2,2,2,2,1,2,,, , , , , ,,,,,,,,,,,, ,, , , , , ,,,, ,, ,, ,1,5,1,1,13,5,2,1,5,2, ,2, ,2, ,2, ,1,5,2, ,2, ,2, ,2, ,2, ,2, ,2, ,6,5, ,2,2,2,2,2,2,10,7,2,, ,,,,,,, ,,,,1,,2025_EneFebMar,,,,654.22702402186,,40-59,1,Secundaria
2025,1,17302,1,42,1,1,202310173021004212,1,2,2,1,2, ,2,59.0,2,15.0,12.0,1965.0,1,,, , , , , , , , , , , , ,2, ,9111.0,9700.0,6, , , ,1,1.0,0.0,11.0,6.0,0.0,0.0,11.0,11.0,39.0,,60.0,2,60.0,2, ,2,2,4,1200.0,320.0,, ,, ,, , , , , , , , ,1,5,2, ,2, ,2, ,2, ,1,5,2, ,2, ,2, ,2, ,2, ,2, ,2, ,5,3, ,2,2,2,2,2,2,10,7,1,1200.0,387,,,,,,,50,1587.0,1587.0,1637.0,1,,2025_EneFebMar,,,,589.835055315648,,40-59,1,Secundaria
2025,1,17302,1,42,1,1,202310173021004213,1,3,3,1,2, ,1,34.0,3,20.0,5.0,1990.0,1,,, , , , , , , , , , , , ,3, ,7411.0,4321.0,3,5,1, ,2,50.0,0.0,8.0,8.0,0.0,0.0,8.0,8.0,32.0,,45.0,2,45.0,2, ,2,2,2,700.0,,, ,, ,, , , , , , , , ,1,1,1,1,2, ,2, ,2, ,2, ,2, ,2, ,2, ,2, ,1,1,2, ,2, ,6,5, ,2,2,2,2,2,2,10,7,1,3031.0, ,,,,,,, ,3031.0,3031.0,3031.0,1,,2025_EneFebMar,,,,784.192885056798,,25-39,1,Secundaria
2025,1,17302,1,44,1,1,202310173021004411,1,1,1,1,2, ,2,40.0,1,12.0,5.0,1984.0,1,,, , , , , , , , , , , , ,1, ,3221.0,8610.0,3,2, , ,5,1000.0,12.0,6.0,6.0,0.0,6.0,6.0,6.0,42.0,,42.0,1,,2, ,2,2,4,2800.0,,, ,, ,, , , , , , , , ,1,1,1,1,2, ,2, ,2, ,2, ,2, ,2, ,2, ,1,1,2, ,2, ,2, ,9,3, ,2,2,2,2,2,2,10,7,1,2800.0, ,,,,,,,50,2800.0,2800.0,2850.0,1,,2025_EneFebMar,,,,739.028845993572,,40-59,1,Superior No Univ.
2025,1,17302,1,44,1,1,202310173021004412,1,2,2,1,2, ,1,43.0,2,23.0,9.0,1981.0,1,,, , , , , , , , , , , , ,2, ,3221.0,8610.0,3,2, , ,5,1000.0,6.0,6.0,6.0,0.0,6.0,6.0,12.0,42.0,,42.0,1,,2, ,2,2,4,3000.0,,, ,, ,, , , , , , , , ,1,1,1,1,2, ,2, ,2, ,2, ,2, ,2, ,2, ,1,1,2, ,2, ,2, ,9,3, ,2,2,2,2,2,2,10,1,1,3000.0, ,,,,,,,50,3000.0,3000.0,3050.0,1,,2025_EneFebMar,,,,784.192885056798,,40-59,1,Superior No Univ.
2025,1,17515,1,1,1,1,202401175151000111,1,1,1,1,2, ,1,59.0,1,18.0,10.0,1965.0,1,,, , , , , , , , , , , , ,1, ,8343.0,5229.0,3,5,1, ,4,400.0,0.0,8.0,8.0,8.0,8.0,8.0,9.0,49.0,,49.0,1,,2, ,2,2,4,2000.0,,, ,, ,, , , , , , , , ,1,1,1,1,2, ,2, ,2, ,2, ,2, ,2, ,2, ,1,1,2, ,2, ,2, ,4,5, ,2,2,2,2,2,2,10,7,1,2000.0, ,,,,,,,250,2000.0,2000.0,2250.0,1,,2025_EneFebMar,,,,386.155864659485,,40-59,1,Primaria
2025,1,17515,1,1,1,1,202401175151000112,1,2,3,1,2, ,1,22.0,2,25.0,8.0,2002.0,2,2.0,2.0,2,2,2,2,2,2,2,2,2,2,2,2,2,2,,, , , , , ,,,,,,,,,,,, ,, , , , , ,,,, ,, ,, ,2,5,1,1,4, , ,1,6,2, ,2, ,2, ,2, ,2, ,2, ,2, ,2, ,2, ,2, ,2, ,2, ,5,2, ,2,2,2,2,2,2,10,7,3,, ,,,,,,, ,,,,1,,2025_EneFebMar,,,,370.488571337148,,15-24,0,Secundaria
2025,1,17515,1,1,1,1,202401175151000113,1,3,3,1,2, ,1,20.0,3,28.0,5.0,2004.0,2,2.0,2.0,2,2,2,2,2,2,2,2,2,2,2,2,3,2,,, , , , , ,,,,,,,,,,,, ,, , , , , ,,,, ,, ,, ,2,5,1,1,1, , ,1,6,2, ,2, ,2, ,2, ,2, ,2, ,2, ,2, ,2, ,2, ,2, ,2, ,5,4, ,2,2,2,2,2,2,10,7,3,, ,,,,,,, ,,,,1,,2025_EneFebMar,,,,370.488571337148,,15-24,0,Secundaria
2025,1,17515,1,3,1,1,202401175151000311,1,1,1,1,2, ,1,28.0,1,6.0,8.0,1996.0,1,,, , , , , , , , , , , , ,1, ,7411.0,4100.0,3,5,1, ,5,1000.0,0.0,8.0,8.0,8.0,8.0,8.0,8.0,48.0,,48.0,1,,2, ,2,2,4,2000.0,,, ,, ,, , , , , , , , ,1,1,1,1,2, ,2, ,2, ,2, ,2, ,2, ,2, ,1,1,2, ,2, ,2, ,6,5, ,2,2,2,2,2,2,10,7,1,2000.0, ,,,,,,,250,2000.0,2000.0,2250.0,1,,2025_EneFebMar,,,,462.867889081276,,25-39,1,Secundaria
2025,1,17533,1,61,1,1,202401175331006111,1,1,1,1,2, ,1,55.0,1,2.0,4.0,1969.0,1,,, , , , , , , , , , , , ,1, ,120.0,8423.0,3,1, , ,5,1000.0,0.0,9.0,9.0,9.0,9.0,9.0,9.0,54.0,,54.0,1,,2, ,2,2,4,6000.0,20.0,, ,, ,, , , , , , , , ,1,4,2, ,2, ,2, ,1,1,2, ,2, ,2, ,2, ,2, ,2, ,2, ,1,1,11,5, ,2,2,2,2,2,2,10,7,1,6000.0,600,,,,,,,50,6600.0,6600.0,6650.0,1,,2025_EneFebMar,,,,404.276772655248,,40-59,1,Superior Univ.
2025,1,17533,1,61,1,1,202401175331006112,1,2,2,1,2, ,2,56.0,2,9.0,2.0,1968.0,2,2.0,2.0,2,2,2,2,2,2,2,2,2,2,2,2,2,2,,, , , , , ,,,,,,,,,,,, ,, , , , , ,,,, ,, ,, ,2,5,2,2,6, , ,1,4,2, ,2, ,2, ,1,4,2, ,2, ,2, ,2, ,2, ,2, ,2, ,2, ,6,5, ,2,2,2,2,2,2,10,7,4,, ,,,,,,, ,,,,1,,2025_EneFebMar,,,,364.486032839224,,40-59,1,Secundaria
2025,1,17533,1,61,1,1,202401175331006113,1,3,3,1,2, ,2,25.0,3,17.0,5.0,1999.0,2,2.0,2.0,2,2,2,2,2,2,2,2,2,2,2,2,3,2,,, , , , , ,,,,,,,,,,,, ,, , , , , ,,,, ,, ,, ,2,4,2,2,5, , ,1,6,2, ,2, ,2, ,2, ,2, ,2, ,2, ,2, ,2, ,2, ,2, ,2, ,10,1, ,2,2,2,2,2,2,10,7,4,, ,,,,,,, ,,,,1,,2025_EneFebMar,,,,456.679693420048,,25-39,0,Superior Univ.
2025,1,17533,1,61,1,1,202401175331006114,1,4,3,1,2, ,2,17.0,4,13.0,3.0,2007.0,2,2.0,2.0,2,2,2,2,2,2,2,2,2,2,2,2,4,2,,, , , , , ,,,,,,,,,,,, ,, , , , , ,,,, ,, ,, ,2,4,2,2,5, , ,1,4,2, ,2, ,2, ,1,4,2, ,2, ,2, ,2, ,2, ,2, ,2, ,2, ,5,3, ,2,2,2,2,2,2,10,9,4,, ,,,,,,, ,,,,1,,2025_EneFebMar,,,,433.191262908564,,15-24,1,Secundaria
2025,1,17533,1,63,1,1,202401175331006312,1,2,3,1,2, ,1,19.0,2,13.0,9.0,2005.0,2,2.0,2.0,2,2,2,2,2,2,2,2,2,2,2,2,2,2,,, , , , , ,,,,,,,,,,,, ,, , , , , ,,,, ,, ,, ,2,5,1,1,6, , ,1,5,2, ,2, ,2, ,2, ,1,5,2, ,2, ,2, ,2, ,2, ,2, ,2, ,5,4, ,2,2,2,2,2,2,10,7,4,, ,,,,,,, ,,,,1,,2025_EneFebMar,,,,387.87426952045,,15-24,1,Secundaria
2025,1,17578,1,40,1,1,202410175781004011,1,1,1,1,2, ,1,55.0,1,23.0,4.0,1969.0,1,,, , , , , , , , , , , , ,1, ,220.0,8423.0,3,1, , ,5,9000.0,16.0,8.0,16.0,8.0,16.0,8.0,16.0,88.0,,88.0,1,,2, ,2,2,4,3800.0,,, ,, ,, , , , , , , , ,2,4,2, ,2, ,2, ,1,1,2, ,2, ,2, ,2, ,2, ,2, ,2, ,1,1,6,5, ,2,2,2,2,2,2,10,7,1,3800.0, ,,,,,,,75,3800.0,3800.0,3875.0,1,,2025_EneFebMar,,,,400.751503513237,,40-59,1,Secundaria
2025,1,17578,1,40,1,1,202410175781004012,1,2,2,1,2, ,2,48.0,2,29.0,6.0,1976.0,2,2.0,2.0,2,2,2,2,2,2,2,2,2,2,2,2,2,2,,, , , , , ,,,,,,,,,,,, ,, , , , , ,,,, ,, ,, ,2,5,2,2,6, , ,2,4,2, ,2, ,2, ,1,4,2, ,2, ,2, ,2, ,2, ,2, ,2, ,2, ,6,5, ,2,2,2,2,2,2,10,7,4,, ,,,,,,, ,,,,1,,2025_EneFebMar,,,,361.307736555165,,40-59,1,Secundaria
2025,1,17578,1,40,1,1,202410175781004013,1,3,3,1,2, ,1,24.0,3,19.0,11.0,2000.0,1,,, , , , , , , , , , , , ,3, ,3257.0,1812.0,3,5,1, ,4,120.0,0.0,8.0,8.0,8.0,8.0,8.0,8.0,48.0,,48.0,1,,2, ,2,2,4,2000.0,,, ,, ,, , , , , , , , ,1,1,1,1,2, ,2, ,2, ,2, ,2, ,2, ,2, ,1,1,2, ,2, ,2, ,11,5, ,2,2,2,2,2,2,10,7,1,2000.0, ,,,,,,,100,2000.0,2000.0,2100.0,1,,2025_EneFebMar,,,,384.492029219234,,15-24,1,Superior Univ.
2025,1,17578,1,40,1,1,202410175781004014,1,4,3,1,2, ,1,22.0,4,9.0,6.0,2002.0,1,,, , , , , , , , , , , , ,4, ,4419.0,4923.0,3,5,1, ,4,400.0,0.0,8.0,8.0,8.0,8.0,8.0,4.0,44.0,,44.0,1,,2, ,2,2,4,1800.0,,, ,, ,, , , , , , , , ,1,1,1,1,2, ,2, ,2, ,2, ,2, ,2, ,2, ,1,1,2, ,2, ,2, ,11,5, ,2,2,2,2,2,2,10,7,1,1800.0, ,,,,,,, ,1800.0,1800.0,1800.0,1,,2025_EneFebMar,,,,384.492029219234,,15-24,1,Superior Univ.
2025,1,17578,1,42,1,1,202410175781004211,1,1,1,1,2, ,1,56.0,1,18.0,12.0,1968.0,1,,, , , , , , , , , , , , ,1, ,5412.0,8411.0,3,2, , ,5,9000.0,8.0,8.0,0.0,8.0,8.0,8.0,8.0,48.0,,48.0,1,,2, ,2,2,4,1680.0,,, ,, ,, , , , , , , , ,1,5,2, ,2, ,2, ,2, ,1,5,2, ,2, ,2, ,2, ,2, ,2, ,2, ,10,2, ,2,2,2,2,2,2,10,7,1,1680.0, ,,,,,,, ,1680.0,1680.0,1680.0,1,,2025_EneFebMar,,,,400.751503513237,,40-59,1,Superior Univ.
2025,1,17578,1,42,1,1,202410175781004212,1,2,2,1,2, ,2,55.0,2,9.0,7.0,1969.0,2,2.0,2.0,2,2,2,2,2,2,2,2,2,2,2,2,2,2,,, , , , , ,,,,,,,,,,,, ,, , , , , ,,,, ,, ,, ,2,5,2,2,6, , ,1,1,1,5,2, ,2, ,2, ,2, ,2, ,2, ,2, ,2, ,2, ,2, ,2, ,10,2, ,2,2,2,2,2,2,10,7,4,, ,,,,,,, ,,,,1,,2025_EneFebMar,,,,361.307736555165,,40-59,1,Superior Univ.
2025,1,17642,1,26,1,1,202410176421002611,1,1,1,1,2, ,2,42.0,1,29.0,5.0,1982.0,1,,, , , , , , , , , , , , ,1, ,5212.0,4772.0,3,5,2,1,1,7.0,8.0,8.0,8.0,0.0,8.0,8.0,8.0,48.0,,48.0,1,,2, ,2,2,4,1500.0,,, ,, ,, , , , , , , , ,1,1,1,1,2, ,2, ,2, ,2, ,2, ,2, ,2, ,1,1,2, ,2, ,2, ,9,3, ,2,2,2,2,2,2,10,7,1,1500.0, ,,,,,,,116,1500.0,1500.0,1616.0,1,,2025_EneFebMar,,,,374.032718560446,,40-59,1,Superior No Univ.
2025,1,17642,1,26,1,1,202410176421002614,1,4,9,2, ,1,2,42.0,4,22.0,1.0,1982.0,1,,, , , , , , , , , , , , ,4, ,9111.0,9700.0,6, , , ,1,1.0,0.0,12.0,12.0,12.0,12.0,12.0,12.0,72.0,,72.0,1,,2, ,2,2,4,600.0,320.0,, ,, ,, , , , , , , , ,1,5,2, ,2, ,2, ,2, ,1,5,2, ,2, ,2, ,2, ,2, ,2, ,2, ,9,3, ,2,2,2,2,2,2,10,7,1,600.0,720,,,,,,, ,1320.0,1320.0,1320.0,1,,2025_EneFebMar,,,,374.032718560446,,40-59,1,Superior No Univ.
2025,1,17667,1,17,1,1,202410176671001711,1,1,1,1,2, ,2,33.0,1,18.0,2.0,1991.0,1,,, , , , , , , , , , , , ,1, ,3314.0,6120.0,3,5,1, ,1,14.0,0.0,11.0,11.0,11.0,11.0,11.0,6.0,61.0,,61.0,1,,1,1,1,2,4,4500.0,,, ,, ,, , , , , , , , ,1,1,1,1,2, ,2, ,2, ,2, ,2, ,2, ,2, ,1,1,2, ,2, ,2, ,10,4, ,2,2,2,2,2,2,10,7,1,4500.0, ,,,,,,, ,4500.0,4500.0,4500.0,1,,2025_EneFebMar,,,,377.587197343607,,25-39,1,Superior Univ.
2025,1,17667,1,17,1,1,202410176671001712,1,2,2,1,2, ,1,33.0,2,11.0,7.0,1991.0,1,,, , , , , , , , , , , , ,2, ,3126.0,4321.0,3,5,1, ,1,15.0,0.0,8.0,8.0,8.0,8.0,8.0,0.0,40.0,,40.0,1,,1,1,1,1,4,5000.0,,, ,, ,, , , , , , , , ,1,1,1,1,2, ,2, ,2, ,2, ,2, ,2, ,2, ,1,1,2, ,2, ,2, ,11,5, ,2,2,2,2,2,2,10,7,1,5000.0, ,,,,,,, ,5000.0,5000.0,5000.0,1,,2025_EneFebMar,,,,400.662565812714,,25-39,1,Superior Univ.
2025,1,17667,1,19,1,1,202410176671001911,1,1,1,1,2, ,1,56.0,1,24.0,10.0,1968.0,1,,, , , , , , , , , , , , ,1, ,9112.0,8121.0,3,4,1, ,4,300.0,8.0,8.0,8.0,8.0,0.0,8.0,8.0,48.0,,48.0,1,,1,2,2,2,4,1500.0,,, ,, ,, , , , , , , , ,1,1,1,1,2, ,2, ,2, ,2, ,2, ,2, ,2, ,2, ,1,1,2, ,2, ,6,5, ,2,2,2,2,2,2,10,5,1,1500.0, ,,,,,,,333,1500.0,1500.0,1833.0,1,,2025_EneFebMar,,,,334.259954487638,,40-59,1,Secundaria
2025,1,17667,1,19,1,1,202410176671001912,1,2,2,1,2, ,2,59.0,2,23.0,6.0,1965.0,2,2.0,2.0,2,2,2,2,2,2,2,2,2,2,2,2,2,2,,, , , , , ,,,,,,,,,,,, ,, , , , , ,,,, ,, ,, ,2,5,1,2,6, , ,1,5,2, ,2, ,2, ,2, ,1,5,2, ,2, ,2, ,2, ,2, ,2, ,2, ,5,4, ,2,2,2,2,2,2,1,1,4,, ,,,,,,, ,,,,1,,2025_EneFebMar,,,,301.360585096274,,40-59,1,Secundaria
2025,1,17667,1,19,1,1,202410176671001914,1,3,3,1,2, ,2,22.0,3,9.0,10.0,2002.0,1,,, , , , , , , , , , , , ,3, ,5230.0,4722.0,3,5,1, ,5,9998.0,8.0,8.0,8.0,8.0,8.0,8.0,0.0,48.0,,48.0,1,,2, ,2,2,4,1025.0,,, ,, ,, , , , , , , , ,2,1,1,1,2, ,2, ,2, ,2, ,2, ,2, ,2, ,1,1,2, ,2, ,2, ,10,4, ,2,2,2,2,2,2,10,7,1,1025.0, ,,,,,,, ,1025.0,1025.0,1025.0,1,,2025_EneFebMar,,,,358.166735311647,,15-24,1,Superior Univ.
2025,1,17667,1,19,1,1,202410176671001915,1,4,3,1,2, ,1,20.0,4,8.0,12.0,2004.0,1,,, , , , , , , , , , , , ,4, ,3240.0,8411.0,8,2, , ,5,9998.0,0.0,8.0,8.0,8.0,8.0,8.0,0.0,40.0,,40.0,1,,2, ,2,2,5,,,, ,, ,, ,2,4,2,2,5, , ,2,5,2, ,2, ,2, ,2, ,1,5,2, ,2, ,2, ,2, ,2, ,2, ,2, ,10,1, ,2,2,2,2,2,2,10,7,1,, ,,,,,,, ,,,,1,,2025_EneFebMar,,,,320.698205898148,,15-24,1,Superior Univ.
2025,1,17667,1,22,1,1,202410176671002211,1,1,1,1,2, ,1,35.0,1,14.0,3.0,1989.0,1,,, , , , , , , , , , , , ,1, ,7221.0,2511.0,3,5,1, ,4,500.0,0.0,8.0,8.0,8.0,8.0,8.0,5.0,45.0,,45.0,1,,1,2,2,2,4,1600.0,6.0,, ,, ,, , , , , , , , ,1,1,1,1,2, ,2, ,2, ,2, ,2, ,2, ,2, ,1,1,2, ,2, ,2, ,8,1, ,2,2,2,2,2,2,10,9,1,1600.0,180,,,,,,,399,1780.0,1780.0,2179.0,1,,2025_EneFebMar,,,,400.662565812714,,25-39,1,Superior No Univ.
2025,1,17692,1,7,1,1,202401176921000711,1,1,1,1,2, ,1,39.0,1,5.0,11.0,1985.0,2,2.0,2.0,2,2,2,2,2,2,2,2,2,2,2,2,1,2,,, , , , , ,,,,,,,,,,,, ,, , , , , ,,,, ,, ,, ,2,8,1,2,6, , ,1,5,2, ,2, ,2, ,2, ,1,5,2, ,2, ,2, ,2, ,2, ,2, ,2, ,6,5, ,2,2,2,2,2,2,1,1,4,, ,,,,,,, ,,,,1,,2025_EneFebMar,,,,394.417509587891,,25-39,1,Secundaria
2025,1,49373,1,101,1,1,202310493731010111,1,1,1,1,2, ,1,35.0,1,15.0,7.0,1989.0,1,,, , , , , , , , , , , , ,1, ,9313.0,4100.0,3,5,2,2,1,5.0,0.0,8.0,8.0,0.0,0.0,8.0,8.0,32.0,,50.0,2,50.0,2, ,2,2,2,400.0,,, ,, ,, , , , , , , , ,1,5,2, ,2, ,2, ,2, ,1,5,2, ,2, ,2, ,2, ,2, ,2, ,2, ,4, ,6,2,2,2,2,2,2,10,7,1,1732.0, ,,,,,,, ,1732.0,1732.0,1732.0,1,,2025_EneFebMar,,,,1000.31427580406,,25-39,1,Primaria
2025,1,49373,1,101,1,1,202310493731010112,1,2,2,1,2, ,2,31.0,2,13.0,12.0,1993.0,2,2.0,2.0,2,2,2,2,2,2,2,2,2,2,2,2,2,2,,, , , , , ,,,,,,,,,,,, ,, , , , , ,,,, ,, ,, ,2,5,2,2,6, , ,1,5,2, ,2, ,2, ,2, ,1,5,2, ,2, ,2, ,2, ,2, ,2, ,2, ,6,5, ,2,2,2,2,2,2,10,7,4,, ,,,,,,, ,,,,1,,2025_EneFebMar,,,,942.703152458246,,25-39,1,Secundaria
2025,1,49373,1,102,1,1,202310493731010211,1,1,1,1,2, ,2,32.0,1,12.0,5.0,1992.0,1,,, , , , , , , , , , , , ,1, ,5212.0,4752.0,3,5,2,2,1,6.0,10.0,10.0,8.0,0.0,10.0,10.0,10.0,58.0,,66.0,2,66.0,2, ,2,2,4,250.0,15.0,, ,, ,, , , , , , , , ,1,5,2, ,2, ,2, ,2, ,1,5,2, ,2, ,2, ,2, ,2, ,2, ,2, ,5,2, ,2,2,2,2,2,2,10,7,1,250.0,450,,,,,,, ,700.0,700.0,700.0,1,,2025_EneFebMar,,,,942.703152458246,,25-39,1,Secundaria
2025,1,49373,1,102,1,1,202310493731010212,1,2,3,1,2, ,1,16.0,2,25.0,12.0,2008.0,2,2.0,2.0,2,2,2,2,2,2,2,2,2,2,2,2,2,2,,, , , , , ,,,,,,,,,,,, ,, , , , , ,,,, ,, ,, ,2,4,1,1,3, , ,1,5,2, ,2, ,2, ,2, ,1,5,2, ,2, ,2, ,2, ,2, ,2, ,2, ,5,4, ,2,2,2,2,2,2,10,7,4,, ,,,,,,, ,,,,1,,2025_EneFebMar,,,,800.671240483749,,15-24,1,Secundaria
2025,1,25044,1,21,1,1,202310250441002111,1,1,1,1,2, ,2,81.0,1,16.0,8.0,1943.0,2,2.0,2.0,2,2,2,2,2,2,2,2,2,2,2,2,1,2,,, , , , , ,,,,,,,,,,,, ,, , , , , ,,,, ,, ,, ,2,5,2,2,7, , ,1,5,2, ,2, ,2, ,2, ,1,5,2, ,2, ,2, ,2, ,2, ,2, ,2, ,4,5, ,1,2,2,2,2,2,10,7,4,, ,,,,,,, ,,,,1,,2025_EneFebMar,,,,1620.38450289143,,60+,1,Primaria
2025,1,25044,1,22,1,1,202310250441002211,1,1,1,1,2, ,1,84.0,1,19.0,9.0,1940.0,2,2.0,2.0,2,2,2,2,2,2,2,2,2,2,2,2,1,2,,, , , , , ,,,,,,,,,,,, ,, , , , , ,,,, ,, ,, ,2,5,1,1,7, , ,1,1,1,5,2, ,2, ,2, ,2, ,2, ,2, ,2, ,1,5,2, ,2, ,2, ,5,3, ,1,2,2,2,2,2,10,7,3,, ,,,,,,, ,,,,1,,2025_EneFebMar,,,,1797.28098820863,,60+,1,Secundaria
2025,1,49532,1,26,1,1,202310495321002611,1,1,1,1,2, ,2,39.0,1,16.0,12.0,1985.0,1,,, , , , , , , , , , , , ,1, ,5212.0,4721.0,3,5,3,2,1,2.0,0.0,10.0,10.0,10.0,10.0,10.0,10.0,60.0,,60.0,1,,2, ,2,2,2,72.0,72.0,, ,, ,, , , , , , , , ,1,5,2, ,2, ,2, ,2, ,1,5,2, ,2, ,2, ,2, ,2, ,2, ,2, ,6,5, ,2,2,2,2,2,2,10,7,1,312.0,312,,,,,,, ,624.0,624.0,624.0,1,,2025_EneFebMar,,,,1527.49890451153,,25-39,1,Secundaria
2025,1,49532,1,26,1,1,202310495321002612,1,2,3,1,2, ,1,19.0,2,25.0,11.0,2005.0,1,,, , , , , , , , , , , , ,2, ,7322.0,1623.0,3,5,3,2,1,6.0,0.0,9.0,9.0,9.0,9.0,9.0,9.0,54.0,,54.0,1,,2, ,2,2,2,250.0,,, ,, ,, , , , , , , , ,1,5,2, ,2, ,2, ,2, ,1,5,2, ,2, ,2, ,2, ,2, ,2, ,2, ,6,5, ,2,2,2,2,2,2,10,9,1,1083.0, ,,,,,,, ,1083.0,1083.0,1083.0,1,,2025_EneFebMar,,,,1297.35902497365,,15-24,1,Secundaria
2025,1,49532,1,26,1,1,202310495321002613,1,3,3,1,2, ,1,17.0,3,30.0,12.0,2007.0,2,2.0,2.0,2,2,2,2,2,2,2,2,2,2,2,2,3,2,,, , , , , ,,,,,,,,,,,, ,, , , , , ,,,, ,, ,, ,2,5,1,1,2, , ,1,5,2, ,2, ,2, ,2, ,1,5,2, ,2, ,2, ,2, ,2, ,2, ,2, ,6,5, ,2,2,2,2,2,2,10,9,3,, ,,,,,,, ,,,,1,,2025_EneFebMar,,,,1297.35902497365,,15-24,1,Secundaria
2025,1,1893102,1,54,1,1,20250118931021005411,1,1,1,1,2, ,2,23.0,1,31.0,7.0,2001.0,2,2.0,2.0,2,2,2,2,2,2,2,2,2,2,2,2,1,2,,, , , , , ,,,,,,,,,,,, ,, , , , , ,,,, ,, ,, ,2,5,2,2,6, , ,2,5,2, ,2, ,2, ,2, ,1,5,2, ,2, ,2, ,2, ,2, ,2, ,2, ,9,3, ,2,2,2,2,2,2,10,7,4,, ,,,,,,, ,,,,1,,2025_EneFebMar,,,,1297.30541515649,,15-24,1,Superior No Univ.
2025,1,1893102,1,54,1,1,20250118931021005412,1,2,2,1,2, ,1,30.0,2,20.0,3.0,1994.0,1,,, , , , , , , , , , , , ,2, ,312.0,8422.0,3,1, , ,5,9998.0,16.0,8.0,0.0,16.0,16.0,8.0,16.0,80.0,,80.0,2,56.0,1,1,1,2,4,3300.0,,, ,, ,, , , , , , , , ,1,4,2, ,2, ,2, ,1,1,2, ,2, ,2, ,2, ,2, ,2, ,2, ,1,1,9,3, ,2,2,2,2,2,2,10,5,1,3300.0, ,,,,,,,83,3300.0,3300.0,3383.0,1,,2025_EneFebMar,,,,1451.22833874301,,25-39,1,Superior No Univ.
2025,1,1893102,1,59,1,1,20241018931021005911,1,1,1,1,2, ,1,39.0,1,7.0,3.0,1985.0,1,,, , , , , , , , , , , , ,1, ,7312.0,2395.0,3,5,3,2,1,4.0,0.0,8.0,8.0,0.0,8.0,8.0,8.0,40.0,,48.0,2,48.0,2, ,2,2,2,500.0,,, ,, ,, , , , , , , , ,1,5,2, ,2, ,2, ,2, ,1,5,2, ,2, ,2, ,2, ,2, ,2, ,2, ,8,2, ,2,2,2,2,2,2,10,7,1,2165.0, ,,,,,,, ,2165.0,2165.0,2165.0,1,,2025_EneFebMar,,,,1451.22833874301,,25-39,1,Superior No Univ.
2025,1,1893102,1,59,1,1,20241018931021005912,1,2,2,1,2, ,2,38.0,2,23.0,11.0,1986.0,2,2.0,2.0,2,2,2,2,2,2,2,2,2,2,2,2,2,2,,, , , , , ,,,,,,,,,,,, ,, , , , , ,,,, ,, ,, ,2,5,1,1,9, , ,1,5,2, ,2, ,2, ,2, ,1,5,2, ,2, ,2, ,2, ,2, ,2, ,2, ,8,1, ,2,2,2,2,2,2,10,7,3,, ,,,,,,, ,,,,1,,2025_EneFebMar,,,,1367.64771128564,,25-39,1,Superior No Univ.
2025,1,1893102,1,59,1,1,20241018931021005913,1,3,3,1,2, ,1,17.0,3,19.0,1.0,2007.0,2,2.0,2.0,2,2,2,2,2,2,2,2,2,2,2,2,3,2,,, , , , , ,,,,,,,,,,,, ,, , , , , ,,,, ,, ,, ,2,4,1,2,5, , ,1,5,2, ,2, ,2, ,2, ,1,5,2, ,2, ,2, ,2, ,2, ,2, ,2, ,10,1, ,2,2,2,2,2,2,10,7,4,, ,,,,,,, ,,,,1,,2025_EneFebMar,,,,1161.59173403033,,15-24,1,Superior Univ.
2025,1,1893102,1,62,1,1,20241018931021006211,1,1,1,1,2, ,1,38.0,1,14.0,7.0,1986.0,2,2.0,2.0,2,2,2,2,2,2,2,2,2,2,2,2,1,2,,, , , , , ,,,,,,,,,,,, ,, , , , , ,,,, ,, ,, ,1,5,1,1,13,5,2,1,5,2, ,2, ,2, ,2, ,1,5,2, ,2, ,2, ,2, ,2, ,2, ,2, ,6,5, ,2,2,2,2,2,2,10,7,2,, ,,,,,,, ,,,,1,,2025_EneFebMar,,,,1451.22833874301,,25-39,1,Secundaria
2025,1,1893102,1,62,1,1,20241018931021006212,1,2,2,1,2, ,2,36.0,2,6.0,2.0,1988.0,2,2.0,2.0,2,2,2,2,2,2,2,2,2,2,2,2,2,2,,, , , , , ,,,,,,,,,,,, ,, , , , , ,,,, ,, ,, ,2,5,1,2,6, , ,1,5,2, ,2, ,2, ,2, ,1,5,2, ,2, ,2, ,2, ,2, ,2, ,2, ,6,5, ,2,2,2,2,2,2,10,7,4,, ,,,,,,, ,,,,1,,2025_EneFebMar,,,,1367.64771128564,,25-39,1,Secundaria
2025,1,1893102,1,63,1,1,20241018931021006311,1,1,1,1,2, ,2,46.0,1,30.0,10.0,1978.0,2,2.0,2.0,2,2,2,2,2,2,2,2,2,2,2,2,1,2,,, , , , , ,,,,,,,,,,,, ,, , , , , ,,,, ,, ,, ,2,5,1,2,6, , ,1,5,2, ,2, ,2, ,2, ,1,5,2, ,2, ,2, ,2, ,2, ,2, ,2, ,4, ,6,2,2,2,2,2,2,10,7,4,, ,,,,,,, ,,,,1,,2025_EneFebMar,,,,1091.54949473448,,40-59,1,Primaria
2025,1,1893102,1,63,1,1,20241018931021006312,1,2,2,1,2, ,1,48.0,2,20.0,6.0,1976.0,2,2.0,2.0,2,2,2,2,2,2,2,2,2,2,2,2,2,2,,, , , , , ,,,,,,,,,,,, ,, , , , , ,,,, ,, ,, ,2,7,1,2,7, , ,1,5,2, ,2, ,2, ,2, ,1,5,2, ,2, ,2, ,2, ,2, ,2, ,2, ,6,5, ,2,2,2,2,2,2,10,1,4,, ,,,,,,, ,,,,1,,2025_EneFebMar,,,,1210.71335295686,,40-59,1,Secundaria
2025,1,1893102,1,63,1,1,20241018931021006313,1,3,3,1,2, ,1,24.0,3,12.0,11.0,2000.0,1,,, , , , , , , , , , , , ,3, ,4321.0,4649.0,3,5,2,2,1,7.0,0.0,9.0,9.0,9.0,9.0,9.0,9.0,54.0,,54.0,1,,2, ,2,2,2,300.0,78.0,, ,, ,, , , , , , , , ,1,5,2, ,2, ,2, ,2, ,1,5,2, ,2, ,2, ,2, ,2, ,2, ,2, ,6,5, ,2,2,2,2,2,2,10,7,1,1299.0,338,,,,,,, ,1637.0,1637.0,1637.0,1,,2025_EneFebMar,,,,1161.59173403033,,15-24,1,Secundaria
2025,1,47160,1,20,1,1,202410471601002011,1,1,1,1,2, ,1,57.0,1,1.0,7.0,1967.0,1,,, , , , , , , , , , , , ,1, ,9313.0,4100.0,3,5,3,2,1,3.0,0.0,0.0,0.0,0.0,8.0,0.0,0.0,8.0,,48.0,2,48.0,1,1,1,1,2,80.0,10.0,, ,, ,, , , , , , , , ,1,5,2, ,2, ,2, ,2, ,1,5,2, ,2, ,2, ,2, ,2, ,2, ,2, ,6,5, ,2,2,2,2,2,2,10,7,1,346.0,43,,,,,,, ,389.0,389.0,389.0,1,,2025_EneFebMar,,,,1472.83105890398,,40-59,1,Secundaria
2025,1,47160,1,21,1,1,202310471601002111,1,1,1,1,2, ,1,51.0,1,22.0,3.0,1973.0,1,,, , , , , , , , , , , , ,1, ,8173.0,1702.0,3,5,1, ,4,120.0,0.0,9.0,9.0,0.0,9.0,9.0,6.0,42.0,,51.0,2,51.0,2, ,2,2,4,1400.0,,, ,, ,, , , , , , , , ,1,1,1,1,2, ,2, ,2, ,2, ,2, ,2, ,2, ,1,1,2, ,2, ,2, ,6,5, ,2,2,2,2,2,2,10,7,1,1400.0, ,,,,,,,409,1400.0,1400.0,1809.0,1,,2025_EneFebMar,,,,1472.83105890398,,40-59,1,Secundaria
2025,1,47160,1,21,1,1,202310471601002112,1,2,2,1,2, ,2,51.0,3,28.0,12.0,1973.0,1,,, , , , , , , , , , , , ,2, ,9111.0,9700.0,6, , , ,1,2.0,0.0,10.0,10.0,0.0,10.0,10.0,10.0,50.0,,50.0,1,,2, ,2,2,4,1200.0,75.0,, ,, ,, , , , , , , , ,1,1,1,4,2, ,2, ,2, ,2, ,2, ,2, ,2, ,2, ,2, ,2, ,2, ,6,5, ,2,2,2,2,2,2,10,7,1,1200.0,325,,,,,,, ,1525.0,1525.0,1525.0,1,,2025_EneFebMar,,,,1327.86839613981,,40-59,1,Secundaria
2025,1,47160,1,21,1,1,202310471601002113,1,3,3,1,2, ,1,28.0,3,9.0,3.0,1996.0,2,2.0,2.0,2,2,2,2,2,2,2,2,2,2,2,2,3,2,,, , , , , ,,,,,,,,,,,, ,, , , , , ,,,, ,, ,, ,2,8,1,2,11, , ,1,5,2, ,2, ,2, ,2, ,1,5,2, ,2, ,2, ,1,5,2, ,2, ,2, ,9,3, ,2,2,2,2,2,2,10,7,4,, ,,,,,,, ,,,,1,,2025_EneFebMar,,,,1765.41719445171,,25-39,1,Superior No Univ.
2025,1,47160,1,21,1,1,202310471601002114,1,4,3,1,2, ,1,16.0,4,26.0,5.0,2008.0,2,2.0,2.0,2,2,2,2,2,2,2,2,2,2,2,2,4,2,,, , , , , ,,,,,,,,,,,, ,, , , , , ,,,, ,, ,, ,2,4,2,1,3, , ,1,1,1,4,2, ,2, ,2, ,2, ,2, ,2, ,2, ,2, ,2, ,2, ,2, ,5,4, ,2,2,2,2,2,2,10,7,4,, ,,,,,,, ,,,,1,,2025_EneFebMar,,,,1413.07467987178,,15-24,1,Secundaria
2025,1,2747001,1,32,1,1,20231027470011003221,1,1,1,1,2, ,2,25.0,1,6.0,10.0,1999.0,1,,, , , , , , , , , , , , ,1, ,5412.0,8411.0,3,2, , ,5,9998.0,8.0,8.0,8.0,8.0,0.0,8.0,8.0,48.0,,48.0,1,,2, ,2,2,4,1950.0,,, ,, ,, , , , , , , , ,1,1,1,1,2, ,2, ,2, ,2, ,2, ,2, ,2, ,1,1,2, ,2, ,2, ,8,1, ,2,2,2,2,2,2,10,7,1,1950.0, ,,,,,,,25,1950.0,1950.0,1975.0,1,,2025_EneFebMar,,,,1435.57834134366,,25-39,1,Superior No Univ.
2025,1,2747001,1,34,1,1,20231027470011003411,1,1,1,1,2, ,2,50.0,1,30.0,8.0,1974.0,1,,, , , , , , , , , , , , ,1, ,9629.0,8292.0,3,5,1, ,2,30.0,0.0,8.0,8.0,8.0,8.0,8.0,8.0,48.0,,48.0,1,,2, ,2,2,4,1200.0,,, ,, ,, , , , , , , , ,1,1,1,1,2, ,2, ,2, ,2, ,2, ,2, ,2, ,1,1,2, ,2, ,2, ,6,5, ,2,2,2,2,2,2,10,1,1,1200.0, ,,,,,,,100,1200.0,1200.0,1300.0,1,,2025_EneFebMar,,,,1145.76641353963,,40-59,1,Secundaria
2025,1,2750801,1,62,1,1,20241027508011006211,1,1,1,1,2, ,1,30.0,1,5.0,3.0,1994.0,1,,, , , , , , , , , , , , ,1, ,3314.0,4771.0,3,5,1, ,4,500.0,8.0,0.0,8.0,8.0,8.0,8.0,8.0,48.0,,48.0,1,,2, ,2,2,4,3000.0,,, ,, ,, , , , , , , , ,1,1,1,1,2, ,2, ,2, ,2, ,2, ,2, ,2, ,1,1,2, ,2, ,2, ,9,3, ,2,2,2,2,2,2,10,7,1,3000.0, ,,,,,,,750,3000.0,3000.0,3750.0,1,,2025_EneFebMar,,,,1094.65734381333,,25-39,1,Superior No Univ.
2025,1,2750801,1,62,1,1,20241027508011006212,1,2,2,1,2, ,2,28.0,2,18.0,11.0,1996.0,2,1.0,, , , , , , , , , , , , ,2, ,9629.0,8530.0,3,5,1, ,5,9998.0,0.0,0.0,0.0,0.0,0.0,0.0,0.0,0.0,,48.0,2,48.0,2, ,2,2,4,2500.0,,, ,, ,, , , , , , , , ,1,1,1,1,2, ,2, ,2, ,2, ,2, ,2, ,2, ,1,1,2, ,2, ,2, ,9,3, ,2,2,2,2,2,2,10,7,1,2500.0, ,,,,,,,624,2500.0,2500.0,3124.0,1,,2025_EneFebMar,,,,1031.61271795798,,25-39,1,Superior No Univ.
2025,1,23432,1,102,1,1,202310234321010211,1,1,1,1,2, ,1,45.0,1,24.0,1.0,1979.0,1,,, , , , , , , , , , , , ,1, ,5120.0,5610.0,3,5,1, ,1,6.0,8.0,0.0,8.0,8.0,8.0,8.0,8.0,48.0,,48.0,1,,2, ,2,2,4,1800.0,12.0,, ,, ,, , , , , , , , ,1,1,1,1,2, ,2, ,2, ,2, ,2, ,2, ,2, ,1,1,2, ,2, ,2, ,9,3, ,2,2,2,2,2,2,1,1,1,1800.0,360,,,,,,,300,2160.0,2160.0,2460.0,1,,2025_EneFebMar,,,,1458.06583446841,,40-59,1,Superior No Univ.
2025,1,23432,1,102,1,1,202310234321010212,1,2,2,1,2, ,2,44.0,2,31.0,8.0,1980.0,1,,, , , , , , , , , , , , ,2, ,4417.0,5610.0,3,5,1, ,1,6.0,8.0,0.0,8.0,8.0,8.0,8.0,8.0,48.0,,48.0,1,,2, ,2,2,4,2000.0,12.0,, ,, ,, , , , , , , , ,1,5,2, ,2, ,2, ,2, ,1,5,2, ,2, ,2, ,2, ,2, ,2, ,2, ,9,3, ,2,2,2,2,2,2,10,6,1,2000.0,360,,,,,,, ,2360.0,2360.0,2360.0,1,,2025_EneFebMar,,,,1647.06236744179,,40-59,1,Superior No Univ.
2025,1,23432,1,109,1,1,202310234321010911,1,1,1,1,2, ,2,64.0,1,17.0,7.0,1960.0,1,,, , , , , , , , , , , , ,1, ,9112.0,8121.0,3,4,1, ,3,80.0,0.0,8.0,8.0,8.0,8.0,8.0,8.0,48.0,,48.0,1,,2, ,2,2,4,1200.0,,, ,, ,, , , , , , , , ,1,1,1,1,2, ,2, ,2, ,2, ,2, ,2, ,2, ,2, ,1,1,2, ,2, ,10,3, ,2,2,2,2,2,2,10,7,1,1200.0, ,,,,,,,200,1200.0,1200.0,1400.0,1,,2025_EneFebMar,,,,1314.55643155883,,60+,1,Superior Univ.
2025,1,20776,1,75,1,1,202410207761007511,1,1,1,1,2, ,2,42.0,1,1.0,11.0,1982.0,1,,, , , , , , , , , , , , ,1, ,5212.0,7830.0,3,4,1, ,4,450.0,4.0,0.0,0.0,0.0,0.0,8.0,8.0,20.0,,48.0,2,48.0,2, ,2,2,4,1200.0,,, ,, ,, , , , , , , , ,1,1,1,1,2, ,2, ,2, ,2, ,2, ,2, ,2, ,1,1,2, ,2, ,2, ,6,5, ,2,2,2,2,2,2,10,7,1,1200.0, ,,,,,,,255,1200.0,1200.0,1455.0,1,,2025_EneFebMar,,,,935.918969079451,,40-59,1,Secundaria
2025,1,20776,1,75,1,1,202410207761007512,1,2,3,1,2, ,2,20.0,2,2.0,10.0,2004.0,1,,, , , , , , , , , , , , ,2, ,9321.0,1410.0,3,5,2,1,1,10.0,0.0,8.0,8.0,8.0,8.0,8.0,8.0,48.0,,48.0,1,,1,1,1,2,2,300.0,,, ,, ,, , , , , , , , ,1,5,2, ,2, ,2, ,2, ,1,5,2, ,2, ,2, ,2, ,2, ,2, ,2, ,6,5, ,2,2,2,2,2,2,10,7,1,1299.0, ,,,,,,, ,1299.0,1299.0,1299.0,1,,2025_EneFebMar,,,,887.781799885501,,15-24,1,Secundaria
2025,1,20776,1,75,1,1,202410207761007513,1,3,3,1,2, ,2,18.0,3,12.0,12.0,2006.0,1,,, , , , , , , , , , , , ,3, ,5230.0,4771.0,3,5,2,2,1,5.0,11.0,11.0,11.0,0.0,11.0,11.0,11.0,66.0,,66.0,1,,2, ,2,2,4,1025.0,,, ,, ,, , , , , , , , ,1,5,2, ,2, ,2, ,2, ,1,5,2, ,2, ,2, ,2, ,2, ,2, ,2, ,6,5, ,2,2,2,2,2,2,10,7,1,1025.0, ,,,,,,, ,1025.0,1025.0,1025.0,1,,2025_EneFebMar,,,,887.781799885501,,15-24,1,Secundaria
2025,1,20776,1,76,1,1,202410207761007611,1,1,1,1,2, ,2,68.0,1,6.0,11.0,1956.0,2,2.0,2.0,2,2,2,2,2,2,2,2,2,2,2,2,1,2,,, , , , , ,,,,,,,,,,,, ,, , , , , ,,,, ,, ,, ,2,5,1,2,7, , ,1,1,1,4,2, ,2, ,2, ,2, ,2, ,2, ,2, ,2, ,1,4,2, ,2, ,3,0, ,2,2,2,2,2,2,10,7,4,, ,,,,,,, ,,,,1,,2025_EneFebMar,,,,746.977360749385,,60+,1,Primaria
2025,1,20776,1,76,1,1,202410207761007612,1,2,3,1,2, ,2,36.0,2,12.0,10.0,1988.0,1,,, , , , , , , , , , , , ,2, ,4110.0,2410.0,3,5,1, ,4,110.0,0.0,8.0,8.0,0.0,8.0,8.0,8.0,40.0,,45.0,2,45.0,2, ,2,2,4,4000.0,,, ,, ,, , , , , , , , ,1,1,1,1,2, ,2, ,2, ,2, ,2, ,2, ,2, ,1,1,2, ,2, ,2, ,11,5, ,2,2,2,2,2,2,10,7,1,4000.0, ,,,,,,,1041,4000.0,4000.0,5041.0,1,,2025_EneFebMar,,,,935.918969079451,,25-39,1,Superior Univ.
2025,1,20776,1,77,1,1,202410207761007711,1,1,1,1,2, ,2,58.0,1,30.0,12.0,1966.0,2,2.0,2.0,2,2,2,2,2,2,2,2,2,2,2,2,1,2,,, , , , , ,,,,,,,,,,,, ,, , , , , ,,,, ,, ,, ,2,5,1,2,6, , ,1,1,1,4,2, ,2, ,2, ,2, ,2, ,2, ,2, ,2, ,2, ,2, ,2, ,6,5, ,2,2,2,2,2,2,10,7,4,, ,,,,,,, ,,,,1,,2025_EneFebMar,,,,746.977360749385,,40-59,1,Secundaria
2025,1,20776,1,77,1,1,202410207761007712,1,2,2,1,2, ,1,61.0,2,25.0,5.0,1963.0,2,1.0,, , , , , , , , , , , , ,2, ,8331.0,4921.0,3,5,1, ,5,800.0,0.0,0.0,0.0,0.0,0.0,0.0,0.0,0.0,,48.0,2,48.0,2, ,2,2,4,2500.0,,, ,, ,, , , , , , , , ,1,1,1,1,2, ,2, ,2, ,2, ,2, ,2, ,2, ,2, ,1,1,2, ,2, ,4,5, ,2,2,2,2,2,2,10,7,1,2500.0, ,,,,,,,641,2500.0,2500.0,3141.0,1,,2025_EneFebMar,,,,828.524468545281,,60+,1,Primaria
2025,1,20776,1,77,1,1,202410207761007713,1,3,6,1,2, ,2,82.0,1,26.0,1.0,1942.0,2,2.0,2.0,2,2,2,2,2,2,2,2,2,2,2,2,3,2,,, , , , , ,,,,,,,,,,,, ,, , , , , ,,,, ,, ,, ,2,7,1,2,7, , ,1,1,1,4,2, ,2, ,2, ,2, ,2, ,2, ,2, ,2, ,1,4,2, ,2, ,3,4, ,1,2,2,2,2,2,10,7,4,, ,,,,,,, ,,,,1,,2025_EneFebMar,,,,746.977360749385,,60+,1,Primaria
2025,1,47318,1,21,1,1,202310473181002111,1,3,7,1,2, ,1,26.0,3,11.0,3.0,1998.0,1,,, , , , , , , , , , , , ,3, ,5131.0,5610.0,3,5,1, ,1,9.0,8.0,8.0,8.0,0.0,8.0,8.0,8.0,48.0,,48.0,1,,1,1,1,2,1,30.0,10.0,, ,, ,, , , , , , , , ,1,5,2, ,2, ,2, ,2, ,1,5,2, ,2, ,2, ,2, ,2, ,2, ,2, ,10,4, ,2,2,2,2,2,2,10,1,1,900.0,300,,,,,,, ,1200.0,1200.0,1200.0,1,,2025_EneFebMar,,,,1932.72407642901,,25-39,1,Superior Univ.
2025,1,47318,1,22,1,1,202310473181002212,1,2,2,1,2, ,2,33.0,2,11.0,9.0,1991.0,2,2.0,2.0,2,2,2,2,2,2,2,2,2,2,2,2,2,2,,, , , , , ,,,,,,,,,,,, ,, , , , , ,,,, ,, ,, ,2,5,1,1,6, , ,1,5,2, ,2, ,2, ,2, ,1,5,2, ,2, ,2, ,2, ,2, ,2, ,2, ,10,1, ,2,2,2,2,2,2,10,5,4,, ,,,,,,, ,,,,1,,2025_EneFebMar,,,,1821.41265375529,,25-39,1,Superior Univ.
2025,1,49905,1,17,1,1,202501499051001711,1,1,1,1,2, ,1,32.0,1,26.0,1.0,1992.0,1,,, , , , , , , , , , , , ,1, ,3411.0,8423.0,3,2, , ,5,9998.0,0.0,8.0,8.0,8.0,8.0,8.0,0.0,40.0,,40.0,1,,1,1,1,2,4,4500.0,,, ,, ,, , , , , , , , ,1,1,1,1,2, ,2, ,2, ,2, ,2, ,2, ,2, ,1,1,2, ,2, ,2, ,11,6, ,2,2,2,2,2,2,10,7,1,4500.0, ,,,,,,,1125,4500.0,4500.0,5625.0,1,,2025_EneFebMar,,,,1004.24539540349,,25-39,1,Superior Univ.
2025,1,49905,1,17,1,1,202501499051001712,1,2,2,1,2, ,2,31.0,2,13.0,11.0,1993.0,2,2.0,2.0,2,2,2,2,2,2,2,2,2,2,2,2,2,2,,, , , , , ,,,,,,,,,,,, ,, , , , , ,,,, ,, ,, ,2,5,2,2,6, , ,1,1,1,4,2, ,2, ,2, ,2, ,2, ,2, ,2, ,2, ,2, ,2, ,2, ,11,5, ,2,2,2,2,2,2,10,7,4,, ,,,,,,, ,,,,1,,2025_EneFebMar,,,,946.407866995176,,25-39,1,Superior Univ.
2025,1,21380,1,59,1,1,202310213801005911,1,1,1,1,2, ,1,37.0,1,10.0,9.0,1987.0,2,2.0,2.0,2,2,2,2,2,2,2,2,2,2,2,2,1,2,,, , , , , ,,,,,,,,,,,, ,, , , , , ,,,, ,, ,, ,2,5,1,1,12, ,2,1,5,2, ,2, ,2, ,2, ,1,5,2, ,2, ,2, ,2, ,2, ,2, ,2, ,10,4, ,2,2,2,2,2,2,10,7,2,, ,,,,,,, ,,,,1,,2025_EneFebMar,,,,1899.87311627269,,25-39,1,Superior Univ.
2025,1,21380,1,59,1,1,202310213801005912,1,2,2,1,2, ,2,40.0,2,29.0,4.0,1984.0,2,2.0,2.0,2,2,2,2,2,2,2,2,2,2,2,2,2,2,,, , , , , ,,,,,,,,,,,, ,, , , , , ,,,, ,, ,, ,2,5,2,2,6, , ,1,5,2, ,2, ,2, ,2, ,1,5,2, ,2, ,2, ,2, ,2, ,2, ,2, ,6,5, ,2,2,2,2,2,2,10,7,4,, ,,,,,,, ,,,,1,,2025_EneFebMar,,,,1790.45367971112,,40-59,1,Secundaria
2025,1,21380,1,59,1,1,202310213801005913,1,3,3,1,2, ,1,20.0,1,13.0,6.0,2004.0,1,,, , , , , , , , , , , , ,3, ,9333.0,5223.0,3,5,1, ,5,3000.0,8.0,0.0,8.0,8.0,8.0,8.0,8.0,48.0,,48.0,1,,2, ,2,2,4,1700.0,12.0,, ,, ,, , , , , , , , ,1,3,1,1,2, ,1,1,2, ,2, ,2, ,2, ,2, ,1,1,2, ,2, ,2, ,6,5, ,2,2,2,2,2,2,10,7,1,1700.0,360,,,,,,,426,2060.0,2060.0,2486.0,1,,2025_EneFebMar,,,,1520.69584685778,,15-24,1,Secundaria
2025,1,21380,1,61,1,1,202310213801006111,1,1,1,1,2, ,1,41.0,1,16.0,8.0,1983.0,1,,, , , , , , , , , , , , ,1, ,8332.0,4923.0,3,5,2,2,1,3.0,0.0,12.0,12.0,12.0,12.0,12.0,8.0,68.0,,68.0,1,,2, ,2,1,2,600.0,,, ,, ,, , , , , , , , ,1,5,2, ,2, ,2, ,2, ,1,5,2, ,2, ,2, ,2, ,2, ,2, ,2, ,8,1, ,2,2,2,2,2,2,10,1,1,2598.0, ,,,,,,, ,2598.0,2598.0,2598.0,1,,2025_EneFebMar,,,,1899.87311627269,,40-59,1,Superior No Univ.
2025,1,21380,1,61,1,1,202310213801006112,1,2,2,1,2, ,2,41.0,2,17.0,7.0,1983.0,2,2.0,2.0,2,2,2,2,2,2,2,2,2,2,2,2,2,2,,, , , , , ,,,,,,,,,,,, ,, , , , , ,,,, ,, ,, ,2,5,2,1,6, , ,1,5,2, ,2, ,2, ,2, ,1,5,2, ,2, ,2, ,2, ,2, ,2, ,2, ,6,5, ,2,2,2,2,2,2,10,7,4,, ,,,,,,, ,,,,1,,2025_EneFebMar,,,,1790.45367971112,,40-59,1,Secundaria
2025,1,21380,1,61,1,1,202310213801006113,1,3,3,1,2, ,2,19.0,3,29.0,9.0,2005.0,2,2.0,2.0,2,2,2,2,2,2,2,2,2,2,2,2,3,2,,, , , , , ,,,,,,,,,,,, ,, , , , , ,,,, ,, ,, ,2,4,1,2,5, , ,1,6,2, ,2, ,2, ,2, ,2, ,2, ,2, ,2, ,2, ,2, ,2, ,2, ,8,1, ,2,2,2,2,2,2,10,7,4,, ,,,,,,, ,,,,1,,2025_EneFebMar,,,,1698.36518213642,,15-24,0,Superior No Univ.
2025,1,47864,1,34,1,1,202310478641003411,1,1,1,1,2, ,2,44.0,1,20.0,3.0,1980.0,1,,, , , , , , , , , , , , ,1, ,2240.0,7500.0,3,5,1, ,1,3.0,0.0,8.0,8.0,8.0,8.0,8.0,0.0,40.0,,40.0,1,,2, ,2,2,4,2500.0,,, ,, ,, , , , , , , , ,1,1,1,1,2, ,2, ,2, ,2, ,2, ,2, ,2, ,1,1,2, ,2, ,2, ,11,5, ,2,2,2,2,2,2,10,7,1,2500.0, ,,,,,,,208,2500.0,2500.0,2708.0,1,,2025_EneFebMar,,,,1910.0044497409,,40-59,1,Superior Univ.
2025,1,47864,1,34,1,1,202310478641003414,1,3,3,1,2, ,1,14.0,1,12.0,3.0,2010.0,2,2.0,2.0,2,2,2,2,2,2,2,2,2,2,2,2,3,2,,, , , , , ,,,,,,,,,,,, ,, , , , , ,,,, ,, ,, ,2,4,2,2,5, , ,2,3,1,4,1,4,2, ,2, ,2, ,2, ,2, ,2, ,2, ,2, ,2, ,2, ,5,3, ,2,2,2,2,2,2,10,7,4,, ,,,,,,, ,,,,1,,2025_EneFebMar,,,,1622.23455826543,,0-14,1,Secundaria
2025,1,20263,1,66,1,1,202401202631006611,1,1,1,1,2, ,2,32.0,1,16.0,8.0,1992.0,2,2.0,2.0,2,2,2,2,2,2,2,2,2,2,2,2,1,2,,, , , , , ,,,,,,,,,,,, ,, , , , , ,,,, ,, ,, ,2,5,1,2,7, , ,1,5,2, ,2, ,2, ,2, ,1,5,2, ,2, ,2, ,2, ,2, ,2, ,2, ,9,3, ,2,2,2,2,2,2,10,7,4,, ,,,,,,, ,,,,1,,2025_EneFebMar,,,,1302.23519868669,,25-39,1,Superior No Univ.
2025,1,20263,1,66,1,1,202401202631006614,1,4,6,1,2, ,2,58.0,4,11.0,10.0,1966.0,2,2.0,2.0,2,2,2,2,2,2,2,2,2,2,2,2,4,2,,, , , , , ,,,,,,,,,,,, ,, , , , , ,,,, ,, ,, ,2,5,1,2,6, , ,1,5,2, ,2, ,2, ,2, ,1,5,2, ,2, ,2, ,2, ,2, ,2, ,2, ,9,3, ,2,2,2,2,2,2,10,7,4,, ,,,,,,, ,,,,1,,2025_EneFebMar,,,,1039.34234044503,,40-59,1,Superior No Univ.
2025,1,20263,1,67,1,1,202401202631006711,1,1,1,1,2, ,1,63.0,1,28.0,6.0,1961.0,2,2.0,2.0,2,2,2,2,2,2,2,2,2,2,2,2,1,2,,, , , , , ,,,,,,,,,,,, ,, , , , , ,,,, ,, ,, ,2,6,1,1,7, , ,1,4,2, ,2, ,2, ,1,3,2, ,2, ,2, ,2, ,2, ,2, ,2, ,1,3,10,2, ,2,2,2,2,2,2,10,7,3,, ,,,,,,, ,,,,1,,2025_EneFebMar,,,,1152.80677233635,,60+,1,Superior Univ.
2025,1,20263,1,67,1,1,202401202631006712,1,2,2,1,2, ,2,73.0,2,25.0,4.0,1951.0,2,2.0,2.0,2,2,2,2,2,2,2,2,2,2,2,2,2,2,,, , , , , ,,,,,,,,,,,, ,, , , , , ,,,, ,, ,, ,2,5,1,1,7, , ,1,4,2, ,2, ,2, ,1,4,2, ,2, ,2, ,2, ,2, ,2, ,2, ,2, ,1, , ,2,2,2,2,2,2,1,1,3,, ,,,,,,, ,,,,1,,2025_EneFebMar,,,,1039.34234044503,,60+,1,Sin Nivel
2025,1,49808,1,20,1,1,202401498081002011,1,1,1,1,2, ,1,27.0,1,16.0,12.0,1997.0,1,,, , , , , , , , , , , , ,1, ,3432.0,7310.0,3,5,2,2,1,8.0,10.0,0.0,8.0,8.0,8.0,8.0,10.0,52.0,,52.0,1,,2, ,2,2,3,600.0,100.0,, ,, ,, , , , , , , , ,1,5,2, ,2, ,2, ,2, ,1,5,2, ,2, ,2, ,1,5,2, ,2, ,2, ,8,2, ,2,2,2,2,2,2,10,7,1,1200.0,433,,,,,,,100,1633.0,1633.0,1733.0,1,,2025_EneFebMar,,,,1268.49010540561,,25-39,1,Superior No Univ.
2025,1,26671,1,117,1,1,202310266711011711,1,1,1,1,2, ,1,29.0,1,14.0,8.0,1995.0,1,,, , , , , , , , , , , , ,1, ,2642.0,6020.0,3,5,1, ,5,9998.0,0.0,7.0,7.0,7.0,7.0,7.0,7.0,42.0,,42.0,1,,2, ,2,2,4,4500.0,,, ,, ,, , , , , , , , ,1,6,2, ,2, ,2, ,2, ,2, ,2, ,2, ,2, ,1,5,2, ,2, ,2, ,11,5, ,2,2,2,2,2,2,10,7,1,4500.0, ,,,,,,, ,4500.0,4500.0,4500.0,1,,2025_EneFebMar,,,,2081.06767317614,,25-39,0,Superior Univ.
2025,1,26671,1,235,1,1,202310266711023511,1,1,1,1,2, ,1,67.0,1,18.0,6.0,1957.0,1,,, , , , , , , , , , , , ,1, ,1492.0,8549.0,3,5,1, ,2,30.0,0.0,9.0,9.0,9.0,9.0,9.0,0.0,45.0,,45.0,1,,2, ,2,2,4,6000.0,,, ,, ,, , , , , , , , ,1,1,1,3,2, ,2, ,2, ,2, ,2, ,2, ,2, ,1,3,2, ,2, ,2, ,11,5, ,2,2,2,2,2,2,10,7,1,6000.0, ,,,,,,, ,6000.0,6000.0,6000.0,1,,2025_EneFebMar,,,,1736.16815015035,,60+,1,Superior Univ.
2025,1,26671,1,235,1,1,202310266711023512,1,2,2,1,2, ,2,46.0,2,2.0,6.0,1978.0,1,,, , , , , , , , , , , , ,2, ,1169.0,5229.0,3,5,1, ,1,7.0,0.0,9.0,9.0,9.0,9.0,9.0,0.0,45.0,,45.0,1,,2, ,2,2,4,5000.0,,, ,, ,, , , , , , , , ,1,1,1,1,2, ,2, ,2, ,2, ,2, ,2, ,2, ,1,1,2, ,2, ,2, ,11,5, ,2,2,2,2,2,2,10,3,1,5000.0, ,,,,,,,624,5000.0,5000.0,5624.0,1,,2025_EneFebMar,,,,1565.28666545419,,40-59,1,Superior Univ.
2025,1,26671,1,235,1,1,202310266711023513,1,3,3,1,2, ,1,15.0,3,26.0,11.0,2009.0,2,2.0,2.0,2,2,2,2,2,2,2,2,2,2,2,2,3,2,,, , , , , ,,,,,,,,,,,, ,, , , , , ,,,, ,, ,, ,2,4,2,2,3, , ,2,1,1,4,2, ,2, ,2, ,2, ,2, ,2, ,2, ,2, ,2, ,2, ,2, ,5,3, ,2,2,2,2,2,2,10,7,4,, ,,,,,,, ,,,,1,,2025_EneFebMar,,,,1665.72753755136,,15-24,1,Secundaria
2025,1,47880,1,19,1,1,202401478801001911,1,1,1,1,2, ,2,32.0,1,9.0,7.0,1992.0,1,,, , , , , , , , , , , , ,1, ,3221.0,8610.0,3,2, , ,5,9998.0,0.0,12.0,0.0,12.0,0.0,12.0,0.0,36.0,,36.0,1,,1,1,1,2,4,1800.0,30.0,, ,, ,, , , , , , , , ,1,1,1,1,2, ,2, ,2, ,2, ,2, ,2, ,2, ,1,1,2, ,2, ,2, ,9,3, ,2,2,2,2,2,2,1,1,1,1800.0,130,,,,,,,50,1930.0,1930.0,1980.0,1,,2025_EneFebMar,,,,693.665669836285,,25-39,1,Superior No Univ.
2025,1,47880,1,19,1,1,202401478801001912,1,2,2,1,2, ,1,28.0,2,10.0,1.0,1997.0,1,,, , , , , , , , , , , , ,2, ,4110.0,6201.0,3,5,1, ,3,70.0,0.0,9.0,10.0,10.0,9.0,10.0,0.0,48.0,,48.0,1,,1,1,1,2,4,2800.0,,, ,, ,, , , , , , , , ,1,1,1,1,2, ,2, ,2, ,2, ,2, ,2, ,2, ,1,1,2, ,2, ,2, ,10,4, ,2,2,2,2,2,2,10,7,1,2800.0, ,,,,,,,699,2800.0,2800.0,3499.0,1,,2025_EneFebMar,,,,736.057443282131,,25-39,1,Superior Univ.
2025,1,19146,1,102,1,1,202401191461010211,1,1,1,1,2, ,2,57.0,1,1.0,12.0,1967.0,1,,, , , , , , , , , , , , ,1, ,9111.0,9700.0,6, , , ,1,1.0,0.0,8.0,8.0,8.0,8.0,8.0,0.0,40.0,,40.0,1,,2, ,2,2,4,2000.0,60.0,, ,, ,, , , , , , , , ,1,1,1,1,2, ,2, ,2, ,2, ,2, ,2, ,2, ,2, ,1,1,2, ,2, ,4,5, ,2,2,2,2,2,2,1,1,1,2000.0,260,,,,,,,300,2260.0,2260.0,2560.0,1,,2025_EneFebMar,,,,756.600257174781,,40-59,1,Primaria
2025,1,19146,1,102,1,1,202401191461010212,1,2,3,1,2, ,2,36.0,2,10.0,8.0,1988.0,1,,, , , , , , , , , , , , ,2, ,3221.0,8610.0,3,5,1, ,5,600.0,0.0,12.0,0.0,12.0,4.0,8.0,0.0,36.0,,36.0,1,,2, ,2,2,4,1500.0,,, ,, ,, , , , , , , , ,1,3,1,1,2, ,1,1,2, ,2, ,2, ,2, ,2, ,2, ,1,1,2, ,2, ,9,3, ,2,2,2,2,2,2,10,7,1,1500.0, ,,,,,,,324,1500.0,1500.0,1824.0,1,,2025_EneFebMar,,,,947.975895802075,,25-39,1,Superior No Univ.
2025,1,19146,1,102,1,1,202401191461010213,1,3,3,1,2, ,1,24.0,3,10.0,10.0,2000.0,2,2.0,2.0,2,2,2,2,2,2,2,2,2,2,2,2,3,2,,, , , , , ,,,,,,,,,,,, ,, , , , , ,,,, ,, ,, ,2,4,1,2,5, , ,1,5,2, ,2, ,2, ,2, ,1,5,2, ,2, ,2, ,2, ,2, ,2, ,2, ,10,4, ,2,2,2,2,2,2,10,7,4,, ,,,,,,, ,,,,1,,2025_EneFebMar,,,,805.149568516117,,15-24,1,Superior Univ.
2025,1,21937,1,39,1,1,202401219371003911,1,1,1,1,2, ,2,33.0,1,20.0,3.0,1991.0,2,2.0,2.0,2,2,2,2,2,2,2,2,2,2,2,2,1,2,,, , , , , ,,,,,,,,,,,, ,, , , , , ,,,, ,, ,, ,2,5,2,1,6, , ,1,5,2, ,2, ,2, ,2, ,1,5,2, ,2, ,2, ,2, ,2, ,2, ,2, ,6,5, ,2,2,2,2,2,2,10,1,4,, ,,,,,,, ,,,,1,,2025_EneFebMar,,,,844.050879560693,,25-39,1,Secundaria
2025,1,21937,1,39,1,1,202401219371003912,1,2,2,1,2, ,1,34.0,2,3.0,7.0,1990.0,1,,, , , , , , , , , , , , ,2, ,9313.0,4100.0,3,5,3,2,1,2.0,0.0,0.0,9.0,9.0,9.0,9.0,9.0,45.0,,50.0,2,50.0,1,1,1,1,2,300.0,,, ,, ,, , , , , , , , ,1,5,2, ,2, ,2, ,2, ,1,5,2, ,2, ,2, ,2, ,2, ,2, ,2, ,5,2, ,2,2,2,2,2,2,10,7,1,1299.0, ,,,,,,, ,1299.0,1299.0,1299.0,1,,2025_EneFebMar,,,,895.63309736246,,25-39,1,Secundaria
2025,1,21937,1,39,1,1,202401219371003913,1,3,3,1,2, ,1,16.0,3,26.0,9.0,2008.0,2,2.0,2.0,2,2,2,2,2,2,2,2,2,2,2,2,3,2,,, , , , , ,,,,,,,,,,,, ,, , , , , ,,,, ,, ,, ,2,4,2,2,3, , ,1,5,2, ,2, ,2, ,2, ,1,5,2, ,2, ,2, ,2, ,2, ,2, ,2, ,5,4, ,2,2,2,2,2,2,10,7,4,, ,,,,,,, ,,,,1,,2025_EneFebMar,,,,716.882364302045,,15-24,1,Secundaria
2025,1,21937,1,39,1,1,202401219371003914,1,4,3,1,2, ,2,15.0,1,1.0,11.0,2009.0,2,2.0,2.0,2,2,2,2,2,2,2,2,2,2,2,2,4,2,,, , , , , ,,,,,,,,,,,, ,, , , , , ,,,, ,, ,, ,2,4,2,2,3, , ,2,5,2, ,2, ,2, ,2, ,1,5,2, ,2, ,2, ,2, ,2, ,2, ,2, ,5,3, ,2,2,2,2,2,2,10,7,4,, ,,,,,,, ,,,,1,,2025_EneFebMar,,,,800.638766610703,,15-24,1,Secundaria
2025,1,21986,1,130,1,1,202401219861013011,1,1,1,1,2, ,1,30.0,1,8.0,12.0,1994.0,2,2.0,2.0,2,2,2,2,2,2,2,2,2,2,2,2,1,2,,, , , , , ,,,,,,,,,,,, ,, , , , , ,,,, ,, ,, ,2,5,1,1,13,4,1,1,6,2, ,2, ,2, ,2, ,2, ,2, ,2, ,2, ,2, ,2, ,2, ,2, ,11,5, ,2,2,2,2,2,2,10,1,2,, ,,,,,,, ,,,,1,,2025_EneFebMar,,,,1029.25438310829,,25-39,0,Superior Univ.
2025,1,21986,1,130,1,1,202401219861013012,1,2,2,1,2, ,2,31.0,1,23.0,11.0,1993.0,1,,, , , , , , , , , , , , ,2, ,5212.0,4771.0,3,5,2,1,1,5.0,0.0,10.0,0.0,0.0,10.0,10.0,10.0,40.0,,60.0,2,60.0,2, ,2,2,4,1200.0,,, ,, ,, , , , , , , , ,1,5,2, ,2, ,2, ,2, ,1,5,2, ,2, ,2, ,2, ,2, ,2, ,2, ,5,3, ,2,2,2,2,2,2,10,7,1,1200.0, ,,,,,,, ,1200.0,1200.0,1200.0,1,,2025_EneFebMar,,,,969.976511489588,,25-39,1,Secundaria
2025,1,21986,1,132,1,1,202401219861013211,1,1,1,1,2, ,1,47.0,1,25.0,11.0,1977.0,2,2.0,2.0,2,2,2,2,2,2,2,2,2,2,2,2,1,2,,, , , , , ,,,,,,,,,,,, ,, , , , , ,,,, ,, ,, ,1,5,1,1,13,5,4,1,5,2, ,2, ,2, ,2, ,1,5,2, ,2, ,2, ,2, ,2, ,2, ,2, ,6,5, ,2,2,2,2,2,2,10,7,2,, ,,,,,,, ,,,,1,,2025_EneFebMar,,,,858.673988063056,,40-59,1,Secundaria
2025,1,21986,1,132,1,1,202401219861013212,1,2,2,1,2, ,2,42.0,2,15.0,6.0,1982.0,2,2.0,2.0,2,2,2,2,2,2,2,2,2,2,2,2,2,2,,, , , , , ,,,,,,,,,,,, ,, , , , , ,,,, ,, ,, ,2,5,1,2,6, , ,1,5,2, ,2, ,2, ,2, ,1,5,2, ,2, ,2, ,2, ,2, ,2, ,2, ,6,5, ,2,2,2,2,2,2,10,7,4,, ,,,,,,, ,,,,1,,2025_EneFebMar,,,,969.976511489588,,40-59,1,Secundaria
2025,1,21986,1,132,1,1,202401219861013213,1,3,3,1,2, ,2,23.0,3,30.0,5.0,2001.0,1,,, , , , , , , , , , , , ,3, ,5212.0,4771.0,3,5,2,1,1,3.0,0.0,10.0,10.0,10.0,10.0,10.0,10.0,60.0,,60.0,1,,1,2,2,2,4,1200.0,,, ,, ,, , , , , , , , ,1,1,1,1,2, ,2, ,2, ,2, ,2, ,2, ,2, ,1,1,2, ,2, ,2, ,8,2, ,2,2,2,2,2,2,10,7,1,1200.0, ,,,,,,,16,1200.0,1200.0,1216.0,1,,2025_EneFebMar,,,,920.087658938969,,15-24,1,Superior No Univ.
2025,1,21986,1,132,1,1,202401219861013215,1,5,3,1,2, ,2,25.0,5,23.0,7.0,1999.0,1,,, , , , , , , , , , , , ,5, ,5412.0,8411.0,3,2, , ,5,600.0,8.0,8.0,0.0,8.0,8.0,8.0,8.0,48.0,,55.0,2,55.0,1,2,2,2,4,1800.0,,, ,, ,, , , , , , , , ,1,6,2, ,2, ,2, ,2, ,2, ,2, ,2, ,2, ,1,5,2, ,2, ,2, ,6,5, ,2,2,2,2,2,2,10,7,1,1800.0, ,,,,,,, ,1800.0,1800.0,1800.0,1,,2025_EneFebMar,,,,969.976511489588,,25-39,0,Secundaria
2024,9,1811901,1,26,1,1,20240918119011002611,1,1,1,1,2, ,2,33.0,1,18.0,2.0,1991.0,1,,, , , , , , , , , , , , ,1, ,120.0,8423.0,3,1, , ,5,1000.0,6.0,12.0,7.0,0.0,17.0,7.0,0.0,49.0,,49.0,1,,2, ,2,2,4,4000.0,15.0,, ,, ,, , , , , , , , ,2,4,2, ,2, ,2, ,1,1,2, ,2, ,2, ,2, ,2, ,2, ,2, ,1,1,11,5, ,2,2,2,2,2,2,10,7,1,4000.0,450,,,,,,,50,4450.0,4450.0,4500.0,1,,2024_SetOctNov,,,,,387.141760755753,25-39,0,
2024,9,1811901,1,26,1,1,20240918119011002612,1,2,6,1,2, ,2,67.0,2,13.0,6.0,1957.0,2,2.0,2.0,2,2,2,2,2,2,2,2,2,2,2,2,2,2,,, , , , , ,,,,,,,,,,,, ,, , , , , ,,,, ,, ,, ,2,5,2,1,6, , ,2,4,2, ,2, ,2, ,1,4,2, ,2, ,2, ,2, ,2, ,2, ,2, ,2, ,6,5, ,2,2,2,2,2,2,10,7,4,, ,,,,,,, ,,,,1,,2024_SetOctNov,,,,,316.216277096332,60+,0,
2024,9,1811901,1,28,1,1,20240918119011002811,1,1,1,1,2, ,1,19.0,1,21.0,2.0,2005.0,2,2.0,2.0,2,2,2,2,2,2,2,2,2,2,2,2,1,2,,, , , , , ,,,,,,,,,,,, ,, , , , , ,,,, ,, ,, ,2,4,2,2,5, , ,2,5,2, ,2, ,2, ,2, ,1,5,2, ,2, ,2, ,2, ,2, ,2, ,2, ,10,1, ,2,2,2,2,2,2,10,1,4,, ,,,,,,, ,,,,1,,2024_SetOctNov,,,,,360.021040466391,15-24,0,
2024,9,1811901,1,30,1,1,20240918119011003011,1,1,1,1,1, ,1,42.0, ,,,, ,,, , , , , , , , , , , , , , ,,, , , , , ,,,,,,,,,,,, ,, , , , , ,,,, ,, ,, , , , , , , , , , , , , , , , , , , , , , , , , , , , , , , , , , , , , , , , , , , , , , ,, ,,,,,,, ,,,,0,,2024_SetOctNov,,,,, ,40-59,0,
2024,9,1811901,1,30,1,1,20240918119011003012,1,2,2,1,2, ,2,38.0,2,14.0,8.0,1986.0,1,,, , , , , , , , , , , , ,2, ,5243.0,4791.0,2, ,2,2,1,1.0,0.0,0.0,4.0,4.0,2.0,6.0,4.0,20.0,,20.0,1,,2, ,2,2, ,,,, ,, ,, , , , , , , , ,2,5,2, ,2, ,2, ,2, ,1,5,2, ,2, ,2, ,2, ,2, ,2, ,2, ,9,3, ,2,2,2,2,2,2,10,7,1,, ,380.0,,,,,, ,380.0,380.0,380.0,1,,2024_SetOctNov,,,,,387.141760755753,25-39,0,
2024,9,1811901,1,30,1,1,20240918119011003013,1,3,3,1,2, ,2,13.0, ,,,, ,,, , , , , , , , , , , , , , ,,, , , , , ,,,,,,,,,,,, ,, , , , , ,,,, ,, ,, , , , , , , , , , , , , , , , , , , , , , , , , , , , , , , , , , , , , , , , , , , , , , ,, ,,,,,,, ,,,,1,,2024_SetOctNov,,,,, ,0-14,0,
2024,9,1811901,1,30,1,1,20240918119011003014,1,4,3,1,2, ,1,9.0, ,,,, ,,, , , , , , , , , , , , , , ,,, , , , , ,,,,,,,,,,,, ,, , , , , ,,,, ,, ,, , , , , , , , , , , , , , , , , , , , , , , , , , , , , , , , , , , , , , , , , , , , , , ,, ,,,,,,, ,,,,1,,2024_SetOctNov,,,,, ,0-14,0,
2024,9,1812201,1,31,1,1,20240918122011003111,1,1,1,1,2, ,1,60.0,1,24.0,7.0,1964.0,1,,, , , , , , , , , , , , ,1, ,2131.0,7120.0,3,5,1, ,4,400.0,0.0,8.0,8.0,8.0,8.0,8.0,4.0,44.0,,44.0,1,,2, ,2,2,4,6000.0,,, ,, ,, , , , , , , , ,1,1,1,1,2, ,2, ,2, ,2, ,2, ,2, ,2, ,1,1,2, ,2, ,2, ,11,5, ,2,2,2,2,2,2,10,7,1,6000.0, ,,,,,,,1001,6000.0,6000.0,7001.0,1,,2024_SetOctNov,,,,,307.026960321533,60+,0,
2024,9,1812201,1,31,1,1,20240918122011003112,1,2,2,1,1, ,2,60.0, ,,,, ,,, , , , , , , , , , , , , , ,,, , , , , ,,,,,,,,,,,, ,, , , , , ,,,, ,, ,, , , , , , , , , , , , , , , , , , , , , , , , , , , , , , , , , , , , , , , , , , , , , , ,, ,,,,,,, ,,,,0,,2024_SetOctNov,,,,, ,60+,0,
2024,9,1812201,1,32,1,1,20240918122011003211,1,1,1,1,2, ,2,65.0,1,16.0,9.0,1958.0,1,,, , , , , , , , , , , , ,1, ,4417.0,2100.0,3,5,1, ,5,600.0,0.0,8.0,8.0,8.0,0.0,8.0,0.0,32.0,,32.0,1,,2, ,2,2,4,2500.0,,, ,, ,, , , , , , , , ,2,1,1,1,2, ,2, ,2, ,2, ,2, ,2, ,2, ,1,1,2, ,2, ,2, ,9,3, ,2,2,2,2,2,2,10,7,1,2500.0, ,,,,,,,334,2500.0,2500.0,2834.0,1,,2024_SetOctNov,,,,,282.323930841191,60+,0,
2024,9,1812201,1,32,1,1,20240918122011003212,1,3,3,1,1, ,2,45.0, ,,,, ,,, , , , , , , , , , , , , , ,,, , , , , ,,,,,,,,,,,, ,, , , , , ,,,, ,, ,, , , , , , , , , , , , , , , , , , , , , , , , , , , , , , , , , , , , , , , , , , , , , , ,, ,,,,,,, ,,,,0,,2024_SetOctNov,,,,, ,40-59,0,
2024,9,1812201,1,32,1,1,20240918122011003213,1,2,3,1,2, ,2,44.0,2,30.0,12.0,1979.0,1,,, , , , , , , , , , , , ,2, ,4120.0,4663.0,3,5,1, ,1,10.0,0.0,7.0,7.0,7.0,7.0,7.0,7.0,42.0,,42.0,1,,2, ,2,2,4,1200.0,,, ,, ,, , , , , , , , ,1,1,1,2,2, ,2, ,2, ,2, ,2, ,2, ,2, ,1,2,2, ,2, ,2, ,10,3, ,2,2,2,2,2,2,10,7,1,1200.0, ,,,,,,, ,1200.0,1200.0,1200.0,1,,2024_SetOctNov,,,,,345.647557086528,40-59,0,
2024,9,18134,1,71,1,1,202409181341007111,1,1,1,1,2, ,1,86.0,1,24.0,12.0,1937.0,2,2.0,2.0,2,2,2,2,2,2,2,2,2,2,2,2,1,2,,, , , , , ,,,,,,,,,,,, ,, , , , , ,,,, ,, ,, ,2,6,2,2,3, , ,1,1,1,3,2, ,2, ,2, ,2, ,2, ,2, ,2, ,2, ,1,3,2, ,2, ,5,3, ,2,2,2,2,2,2,1,1,4,, ,,,,,,, ,,,,1,,2024_SetOctNov,,,,,354.423324384035,60+,0,
2024,9,18134,1,71,1,1,202409181341007112,1,2,2,1,2, ,2,86.0,2,7.0,6.0,1938.0,2,2.0,2.0,2,2,2,2,2,2,2,2,2,2,2,2,2,2,,, , , , , ,,,,,,,,,,,, ,, , , , , ,,,, ,, ,, ,2,5,2,2,3, , ,1,1,1,4,2, ,2, ,2, ,2, ,2, ,2, ,2, ,2, ,2, ,2, ,2, ,3,1, ,2,2,2,2,2,2,1,1,4,, ,,,,,,, ,,,,1,,2024_SetOctNov,,,,,325.906838986105,60+,0,
2024,9,18134,1,71,1,1,202409181341007113,1,3,3,1,2, ,1,52.0,3,20.0,9.0,1971.0,1,,, , , , , , , , , , , , ,3, ,3115.0,4520.0,2, ,2,2,1,1.0,0.0,8.0,8.0,8.0,8.0,8.0,6.0,46.0,,46.0,1,,2, ,2,2, ,,,, ,, ,, , , , , , , , ,1,5,2, ,2, ,2, ,2, ,1,5,2, ,2, ,2, ,1,5,2, ,2, ,2, ,9,3, ,2,2,2,2,2,2,10,7,1,, ,1600.0,,,,,, ,1600.0,1600.0,1600.0,1,,2024_SetOctNov,,,,,354.423324384035,40-59,0,
2024,9,18134,1,72,1,1,202409181341007211,1,1,1,1,2, ,2,75.0,1,7.0,2.0,1949.0,2,2.0,2.0,2,2,2,2,2,2,2,2,2,2,2,2,1,2,,, , , , , ,,,,,,,,,,,, ,, , , , , ,,,, ,, ,, ,2,6,2,2,3, , ,1,1,1,3,2, ,2, ,2, ,2, ,2, ,2, ,2, ,1,3,2, ,2, ,2, ,11,5, ,2,2,2,2,2,2,10,7,4,, ,,,,,,, ,,,,1,,2024_SetOctNov,,,,,325.906838986105,60+,0,
2024,9,18134,1,73,1,1,202409181341007311,1,1,1,1,2, ,1,43.0,1,16.0,12.0,1980.0,1,,, , , , , , , , , , , , ,1, ,2330.0,8521.0,3,5,1, ,4,300.0,0.0,8.0,8.0,8.0,8.0,8.0,0.0,40.0,,40.0,1,,2, ,2,2,4,2500.0,,, ,, ,, , , , , , , , ,1,3,1,1,1,4,2, ,2, ,2, ,2, ,2, ,2, ,1,1,2, ,2, ,2, ,11,5, ,2,2,2,2,2,2,10,7,1,2500.0, ,,,,,,,250,2500.0,2500.0,2750.0,1,,2024_SetOctNov,,,,,434.303187000769,40-59,0,
2024,9,18134,1,73,1,1,202409181341007312,1,2,2,1,2, ,2,41.0,2,1.0,3.0,1983.0,1,,, , , , , , , , , , , , ,2, ,2359.0,8549.0,3,5,1, ,5,600.0,0.0,3.0,3.0,3.0,3.0,3.0,3.0,18.0,30.0,48.0,1,,1,2,2,2,4,1500.0,,, ,3100.0, ,, , , , , , , , ,2,1,1,1,2, ,2, ,2, ,2, ,2, ,2, ,2, ,1,1,2, ,2, ,2, ,11,5, ,2,2,2,2,2,2,10,7,1,1500.0, ,,,3100.0,,,,250,4600.0,1500.0,4850.0,1,,2024_SetOctNov,,,,,399.00585967934,40-59,0,
2024,9,18134,1,73,1,1,202409181341007313,1,3,3,1,2, ,2,12.0, ,,,, ,,, , , , , , , , , , , , , , ,,, , , , , ,,,,,,,,,,,, ,, , , , , ,,,, ,, ,, , , , , , , , , , , , , , , , , , , , , , , , , , , , , , , , , , , , , , , , , , , , , , ,, ,,,,,,, ,,,,1,,2024_SetOctNov,,,,, ,0-14,0,
2024,9,18134,1,73,1,1,202409181341007314,1,4,3,1,2, ,1,7.0, ,,,, ,,, , , , , , , , , , , , , , ,,, , , , , ,,,,,,,,,,,, ,, , , , , ,,,, ,, ,, , , , , , , , , , , , , , , , , , , , , , , , , , , , , , , , , , , , , , , , , , , , , , ,, ,,,,,,, ,,,,1,,2024_SetOctNov,,,,, ,0-14,0,
2024,9,18134,1,168,1,1,202409181341016811,1,1,1,1,2, ,1,48.0,1,,,1976.0,1,,, , , , , , , , , , , , ,1, ,4417.0,1079.0,3,5,1, ,4,300.0,0.0,8.0,8.0,8.0,8.0,8.0,0.0,40.0,,40.0,1,,2, ,2,2,4,2000.0,,, ,, ,, , , , , , , , ,1,1,1,1,2, ,2, ,2, ,2, ,2, ,2, ,2, ,1,1,2, ,2, ,2, ,11,5, ,2,2,2,2,2,2,10,7,1,2000.0, ,,,,,,,208,2000.0,2000.0,2208.0,1,,2024_SetOctNov,,,,,354.423324384035,40-59,0,
2024,9,18134,1,168,1,1,202409181341016812,1,2,2,1,2, ,2,47.0,2,18.0,4.0,1977.0,1,,, , , , , , , , , , , , ,2, ,9111.0,9700.0,6, , , ,1,3.0,0.0,8.0,8.0,8.0,8.0,8.0,8.0,48.0,,48.0,1,,2, ,2,2,4,1300.0,20.0,, ,, ,, , , , , , , , ,1,1,1,4,2, ,2, ,2, ,2, ,2, ,2, ,2, ,2, ,2, ,2, ,2, ,6,5, ,2,2,2,2,2,2,10,7,1,1300.0,600,,,,,,,84,1900.0,1900.0,1984.0,1,,2024_SetOctNov,,,,,325.906838986105,40-59,0,
2024,9,18134,1,168,1,1,202409181341016813,1,4,3,1,2, ,1,19.0,4,15.0,2.0,2005.0,2,2.0,2.0,2,2,2,2,2,2,2,2,2,2,2,2,4,2,,, , , , , ,,,,,,,,,,,, ,, , , , , ,,,, ,, ,, ,2,4,2,2,5, , ,2,5,2, ,2, ,2, ,2, ,1,5,2, ,2, ,2, ,2, ,2, ,2, ,2, ,10,1, ,2,2,2,2,2,2,10,7,4,, ,,,,,,, ,,,,1,,2024_SetOctNov,,,,,371.054015132642,15-24,0,
2024,9,18134,1,168,1,1,202409181341016814,1,3,3,1,2, ,2,25.0,3,21.0,4.0,1999.0,1,,, , , , , , , , , , , , ,3, ,4222.0,8220.0,3,5,1, ,4,200.0,0.0,8.0,8.0,8.0,8.0,8.0,0.0,40.0,,40.0,1,,2, ,2,2,4,2000.0,,, ,, ,, , , , , , , , ,1,1,1,1,2, ,2, ,2, ,2, ,2, ,2, ,2, ,1,1,2, ,2, ,2, ,11,5, ,2,2,2,2,2,2,10,7,1,2000.0, ,,,,,,,166,2000.0,2000.0,2166.0,1,,2024_SetOctNov,,,,,399.00585967934,25-39,0,
2024,9,18180,1,56,1,1,202409181801005611,1,1,1,1,2, ,2,52.0,1,13.0,5.0,1972.0,1,,, , , , , , , , , , , , ,1, ,9412.0,5610.0,3,5,3,2,1,2.0,0.0,0.0,0.0,0.0,0.0,0.0,4.0,4.0,,4.0,1,,2, ,2,2,2,20.0,10.0,, ,, ,, , , , , , , , ,1,5,2, ,2, ,2, ,2, ,1,5,2, ,2, ,2, ,2, ,2, ,2, ,2, ,3,4, ,2,2,2,2,2,2,10,7,1,87.0,43,,,,,,, ,130.0,130.0,130.0,1,,2024_SetOctNov,,,,,577.821484442155,40-59,0,
2024,9,18180,1,57,1,1,202409181801005711,1,1,1,1,2, ,2,59.0,1,3.0,2.0,1965.0,1,,, , , , , , , , , , , , ,1, ,5120.0,5629.0,2, ,3,2,1,2.0,10.0,0.0,0.0,0.0,0.0,0.0,2.0,12.0,30.0,42.0,1,,2, ,2,2, ,,,, ,150.0,40,, , , , , , , , ,1,1,1,4,2, ,2, ,2, ,2, ,2, ,2, ,2, ,2, ,2, ,2, ,2, ,2,1, ,2,2,2,2,2,2,10,7,1,, ,701.0,173.0,150.0,,173.0,, ,1197.0,874.0,1197.0,1,,2024_SetOctNov,,,,,577.821484442155,40-59,0,
2024,9,18180,1,58,1,1,202409181801005811,1,1,1,1,2, ,1,38.0,1,10.0,2.0,1986.0,1,,, , , , , , , , , , , , ,1, ,4321.0,8121.0,3,4,1, ,5,9998.0,8.0,0.0,8.0,8.0,8.0,8.0,8.0,48.0,,48.0,1,,1,1,1,1,4,1365.0,,, ,, ,, , , , , , , , ,1,1,1,1,2, ,2, ,2, ,2, ,2, ,2, ,2, ,1,1,2, ,2, ,2, ,6,5, ,2,2,2,2,2,2,10,7,1,1365.0, ,,,,,,,339,1365.0,1365.0,1704.0,1,,2024_SetOctNov,,,,,770.004437438156,25-39,0,
2024,9,18180,1,58,1,1,202409181801005812,1,2,2,1,2, ,2,35.0,1,27.0,3.0,1989.0,1,,, , , , , , , , , , , , ,2, ,9535.0,4782.0,2, ,3,2,1,1.0,0.0,4.0,4.0,4.0,4.0,4.0,4.0,24.0,,24.0,1,,1,1,1,2, ,,,, ,, ,, , , , , , , , ,1,1,1,4,2, ,2, ,2, ,2, ,2, ,2, ,2, ,2, ,2, ,2, ,2, ,6,5, ,2,2,2,2,2,2,10,7,1,, ,600.0,,,,,, ,600.0,600.0,600.0,1,,2024_SetOctNov,,,,,707.423504392505,25-39,0,
2024,9,18180,1,58,1,1,202409181801005813,1,3,3,1,2, ,1,17.0,3,13.0,11.0,2006.0,2,2.0,2.0,2,2,2,2,2,2,2,2,2,2,2,2,3,2,,, , , , , ,,,,,,,,,,,, ,, , , , , ,,,, ,, ,, ,2,4,2,2,5, , ,2,1,1,4,2, ,2, ,2, ,2, ,2, ,2, ,2, ,2, ,2, ,2, ,2, ,6,5, ,2,2,2,2,2,2,10,7,4,, ,,,,,,, ,,,,1,,2024_SetOctNov,,,,,657.865856694421,15-24,0,
2024,9,18180,1,58,1,1,202409181801005814,1,4,3,1,2, ,2,10.0, ,,,, ,,, , , , , , , , , , , , , , ,,, , , , , ,,,,,,,,,,,, ,, , , , , ,,,, ,, ,, , , , , , , , , , , , , , , , , , , , , , , , , , , , , , , , , , , , , , , , , , , , , , ,, ,,,,,,, ,,,,1,,2024_SetOctNov,,,,, ,0-14,0,
2024,9,17614,1,70,1,1,202409176141007011,1,1,1,1,2, ,1,65.0,1,17.0,4.0,1959.0,1,,, , , , , , , , , , , , ,1, ,8331.0,4921.0,2, ,3,2,1,1.0,16.0,16.0,16.0,16.0,16.0,16.0,16.0,112.0,,112.0,1,,2, ,2,2, ,,,, ,, ,, , , , , , , , ,1,5,2, ,2, ,2, ,2, ,1,5,2, ,2, ,2, ,1,5,2, ,2, ,2, ,5,3, ,2,2,2,2,2,2,1,1,1,, ,1052.0,,,,,, ,1052.0,1052.0,1052.0,1,,2024_SetOctNov,,,,,322.961995060387,60+,0,
2024,9,17614,1,70,1,1,202409176141007012,1,2,2,1,2, ,2,48.0,2,26.0,4.0,1976.0,1,,, , , , , , , , , , , , ,2, ,9334.0,4921.0,3,5,3,2,1,2.0,16.0,16.0,16.0,16.0,0.0,16.0,16.0,96.0,,96.0,1,,2, ,2,2,1,120.0,22.0,, ,, ,, , , , , , , , ,1,5,2, ,2, ,2, ,2, ,1,5,2, ,2, ,2, ,1,5,2, ,2, ,2, ,6,5, ,2,2,2,2,2,2,10,1,1,3600.0,660,,,,,,, ,4260.0,4260.0,4260.0,1,,2024_SetOctNov,,,,,296.976851356225,40-59,0,
2024,9,17614,1,70,1,1,202409176141007013,1,3,3,1,2, ,1,24.0,3,17.0,12.0,1999.0,1,,, , , , , , , , , , , , ,3, ,8331.0,4921.0,2, ,3,2,1,1.0,12.0,12.0,12.0,12.0,0.0,12.0,12.0,72.0,,72.0,1,,2, ,2,2, ,,,, ,, ,, , , , , , , , ,1,5,2, ,2, ,2, ,2, ,1,5,2, ,2, ,2, ,2, ,2, ,2, ,2, ,8,2, ,2,2,2,2,2,2,10,7,1,, ,1750.0,,,,,, ,1750.0,1750.0,1750.0,1,,2024_SetOctNov,,,,,338.116418299142,15-24,0,
2024,9,17614,1,72,1,1,202409176141007211,1,1,1,1,2, ,2,32.0,1,8.0,7.0,1992.0,1,,, , , , , , , , , , , , ,1, ,9533.0,4799.0,2, ,3,2,1,1.0,1.0,1.0,1.0,1.0,1.0,1.0,1.0,7.0,,7.0,1,,1,2,2,1, ,,,, ,, ,, , , , , , , , ,1,5,2, ,2, ,2, ,2, ,1,5,2, ,2, ,2, ,2, ,1,5,2, ,2, ,6,5, ,2,2,2,2,2,2,10,7,1,, ,200.0,,,,,, ,200.0,200.0,200.0,1,,2024_SetOctNov,,,,,363.587042999445,25-39,0,
2024,9,17614,1,72,1,1,202409176141007212,1,2,3,1,2, ,2,13.0, ,,,, ,,, , , , , , , , , , , , , , ,,, , , , , ,,,,,,,,,,,, ,, , , , , ,,,, ,, ,, , , , , , , , , , , , , , , , , , , , , , , , , , , , , , , , , , , , , , , , , , , , , , ,, ,,,,,,, ,,,,1,,2024_SetOctNov,,,,, ,0-14,0,
2024,9,17614,1,72,1,1,202409176141007213,1,3,3,1,2, ,1,8.0, ,,,, ,,, , , , , , , , , , , , , , ,,, , , , , ,,,,,,,,,,,, ,, , , , , ,,,, ,, ,, , , , , , , , , , , , , , , , , , , , , , , , , , , , , , , , , , , , , , , , , , , , , , ,, ,,,,,,, ,,,,1,,2024_SetOctNov,,,,, ,0-14,0,
2024,9,17614,1,72,1,1,202409176141007214,1,4,3,1,2, ,1,1.0, ,,,, ,,, , , , , , , , , , , , , , ,,, , , , , ,,,,,,,,,,,, ,, , , , , ,,,, ,, ,, , , , , , , , , , , , , , , , , , , , , , , , , , , , , , , , , , , , , , , , , , , , , , ,, ,,,,,,, ,,,,1,,2024_SetOctNov,,,,, ,0-14,0,
2024,9,17614,1,72,1,1,202409176141007215,1,5,3,1,2, ,1,1.0, ,,,, ,,, , , , , , , , , , , , , , ,,, , , , , ,,,,,,,,,,,, ,, , , , , ,,,, ,, ,, , , , , , , , , , , , , , , , , , , , , , , , , , , , , , , , , , , , , , , , , , , , , , ,, ,,,,,,, ,,,,1,,2024_SetOctNov,,,,, ,0-14,0,
2024,9,17614,1,72,2,1,202409176141007221,1,1,1,1,2, ,1,62.0,1,11.0,8.0,1962.0,1,,, , , , , , , , , , , , ,1, ,8322.0,4922.0,2, ,3,2,1,1.0,6.0,6.0,6.0,0.0,6.0,6.0,6.0,36.0,,36.0,1,,2, ,2,2, ,,,, ,, ,, , , , , , , , ,1,5,2, ,2, ,2, ,2, ,1,5,2, ,2, ,2, ,2, ,2, ,2, ,2, ,4,5, ,2,2,2,2,2,2,10,7,1,, ,1200.0,,,,,, ,1200.0,1200.0,1200.0,1,,2024_SetOctNov,,,,,322.961995060387,60+,0,
2024,9,17614,1,72,2,1,202409176141007222,1,2,2,1,2, ,2,55.0,1,11.0,7.0,1969.0,2,2.0,2.0,2,2,2,1,2,2,2,2,2,2,2,2,2, ,9533.0,4799.0,2, ,3,2,1,1.0,2.0,2.0,2.0,2.0,0.0,0.0,0.0,8.0,,14.0,2,14.0,2, ,2,2, ,,,, ,, ,, , , , , , , , ,1,5,2, ,2, ,2, ,2, ,1,5,2, ,2, ,2, ,2, ,2, ,2, ,2, ,3,4, ,2,2,2,2,2,2,10,7,1,, ,480.0,,,,,, ,480.0,480.0,480.0,1,,2024_SetOctNov,,,,,296.976851356225,40-59,0,
2024,9,17614,1,72,2,1,202409176141007223,1,3,5,1,2, ,1,14.0,1,10.0,11.0,2009.0,2,2.0,2.0,2,2,2,2,2,2,2,2,2,2,2,2,3,2,,, , , , , ,,,,,,,,,,,, ,, , , , , ,,,, ,, ,, ,2,4,2,2,3, , ,2,5,2, ,2, ,2, ,2, ,1,5,2, ,2, ,2, ,2, ,2, ,2, ,2, ,5,3, ,2,2,2,2,2,2,10,7,4,, ,,,,,,, ,,,,1,,2024_SetOctNov,,,,,338.116418299142,0-14,0,
2024,9,17614,1,76,1,1,202409176141007611,1,1,1,1,2, ,2,58.0,1,12.0,12.0,1965.0,1,,, , , , , , , , , , , , ,1, ,9537.0,4789.0,2, ,3,2,1,1.0,5.0,0.0,0.0,0.0,0.0,0.0,0.0,5.0,,5.0,1,,1,1,1,2, ,,,, ,, ,, , , , , , , , ,1,5,2, ,2, ,2, ,2, ,1,5,2, ,2, ,2, ,2, ,2, ,2, ,2, ,5,4, ,2,2,2,2,2,2,10,7,1,, ,173.0,,,,,, ,173.0,173.0,173.0,1,,2024_SetOctNov,,,,,296.976851356225,40-59,0,
2024,9,17614,1,76,1,1,202409176141007612,1,2,3,1,2, ,1,30.0,2,13.0,6.0,1994.0,1,,, , , , , , , , , , , , ,2, ,9333.0,4923.0,3,5,1, ,5,1100.0,0.0,8.0,8.0,8.0,8.0,8.0,8.0,48.0,,48.0,1,,2, ,2,1,3,500.0,,, ,, ,, , , , , , , , ,1,5,2, ,2, ,2, ,2, ,1,5,2, ,2, ,2, ,2, ,2, ,2, ,2, ,6,5, ,2,2,2,2,2,2,10,7,1,1000.0, ,,,,,,, ,1000.0,1000.0,1000.0,1,,2024_SetOctNov,,,,,395.7511091535,25-39,0,
2024,9,24789,1,58,1,1,202409247891005811,1,1,1,1,2, ,1,60.0,1,25.0,9.0,1963.0,1,,, , , , , , , , , , , , ,1, ,3314.0,5610.0,1, ,2,2,1,2.0,0.0,8.0,8.0,8.0,8.0,8.0,0.0,40.0,,40.0,1,,2, ,2,2, ,,,, ,, ,, , , , , , , , ,1,1,1,2,2, ,2, ,2, ,2, ,2, ,2, ,2, ,1,5,2, ,2, ,2, ,10,3, ,2,2,2,2,2,2,10,7,1,, ,3000.0,,,,,, ,3000.0,3000.0,3000.0,1,,2024_SetOctNov,,,,,811.265283804523,60+,0,
2024,9,24789,1,58,1,1,202409247891005812,1,2,2,1,2, ,2,56.0,2,9.0,5.0,1968.0,1,,, , , , , , , , , , , , ,2, ,4416.0,8521.0,3,5,1, ,5,1500.0,0.0,8.0,8.0,8.0,8.0,8.0,0.0,40.0,,40.0,1,,2, ,2,2,4,5000.0,,, ,, ,, , , , , , , , ,1,3,1,1,2, ,1,1,2, ,2, ,2, ,2, ,2, ,1,1,2, ,2, ,2, ,11,5, ,2,2,2,2,2,2,10,7,1,5000.0, ,,,,,,,1275,5000.0,5000.0,6275.0,1,,2024_SetOctNov,,,,,745.991829638758,40-59,0,
2024,9,24789,1,58,1,1,202409247891005813,1,5,3,1,2, ,2,15.0,5,28.0,11.0,2008.0,2,2.0,2.0,2,2,2,2,2,2,2,2,2,2,2,2,5,2,,, , , , , ,,,,,,,,,,,, ,, , , , , ,,,, ,, ,, ,2,4,2,2,3, , ,2,2,2, ,1,4,2, ,2, ,2, ,2, ,2, ,2, ,2, ,2, ,2, ,2, ,5,3, ,2,2,2,2,2,2,10,7,4,, ,,,,,,, ,,,,1,,2024_SetOctNov,,,,,917.018506478464,15-24,0,
2024,9,24789,1,58,1,1,202409247891005814,1,4,3,1,2, ,1,19.0,4,17.0,9.0,2004.0,2,2.0,2.0,2,2,2,2,2,2,2,2,2,2,2,2,4,2,,, , , , , ,,,,,,,,,,,, ,, , , , , ,,,, ,, ,, ,2,4,1,2,5, , ,1,2,2, ,1,4,2, ,2, ,2, ,2, ,2, ,2, ,2, ,2, ,2, ,2, ,6,5, ,2,2,2,2,2,2,10,7,4,, ,,,,,,, ,,,,1,,2024_SetOctNov,,,,,849.332479504697,15-24,0,
2024,9,24789,1,58,1,1,202409247891005815,1,3,3,1,2, ,2,29.0,3,9.0,5.0,1995.0,1,,, , , , , , , , , , , , ,3, ,2161.0,4100.0,3,5,1, ,2,50.0,0.0,9.0,9.0,9.0,9.0,9.0,3.0,48.0,,48.0,1,,2, ,2,1,4,1600.0,,, ,, ,, , , , , , , , ,1,3,1,1,2, ,1,1,2, ,2, ,2, ,2, ,2, ,1,1,2, ,2, ,2, ,11,5, ,2,2,2,2,2,2,10,7,1,1600.0, ,,,,,,, ,1600.0,1600.0,1600.0,1,,2024_SetOctNov,,,,,913.313486224408,25-39,0,
2024,9,24789,1,60,1,1,202409247891006011,1,1,1,1,2, ,1,68.0,1,24.0,9.0,1955.0,2,2.0,2.0,2,1,2,2,2,2,2,2,2,2,2,2,1, ,8322.0,4922.0,2, ,3,2,1,1.0,0.0,0.0,0.0,0.0,1.0,2.0,0.0,3.0,,3.0,1,,2, ,2,2, ,,,, ,, ,, , , , , , , , ,1,1,1,3,2, ,2, ,2, ,2, ,2, ,2, ,2, ,1,3,2, ,2, ,2, ,11,5, ,2,2,2,2,2,2,10,7,1,, ,400.0,,,,,, ,400.0,400.0,400.0,1,,2024_SetOctNov,,,,,811.265283804523,60+,0,
2024,9,24789,1,60,1,1,202409247891006012,1,2,2,1,2, ,2,69.0,2,9.0,4.0,1955.0,2,2.0,2.0,2,2,2,2,2,2,2,2,2,2,2,2,2,2,,, , , , , ,,,,,,,,,,,, ,, , , , , ,,,, ,, ,, ,2,6,2,2,3, , ,1,1,1,5,2, ,2, ,2, ,2, ,2, ,2, ,2, ,1,5,2, ,2, ,2, ,6,5, ,2,2,2,2,2,2,10,6,4,, ,,,,,,, ,,,,1,,2024_SetOctNov,,,,,745.991829638758,60+,0,
2024,9,24789,1,60,1,1,202409247891006013,1,3,3,1,2, ,1,34.0,3,15.0,1.0,1990.0,1,,, , , , , , , , , , , , ,3, ,3439.0,9000.0,2, ,2,2,1,1.0,4.0,8.0,0.0,6.0,3.0,6.0,4.0,31.0,,31.0,1,,2, ,2,2, ,,,, ,, ,, , , , , , , , ,1,2,2, ,1,2,2, ,2, ,2, ,2, ,2, ,2, ,2, ,2, ,2, ,2, ,11,5, ,2,2,2,2,2,2,10,7,1,, ,5000.0,,,,,, ,5000.0,5000.0,5000.0,1,,2024_SetOctNov,,,,,994.108101863001,25-39,0,
2024,9,24789,1,60,1,1,202409247891006014,1,4,4,1,2, ,2,32.0,4,23.0,11.0,1991.0,1,,, , , , , , , , , , , , ,4, ,2161.0,7110.0,3,5,2,2,1,12.0,8.0,11.0,11.0,11.0,11.0,0.0,8.0,60.0,4.0,64.0,1,,2, ,2,2,4,3000.0,24.0,, ,, ,2000.0, , , , , , , , ,1,6,2, ,2, ,2, ,2, ,2, ,2, ,2, ,2, ,2, ,1,2,2, ,2, ,11,5, ,2,2,2,2,2,2,10,7,1,3000.0,104,,,,2000.0,,,500,5104.0,3104.0,5604.0,1,,2024_SetOctNov,,,,,913.313486224408,25-39,0,
2024,9,24789,1,61,1,1,202409247891006111,1,1,1,1,2, ,2,57.0,1,6.0,11.0,1966.0,1,,, , , , , , , , , , , , ,1, ,5120.0,5629.0,3,5,3,2,1,2.0,0.0,7.0,0.0,7.0,0.0,0.0,0.0,14.0,28.0,42.0,1,,2, ,2,2,2,120.0,12.0,, ,, ,120.0,260, , , , , , , ,1,1,1,5,2, ,2, ,2, ,2, ,2, ,2, ,2, ,1,5,2, ,2, ,2, ,6,5, ,2,2,2,2,2,2,10,7,1,520.0,360,,,,120.0,,260.0, ,1260.0,880.0,1260.0,1,,2024_SetOctNov,,,,,745.991829638758,40-59,0,
2024,9,24789,1,61,1,1,202409247891006112,1,2,3,1,2, ,2,23.0,2,3.0,2.0,2001.0,2,2.0,2.0,2,2,2,2,2,2,2,2,2,2,2,2,2,2,,, , , , , ,,,,,,,,,,,, ,, , , , , ,,,, ,, ,, ,2,4,1,1,4, , ,1,2,2, ,1,4,2, ,2, ,2, ,2, ,2, ,2, ,2, ,2, ,2, ,2, ,11,5, ,2,2,2,2,2,2,10,7,3,, ,,,,,,, ,,,,1,,2024_SetOctNov,,,,,917.018506478464,15-24,0,
2024,9,24789,1,61,1,1,202409247891006113,1,3,7,1,2, ,2,60.0,3,10.0,12.0,1963.0,2,2.0,2.0,2,1,2,2,2,2,2,2,2,2,2,2,3, ,7391.0,3212.0,2, ,3,2,1,1.0,3.0,3.0,3.0,3.0,3.0,3.0,3.0,21.0,,21.0,1,,2, ,2,1, ,,,, ,, ,, , , , , , , , ,1,5,2, ,2, ,2, ,2, ,1,5,2, ,2, ,2, ,2, ,2, ,2, ,2, ,9,3, ,2,2,2,2,2,2,10,7,1,, ,120.0,,,,,, ,120.0,120.0,120.0,1,,2024_SetOctNov,,,,,745.991829638758,60+,0,
2024,9,24789,1,61,1,1,202409247891006114,1,5,7,1,2, ,1,55.0,5,22.0,12.0,1968.0,2,2.0,2.0,2,2,2,2,2,2,2,2,2,2,2,2,5,2,,, , , , , ,,,,,,,,,,,, ,, , , , , ,,,, ,, ,, ,2,7,2,2,1, , ,1,1,1,2,2, ,2, ,2, ,2, ,2, ,2, ,2, ,1,4,2, ,2, ,2, ,10,4, ,2,2,2,2,2,2,10,7,4,, ,,,,,,, ,,,,1,,2024_SetOctNov,,,,,811.265283804523,40-59,0,
2024,9,24789,1,61,1,1,202409247891006115,1,4,8,1,1, ,2,25.0, ,,,, ,,, , , , , , , , , , , , , , ,,, , , , , ,,,,,,,,,,,, ,, , , , , ,,,, ,, ,, , , , , , , , , , , , , , , , , , , , , , , , , , , , , , , , , , , , , , , , , , , , , , ,, ,,,,,,, ,,,,0,,2024_SetOctNov,,,,, ,25-39,0,
2024,9,23720,1,37,1,1,202409237201003711,1,1,1,1,2, ,2,41.0,1,29.0,5.0,1983.0,1,,, , , , , , , , , , , , ,1, ,7399.0,3290.0,3,5,3,2,1,5.0,0.0,6.0,6.0,6.0,6.0,0.0,0.0,24.0,,30.0,2,30.0,1,1,1,2,2,300.0,,, ,, ,, , , , , , , , ,1,5,2, ,2, ,2, ,2, ,1,5,2, ,2, ,2, ,2, ,2, ,2, ,2, ,6,5, ,2,2,2,2,2,2,10,7,1,1299.0, ,,,,,,, ,1299.0,1299.0,1299.0,1,,2024_SetOctNov,,,,,941.289067383651,40-59,0,
2024,9,23720,1,37,1,1,202409237201003712,1,2,3,1,2, ,2,20.0,2,22.0,9.0,2003.0,2,2.0,2.0,2,2,2,2,2,2,2,2,2,2,2,2,2,2,,, , , , , ,,,,,,,,,,,, ,, , , , , ,,,, ,, ,, ,2,4,1,2,5, , ,1,5,2, ,2, ,2, ,2, ,1,5,2, ,2, ,2, ,2, ,2, ,2, ,2, ,8,1, ,2,2,2,2,2,2,10,7,4,, ,,,,,,, ,,,,1,,2024_SetOctNov,,,,,945.107575609118,15-24,0,
2024,9,23720,1,37,1,1,202409237201003713,1,3,3,1,2, ,1,15.0,3,18.0,9.0,2008.0,2,2.0,2.0,2,2,2,2,2,2,2,2,2,2,2,2,3,2,,, , , , , ,,,,,,,,,,,, ,, , , , , ,,,, ,, ,, ,2,4,1,2,5, , ,2,5,2, ,2, ,2, ,2, ,1,5,2, ,2, ,2, ,2, ,2, ,2, ,2, ,5,3, ,2,2,2,2,2,2,10,7,4,, ,,,,,,, ,,,,1,,2024_SetOctNov,,,,,875.348267150394,15-24,0,
2024,9,23720,1,37,1,1,202409237201003714,1,4,3,1,2, ,2,13.0, ,,,, ,,, , , , , , , , , , , , , , ,,, , , , , ,,,,,,,,,,,, ,, , , , , ,,,, ,, ,, , , , , , , , , , , , , , , , , , , , , , , , , , , , , , , , , , , , , , , , , , , , , , ,, ,,,,,,, ,,,,1,,2024_SetOctNov,,,,, ,0-14,0,
2024,9,23720,1,38,1,1,202409237201003811,1,1,1,1,2, ,2,46.0,1,13.0,11.0,1977.0,1,,, , , , , , , , , , , , ,1, ,9111.0,9700.0,6, , , ,1,1.0,0.0,6.0,6.0,6.0,6.0,6.0,6.0,36.0,,36.0,1,,1,2,2,2,5,,170.0,, ,, ,, , , , , , , , ,1,5,2, ,2, ,2, ,2, ,1,5,2, ,2, ,2, ,2, ,2, ,2, ,2, ,3, ,3,2,2,2,2,2,2,10,7,1,,736,,,,,,, ,736.0,736.0,736.0,1,,2024_SetOctNov,,,,,768.842203895756,40-59,0,
2024,9,23720,1,38,1,1,202409237201003812,1,2,3,1,2, ,1,12.0, ,,,, ,,, , , , , , , , , , , , , , ,,, , , , , ,,,,,,,,,,,, ,, , , , , ,,,, ,, ,, , , , , , , , , , , , , , , , , , , , , , , , , , , , , , , , , , , , , , , , , , , , , , ,, ,,,,,,, ,,,,1,,2024_SetOctNov,,,,, ,0-14,0,
2024,9,23720,1,38,1,1,202409237201003813,1,3,3,1,2, ,1,9.0, ,,,, ,,, , , , , , , , , , , , , , ,,, , , , , ,,,,,,,,,,,, ,, , , , , ,,,, ,, ,, , , , , , , , , , , , , , , , , , , , , , , , , , , , , , , , , , , , , , , , , , , , , , ,, ,,,,,,, ,,,,1,,2024_SetOctNov,,,,, ,0-14,0,
2024,9,23720,1,44,1,1,202409237201004411,1,1,1,1,2, ,1,84.0,1,19.0,1.0,1940.0,2,2.0,2.0,2,2,2,2,2,2,2,2,2,2,2,2,1,2,,, , , , , ,,,,,,,,,,,, ,, , , , , ,,,, ,, ,, ,2,6,2,2,3, , ,1,1,1,3,2, ,2, ,2, ,2, ,2, ,2, ,2, ,2, ,1,3,2, ,2, ,4,5, ,2,2,2,2,2,2,10,7,4,, ,,,,,,, ,,,,1,,2024_SetOctNov,,,,,836.115040356977,60+,0,
2024,9,23720,1,45,1,1,202409237201004511,1,1,1,1,2, ,1,57.0,1,26.0,6.0,1967.0,2,1.0,, , , , , , , , , , , , ,1, ,8332.0,4923.0,3,5,1, ,1,11.0,0.0,0.0,0.0,0.0,0.0,0.0,0.0,0.0,,66.0,2,66.0,2, ,2,2,4,2000.0,,, ,, ,, , , , , , , , ,1,1,1,1,2, ,2, ,2, ,2, ,2, ,2, ,2, ,2, ,1,1,2, ,2, ,6,5, ,2,2,2,2,2,2,10,1,1,2000.0, ,,,,,,,501,2000.0,2000.0,2501.0,1,,2024_SetOctNov,,,,,836.115040356977,40-59,0,
2024,9,23720,1,45,1,1,202409237201004512,1,2,2,1,2, ,2,48.0,2,6.0,6.0,1976.0,2,1.0,, , , , , , , , , , , , ,2, ,4416.0,4923.0,3,5,1, ,1,11.0,0.0,0.0,0.0,0.0,0.0,0.0,0.0,0.0,,30.0,2,30.0,2, ,2,2,4,1500.0,,, ,, ,, , , , , , , , ,2,1,1,1,2, ,2, ,2, ,2, ,2, ,2, ,2, ,2, ,1,1,2, ,2, ,6,5, ,2,2,2,2,2,2,10,7,1,1500.0, ,,,,,,,375,1500.0,1500.0,1875.0,1,,2024_SetOctNov,,,,,768.842203895756,40-59,0,
2024,9,23720,1,45,1,1,202409237201004513,1,3,3,1,2, ,2,29.0,3,2.0,12.0,1994.0,1,,, , , , , , , , , , , , ,3, ,2142.0,4100.0,3,5,1, ,4,500.0,0.0,8.0,8.0,8.0,8.0,8.0,0.0,40.0,,40.0,1,,2, ,2,2,4,4500.0,,, ,, ,, , , , , , , , ,1,3,1,1,2, ,1,1,2, ,2, ,2, ,2, ,2, ,1,1,2, ,2, ,2, ,11,5, ,2,2,2,2,2,2,10,7,1,4500.0, ,,,,,,,1125,4500.0,4500.0,5625.0,1,,2024_SetOctNov,,,,,941.289067383651,25-39,0,
2024,9,23720,1,45,1,1,202409237201004514,1,4,3,1,2, ,2,28.0,4,14.0,4.0,1996.0,1,,, , , , , , , , , , , , ,4, ,2421.0,4923.0,3,5,1, ,1,15.0,0.0,7.0,7.0,7.0,7.0,0.0,0.0,28.0,,28.0,1,,2, ,2,2,4,1225.0,,, ,, ,, , , , , , , , ,1,1,1,1,2, ,2, ,2, ,2, ,2, ,2, ,2, ,1,1,2, ,2, ,2, ,11,5, ,2,2,2,2,2,2,10,7,1,1225.0, ,,,,,,,276,1225.0,1225.0,1501.0,1,,2024_SetOctNov,,,,,941.289067383651,25-39,0,
2024,9,23720,1,45,1,1,202409237201004515,1,5,3,1,2, ,2,27.0,5,12.0,8.0,1997.0,2,2.0,2.0,2,2,2,2,2,2,2,2,2,2,2,2,5,2,,, , , , , ,,,,,,,,,,,, ,, , , , , ,,,, ,, ,, ,2,4,2,2,5, , ,1,5,2, ,2, ,2, ,2, ,1,5,2, ,2, ,2, ,1,5,2, ,2, ,2, ,10,4, ,2,2,2,2,2,2,10,7,4,, ,,,,,,, ,,,,1,,2024_SetOctNov,,,,,941.289067383651,25-39,0,
2024,9,23720,1,45,1,1,202409237201004516,1,6,3,1,2, ,2,10.0, ,,,, ,,, , , , , , , , , , , , , , ,,, , , , , ,,,,,,,,,,,, ,, , , , , ,,,, ,, ,, , , , , , , , , , , , , , , , , , , , , , , , , , , , , , , , , , , , , , , , , , , , , , ,, ,,,,,,, ,,,,1,,2024_SetOctNov,,,,, ,0-14,0,
2024,9,27392,1,37,1,1,202409273921003711,1,1,1,1,2, ,1,68.0,1,2.0,7.0,1956.0,1,,, , , , , , , , , , , , ,1, ,7128.0,4330.0,2, ,3,2,1,1.0,0.0,8.0,8.0,8.0,8.0,8.0,0.0,40.0,,40.0,1,,2, ,2,1, ,,,, ,, ,, , , , , , , , ,1,1,1,5,2, ,2, ,2, ,2, ,2, ,2, ,2, ,2, ,2, ,2, ,2, ,6,5, ,2,2,2,2,2,2,10,9,1,, ,700.0,,,,,, ,700.0,700.0,700.0,1,,2024_SetOctNov,,,,,785.17266574675,60+,0,
2024,9,27392,1,38,1,1,202409273921003811,1,1,1,1,2, ,2,76.0,1,19.0,4.0,1948.0,2,2.0,2.0,2,2,2,2,2,2,2,2,2,2,2,2,1,2,,, , , , , ,,,,,,,,,,,, ,, , , , , ,,,, ,, ,, ,2,5,1,2,6, , ,1,1,1,5,2, ,2, ,2, ,2, ,2, ,2, ,2, ,2, ,2, ,2, ,2, ,9,3, ,2,2,2,2,2,2,10,5,4,, ,,,,,,, ,,,,1,,2024_SetOctNov,,,,,721.998593056884,60+,0,
2024,9,27392,1,38,1,1,202409273921003812,1,2,3,1,2, ,1,39.0,2,4.0,11.0,1984.0,1,,, , , , , , , , , , , , ,2, ,9629.0,8542.0,2, ,2,2,1,1.0,0.0,6.0,6.0,6.0,6.0,6.0,0.0,30.0,,30.0,1,,1,1,1,2, ,,,, ,, ,, , , , , , , , ,1,5,2, ,2, ,2, ,2, ,1,5,2, ,2, ,2, ,2, ,2, ,2, ,2, ,8,2, ,2,2,2,2,2,2,10,7,1,, ,1950.0,,,,,, ,1950.0,1950.0,1950.0,1,,2024_SetOctNov,,,,,962.134734423431,25-39,0,
2024,9,27392,1,38,1,1,202409273921003813,1,3,3,2, ,2,2,37.0, ,,,, ,,, , , , , , , , , , , , , , ,,, , , , , ,,,,,,,,,,,, ,, , , , , ,,,, ,, ,, , , , , , , , , , , , , , , , , , , , , , , , , , , , , , , , , , , , , , , , , , , , , , ,, ,,,,,,, ,,,,0,,2024_SetOctNov,,,,, ,25-39,0,
2024,9,27392,1,38,1,1,202409273921003814,1,4,4,2, ,2,1,46.0, ,,,, ,,, , , , , , , , , , , , , , ,,, , , , , ,,,,,,,,,,,, ,, , , , , ,,,, ,, ,, , , , , , , , , , , , , , , , , , , , , , , , , , , , , , , , , , , , , , , , , , , , , , ,, ,,,,,,, ,,,,0,,2024_SetOctNov,,,,, ,40-59,0,
2024,9,27392,1,38,1,1,202409273921003815,1,5,5,2, ,2,2,1.0, ,,,, ,,, , , , , , , , , , , , , , ,,, , , , , ,,,,,,,,,,,, ,, , , , , ,,,, ,, ,, , , , , , , , , , , , , , , , , , , , , , , , , , , , , , , , , , , , , , , , , , , , , , ,, ,,,,,,, ,,,,0,,2024_SetOctNov,,,,, ,0-14,0,
2024,9,27392,1,39,1,1,202409273921003911,1,1,1,1,2, ,1,77.0,1,6.0,5.0,1947.0,2,2.0,2.0,2,2,2,2,2,2,2,2,2,2,2,2,1,2,,, , , , , ,,,,,,,,,,,, ,, , , , , ,,,, ,, ,, ,2,6,2,2,3, , ,1,1,1,3,2, ,2, ,2, ,2, ,2, ,2, ,2, ,2, ,1,3,2, ,2, ,6,5, ,2,2,2,2,2,2,10,7,4,, ,,,,,,, ,,,,1,,2024_SetOctNov,,,,,785.17266574675,60+,0,
2024,9,27392,1,39,1,1,202409273921003912,1,2,2,1,2, ,2,71.0,2,22.0,12.0,1952.0,2,2.0,2.0,2,2,2,2,2,2,2,2,2,2,2,2,2,2,,, , , , , ,,,,,,,,,,,, ,, , , , , ,,,, ,, ,, ,2,5,2,1,3, , ,1,1,1,4,2, ,2, ,2, ,2, ,2, ,2, ,2, ,2, ,2, ,2, ,2, ,6,5, ,2,2,2,2,2,2,10,7,4,, ,,,,,,, ,,,,1,,2024_SetOctNov,,,,,721.998593056884,60+,0,
2024,9,27392,1,39,1,1,202409273921003913,1,3,3,1,1, ,2,34.0, ,,,, ,,, , , , , , , , , , , , , , ,,, , , , , ,,,,,,,,,,,, ,, , , , , ,,,, ,, ,, , , , , , , , , , , , , , , , , , , , , , , , , , , , , , , , , , , , , , , , , , , , , , ,, ,,,,,,, ,,,,0,,2024_SetOctNov,,,,, ,25-39,0,
2024,9,27392,1,39,1,1,202409273921003914,1,4,3,2, ,2,1,47.0, ,,,, ,,, , , , , , , , , , , , , , ,,, , , , , ,,,,,,,,,,,, ,, , , , , ,,,, ,, ,, , , , , , , , , , , , , , , , , , , , , , , , , , , , , , , , , , , , , , , , , , , , , , ,, ,,,,,,, ,,,,0,,2024_SetOctNov,,,,, ,40-59,0,
2024,9,18808,1,43,1,1,202409188081004313,1,1,1,1,2, ,2,31.0,1,24.0,10.0,1992.0,2,2.0,2.0,2,2,2,2,2,2,2,2,2,2,2,2,1,2,,, , , , , ,,,,,,,,,,,, ,, , , , , ,,,, ,, ,, ,2,8,2,2,6, , ,1,5,2, ,2, ,2, ,2, ,1,5,2, ,2, ,2, ,1,5,2, ,2, ,2, ,5,1, ,2,2,2,2,2,2,10,9,4,, ,,,,,,, ,,,,1,,2024_SetOctNov,,,,,939.987406583661,25-39,0,
2024,9,18808,1,43,1,1,202409188081004314,1,2,2,1,2, ,1,37.0,2,4.0,8.0,1987.0,1,,, , , , , , , , , , , , ,2, ,9629.0,9603.0,3,5,1, ,5,550.0,0.0,8.0,8.0,8.0,8.0,8.0,8.0,48.0,,48.0,1,,2, ,2,2,4,1500.0,,, ,, ,, , , , , , , , ,1,1,1,1,2, ,2, ,2, ,2, ,2, ,2, ,2, ,1,1,2, ,2, ,2, ,6,5, ,2,2,2,2,2,2,10,1,1,1500.0, ,,,,,,,375,1500.0,1500.0,1875.0,1,,2024_SetOctNov,,,,,1023.14168204936,25-39,0,
2024,9,18808,1,44,1,1,202409188081004411,1,1,1,1,2, ,2,41.0,1,3.0,11.0,1982.0,1,,, , , , , , , , , , , , ,1, ,5212.0,4711.0,3,5,3,2,1,2.0,0.0,8.0,8.0,8.0,8.0,8.0,8.0,48.0,,48.0,1,,2, ,2,2,2,120.0,,, ,, ,, , , , , , , , ,1,5,2, ,2, ,2, ,2, ,1,5,2, ,2, ,2, ,1,5,2, ,2, ,2, ,6,5, ,2,2,2,2,2,2,10,7,1,520.0, ,,,,,,, ,520.0,520.0,520.0,1,,2024_SetOctNov,,,,,939.987406583661,40-59,0,
2024,9,18808,1,44,1,1,202409188081004412,1,2,2,1,2, ,1,38.0,2,30.0,8.0,1986.0,1,,, , , , , , , , , , , , ,2, ,9313.0,4100.0,3,5,3,2,1,3.0,0.0,0.0,0.0,0.0,8.0,8.0,8.0,24.0,,48.0,2,48.0,2, ,2,2,2,160.0,,, ,, ,, , , , , , , , ,1,1,1,5,2, ,2, ,2, ,2, ,2, ,2, ,2, ,1,5,2, ,2, ,2, ,6,5, ,2,2,2,2,2,2,10,7,1,693.0, ,,,,,,, ,693.0,693.0,693.0,1,,2024_SetOctNov,,,,,1023.14168204936,25-39,0,
2024,9,18808,1,44,1,1,202409188081004414,1,3,3,1,2, ,2,10.0, ,,,, ,,, , , , , , , , , , , , , , ,,, , , , , ,,,,,,,,,,,, ,, , , , , ,,,, ,, ,, , , , , , , , , , , , , , , , , , , , , , , , , , , , , , , , , , , , , , , , , , , , , , ,, ,,,,,,, ,,,,1,,2024_SetOctNov,,,,, ,0-14,0,
2024,9,18808,1,44,1,1,202409188081004415,1,4,3,1,2, ,1,2.0, ,,,, ,,, , , , , , , , , , , , , , ,,, , , , , ,,,,,,,,,,,, ,, , , , , ,,,, ,, ,, , , , , , , , , , , , , , , , , , , , , , , , , , , , , , , , , , , , , , , , , , , , , , ,, ,,,,,,, ,,,,1,,2024_SetOctNov,,,,, ,0-14,0,
2024,9,18808,1,46,1,1,202409188081004611,1,1,1,1,2, ,1,50.0,1,1.0,12.0,1973.0,1,,, , , , , , , , , , , , ,1, ,9333.0,2392.0,3,5,1, ,1,20.0,0.0,10.0,10.0,0.0,10.0,10.0,10.0,50.0,15.0,65.0,1,,2, ,2,2,2,300.0,,, ,, ,480.0, , , , , , , , ,1,5,2, ,2, ,2, ,2, ,1,5,2, ,2, ,2, ,2, ,2, ,2, ,2, ,3, ,5,2,2,2,2,2,2,10,7,1,1299.0, ,,,,480.0,,,21,1779.0,1299.0,1800.0,1,,2024_SetOctNov,,,,,834.958819372344,40-59,0,
2024,9,18808,1,46,1,1,202409188081004612,1,2,2,1,2, ,2,49.0,2,11.0,8.0,1975.0,2,2.0,2.0,2,2,2,2,2,2,2,2,2,2,2,2,2,2,,, , , , , ,,,,,,,,,,,, ,, , , , , ,,,, ,, ,, ,2,7,2,2,7, , ,1,5,2, ,2, ,2, ,2, ,1,5,2, ,2, ,2, ,2, ,2, ,2, ,2, ,9,3, ,2,2,2,2,2,2,10,7,4,, ,,,,,,, ,,,,1,,2024_SetOctNov,,,,,767.779011096789,40-59,0,
2024,9,18808,1,46,1,1,202409188081004613,1,3,3,1,2, ,2,20.0,3,31.0,8.0,2004.0,1,,, , , , , , , , , , , , ,3, ,7513.0,1071.0,2, ,3,2,1,1.0,0.0,8.0,6.0,6.0,5.0,6.0,6.0,37.0,,37.0,1,,2, ,2,2, ,,,, ,, ,, , , , , , , , ,1,5,2, ,2, ,2, ,2, ,1,5,2, ,2, ,2, ,2, ,2, ,2, ,2, ,6,5, ,2,2,2,2,2,2,10,7,1,, ,1099.0,43.0,,,,, ,1142.0,1142.0,1142.0,1,,2024_SetOctNov,,,,,943.80063438822,15-24,0,
2024,9,18808,1,46,1,1,202409188081004614,1,4,3,1,2, ,2,15.0,4,14.0,3.0,2009.0,2,2.0,2.0,2,2,2,2,2,2,2,2,2,2,2,2,4,2,,, , , , , ,,,,,,,,,,,, ,, , , , , ,,,, ,, ,, ,2,4,2,2,5, , ,2,5,2, ,2, ,2, ,2, ,1,5,2, ,2, ,2, ,2, ,2, ,2, ,2, ,5,3, ,2,2,2,2,2,2,10,7,4,, ,,,,,,, ,,,,1,,2024_SetOctNov,,,,,943.80063438822,15-24,0,
2024,9,18808,1,46,1,1,202409188081004615,1,5,3,1,2, ,2,7.0, ,,,, ,,, , , , , , , , , , , , , , ,,, , , , , ,,,,,,,,,,,, ,, , , , , ,,,, ,, ,, , , , , , , , , , , , , , , , , , , , , , , , , , , , , , , , , , , , , , , , , , , , , , ,, ,,,,,,, ,,,,1,,2024_SetOctNov,,,,, ,0-14,0,
2024,9,18808,1,141,1,1,202409188081014111,1,1,1,1,2, ,1,46.0,1,27.0,3.0,1978.0,1,,, , , , , , , , , , , , ,1, ,7111.0,4100.0,3,5,3,2,1,2.0,0.0,8.0,8.0,8.0,8.0,0.0,5.0,37.0,,45.0,2,45.0,2, ,2,2,2,750.0,,, ,, ,, , , , , , , , ,1,5,2, ,2, ,2, ,2, ,1,5,2, ,2, ,2, ,2, ,2, ,2, ,2, ,3, ,3,2,2,2,2,2,2,1,1,1,3248.0, ,,,,,,, ,3248.0,3248.0,3248.0,1,,2024_SetOctNov,,,,,834.958819372344,40-59,0,
2024,9,18808,1,141,1,1,202409188081014112,1,2,2,1,2, ,2,44.0,2,1.0,12.0,1979.0,2,2.0,2.0,2,2,2,2,2,2,2,2,2,2,2,2,2,2,,, , , , , ,,,,,,,,,,,, ,, , , , , ,,,, ,, ,, ,2,5,2,2,6, , ,1,5,2, ,2, ,2, ,2, ,1,5,2, ,2, ,2, ,2, ,2, ,2, ,2, ,6,5, ,2,2,2,2,2,2,10,7,4,, ,,,,,,, ,,,,1,,2024_SetOctNov,,,,,939.987406583661,40-59,0,
2024,9,18808,1,141,1,1,202409188081014113,1,3,3,1,2, ,2,17.0,3,6.0,8.0,2007.0,2,2.0,2.0,2,2,2,2,2,2,2,2,2,2,2,2,3,2,,, , , , , ,,,,,,,,,,,, ,, , , , , ,,,, ,, ,, ,2,5,2,2,6, , ,1,5,2, ,2, ,2, ,2, ,1,5,2, ,2, ,2, ,2, ,2, ,2, ,2, ,5,4, ,2,2,2,2,2,2,10,7,4,, ,,,,,,, ,,,,1,,2024_SetOctNov,,,,,943.80063438822,15-24,0,
2024,9,18808,1,141,1,1,202409188081014114,1,4,3,1,2, ,2,13.0, ,,,, ,,, , , , , , , , , , , , , , ,,, , , , , ,,,,,,,,,,,, ,, , , , , ,,,, ,, ,, , , , , , , , , , , , , , , , , , , , , , , , , , , , , , , , , , , , , , , , , , , , , , ,, ,,,,,,, ,,,,1,,2024_SetOctNov,,,,, ,0-14,0,
2024,9,18808,1,141,1,1,202409188081014115,1,5,3,1,2, ,2,4.0, ,,,, ,,, , , , , , , , , , , , , , ,,, , , , , ,,,,,,,,,,,, ,, , , , , ,,,, ,, ,, , , , , , , , , , , , , , , , , , , , , , , , , , , , , , , , , , , , , , , , , , , , , , ,, ,,,,,,, ,,,,1,,2024_SetOctNov,,,,, ,0-14,0,
2024,9,2113001,1,1,1,1,20240921130011000111,1,1,1,1,2, ,1,44.0,1,3.0,11.0,1979.0,1,,, , , , , , , , , , , , ,1, ,7128.0,4330.0,3,5,3,2,1,2.0,0.0,0.0,8.0,8.0,8.0,0.0,0.0,24.0,,24.0,1,,1,1,1,1,2,240.0,108.0,, ,, ,, , , , , , , , ,1,6,2, ,2, ,2, ,2, ,2, ,2, ,2, ,2, ,1,5,2, ,2, ,2, ,6,5, ,2,2,2,2,2,2,10,7,1,1039.0,468,,,,,,, ,1507.0,1507.0,1507.0,1,,2024_SetOctNov,,,,,883.622361065357,40-59,0,
2024,9,2113001,1,1,1,1,20240921130011000112,1,2,3,1,2, ,2,21.0,1,9.0,12.0,2002.0,1,,, , , , , , , , , , , , ,2, ,5142.0,9602.0,3,5,2,2,1,6.0,9.0,9.0,0.0,9.0,9.0,9.0,0.0,45.0,,45.0,1,,1,1,1,2,3,513.0,,, ,, ,, , , , , , , , ,1,5,2, ,2, ,2, ,2, ,1,5,2, ,2, ,2, ,2, ,2, ,2, ,2, ,10,1, ,2,2,2,2,2,2,10,7,1,1026.0, ,,,,,,, ,1026.0,1026.0,1026.0,1,,2024_SetOctNov,,,,,815.100547230824,15-24,0,
2024,9,2113001,1,1,1,1,20240921130011000113,1,3,3,1,2, ,2,17.0,1,1.0,1.0,2007.0,2,2.0,2.0,2,2,2,2,2,2,2,2,2,2,2,2,3,2,,, , , , , ,,,,,,,,,,,, ,, , , , , ,,,, ,, ,, ,2,4,2,2,5, , ,2,5,2, ,2, ,2, ,2, ,1,5,2, ,2, ,2, ,2, ,2, ,2, ,2, ,6,5, ,2,2,2,2,2,2,10,7,4,, ,,,,,,, ,,,,1,,2024_SetOctNov,,,,,815.100547230824,15-24,0,
2024,9,2113001,1,2,1,1,20240921130011000211,1,1,1,1,2, ,1,69.0,1,11.0,8.0,1955.0,2,2.0,2.0,2,2,2,2,2,2,2,2,2,2,2,2,1,2,,, , , , , ,,,,,,,,,,,, ,, , , , , ,,,, ,, ,, ,2,5,1,1,7, , ,1,1,1,3,2, ,2, ,2, ,2, ,2, ,2, ,2, ,1,3,2, ,2, ,2, ,11,5, ,2,2,2,2,2,2,1,1,3,, ,,,,,,, ,,,,1,,2024_SetOctNov,,,,,721.10079797388,60+,0,
2024,9,2113001,1,2,1,1,20240921130011000212,1,2,2,1,2, ,2,67.0,2,20.0,7.0,1957.0,2,2.0,2.0,2,2,2,2,2,2,2,2,2,2,2,2,2,2,,, , , , , ,,,,,,,,,,,, ,, , , , , ,,,, ,, ,, ,2,7,2,2,7, , ,1,1,1,4,2, ,2, ,2, ,2, ,2, ,2, ,2, ,2, ,2, ,2, ,2, ,3,3, ,2,2,2,2,2,2,1,1,4,, ,,,,,,, ,,,,1,,2024_SetOctNov,,,,,663.081872691252,60+,0,
2024,9,2113001,1,5,1,1,20240921130011000511,1,1,1,1,2, ,1,43.0,1,29.0,6.0,1981.0,1,,, , , , , , , , , , , , ,1, ,7411.0,4321.0,3,5,2,1,1,4.0,0.0,0.0,8.0,8.0,8.0,8.0,0.0,32.0,,32.0,1,,1,1,1,2,2,600.0,110.0,, ,, ,, , , , , , , , ,1,5,2, ,2, ,2, ,2, ,1,5,2, ,2, ,2, ,2, ,1,5,2, ,2, ,6,5, ,2,2,2,2,2,2,10,7,1,2598.0,477,,,,,,, ,3075.0,3075.0,3075.0,1,,2024_SetOctNov,,,,,883.622361065357,40-59,0,
2024,9,2113001,1,6,1,1,20240921130011000611,1,1,1,1,2, ,1,52.0,1,11.0,10.0,1971.0,1,,, , , , , , , , , , , , ,1, ,9511.0,4781.0,2, ,3,2,1,1.0,8.0,0.0,0.0,0.0,0.0,0.0,0.0,8.0,,22.0,2,22.0,2, ,2,2, ,,,, ,, ,, , , , , , , , ,1,5,2, ,2, ,2, ,2, ,1,5,2, ,2, ,2, ,2, ,2, ,2, ,2, ,5,1, ,2,2,2,2,2,2,10,7,1,, ,330.0,,,,,, ,330.0,330.0,330.0,1,,2024_SetOctNov,,,,,721.10079797388,40-59,0,
2024,9,2113001,1,6,1,1,20240921130011000612,1,2,3,1,2, ,2,34.0,2,12.0,7.0,1990.0,2,1.0,, , , , , , , , , , , , ,2, ,9629.0,5914.0,3,5,1, ,3,60.0,0.0,0.0,0.0,0.0,0.0,0.0,0.0,0.0,,48.0,2,48.0,2, ,2,2,3,500.0,,, ,, ,, , , , , , , , ,1,1,1,1,2, ,2, ,2, ,2, ,2, ,2, ,2, ,1,1,2, ,2, ,2, ,9,3, ,2,2,2,2,2,2,10,7,1,1000.0, ,,,,,,,192,1000.0,1000.0,1192.0,1,,2024_SetOctNov,,,,,811.807305038602,25-39,0,
2024,9,2113001,1,6,1,1,20240921130011000613,1,3,3,1,2, ,2,32.0,3,31.0,7.0,1992.0,1,,, , , , , , , , , , , , ,3, ,8153.0,1410.0,3,5,1, ,4,110.0,0.0,9.0,9.0,9.0,9.0,0.0,13.0,49.0,,54.0,2,54.0,2, ,2,2,4,1500.0,,, ,, ,, , , , , , , , ,1,1,1,1,2, ,2, ,2, ,2, ,2, ,2, ,2, ,1,1,2, ,2, ,2, ,6,5, ,2,2,2,2,2,2,10,7,1,1500.0, ,,,,,,,200,1500.0,1500.0,1700.0,1,,2024_SetOctNov,,,,,811.807305038602,25-39,0,
2024,9,2113001,1,6,1,1,20240921130011000614,1,4,5,1,2, ,2,11.0, ,,,, ,,, , , , , , , , , , , , , , ,,, , , , , ,,,,,,,,,,,, ,, , , , , ,,,, ,, ,, , , , , , , , , , , , , , , , , , , , , , , , , , , , , , , , , , , , , , , , , , , , , , ,, ,,,,,,, ,,,,1,,2024_SetOctNov,,,,, ,0-14,0,
2024,9,2113001,1,6,1,1,20240921130011000615,1,5,5,1,2, ,2,6.0, ,,,, ,,, , , , , , , , , , , , , , ,,, , , , , ,,,,,,,,,,,, ,, , , , , ,,,, ,, ,, , , , , , , , , , , , , , , , , , , , , , , , , , , , , , , , , , , , , , , , , , , , , , ,, ,,,,,,, ,,,,1,,2024_SetOctNov,,,,, ,0-14,0,
2024,9,24443,1,87,1,1,202409244431008711,1,1,1,1,2, ,2,65.0,1,21.0,8.0,1959.0,2,2.0,2.0,2,2,2,2,2,2,2,2,2,2,2,2,1,2,,, , , , , ,,,,,,,,,,,, ,, , , , , ,,,, ,, ,, ,2,5,1,1,7, , ,1,4,2, ,2, ,2, ,1,4,2, ,2, ,2, ,2, ,2, ,1,5,2, ,2, ,6,5, ,2,2,2,2,2,2,10,1,3,, ,,,,,,, ,,,,1,,2024_SetOctNov,,,,,825.9007266388,60+,0,
2024,9,24443,1,87,1,1,202409244431008712,1,2,2,1,2, ,1,65.0,2,21.0,4.0,1959.0,1,,, , , , , , , , , , , , ,2, ,8322.0,4922.0,2, ,3,2,1,2.0,0.0,6.0,6.0,12.0,5.0,8.0,5.0,42.0,,42.0,1,,1,1,1,2, ,,,, ,, ,, , , , , , , , ,1,4,2, ,2, ,2, ,1,3,2, ,2, ,2, ,2, ,2, ,2, ,2, ,1,3,6,5, ,2,2,2,2,2,2,10,7,1,, ,2425.0,,,,,, ,2425.0,2425.0,2425.0,1,,2024_SetOctNov,,,,,898.166120285048,60+,0,
2024,9,24443,1,88,1,1,202409244431008811,1,1,1,1,2, ,2,36.0,1,7.0,1.0,1988.0,1,,, , , , , , , , , , , , ,1, ,7354.0,1410.0,3,5,1, ,5,1500.0,0.0,11.0,11.0,11.0,11.0,11.0,8.0,63.0,,63.0,1,,2, ,2,2,2,380.0,30.0,, ,, ,, , , , , , , , ,1,1,1,1,2, ,2, ,2, ,2, ,2, ,2, ,2, ,1,1,2, ,2, ,2, ,9,3, ,2,2,2,2,2,2,10,7,1,1645.0,130,,,,,,, ,1775.0,1775.0,1775.0,1,,2024_SetOctNov,,,,,1011.14548705851,25-39,0,
2024,9,24443,1,88,1,1,202409244431008812,1,2,2,1,2, ,1,40.0,2,24.0,3.0,1984.0,1,,, , , , , , , , , , , , ,2, ,8332.0,4923.0,3,5,3,2,1,3.0,0.0,0.0,8.0,8.0,8.0,8.0,0.0,32.0,,32.0,1,,1,1,1,2,3,700.0,,, ,, ,, , , , , , , , ,1,5,2, ,2, ,2, ,2, ,1,5,2, ,2, ,2, ,1,5,2, ,2, ,2, ,5,4, ,2,2,2,2,2,2,10,7,1,1400.0, ,,,,,,,58,1400.0,1400.0,1458.0,1,,2024_SetOctNov,,,,,1100.59463262989,40-59,0,
2024,9,24443,1,88,1,1,202409244431008813,1,3,3,1,2, ,1,14.0,3,2.0,4.0,2010.0,2,2.0,2.0,2,2,2,2,2,2,2,2,2,2,2,2,3,2,,, , , , , ,,,,,,,,,,,, ,, , , , , ,,,, ,, ,, ,2,4,1,2,5, , ,1,5,2, ,2, ,2, ,2, ,1,5,2, ,2, ,2, ,2, ,2, ,2, ,2, ,5,1, ,2,2,2,2,2,2,10,7,4,, ,,,,,,, ,,,,1,,2024_SetOctNov,,,,,940.310984800655,0-14,0,
2024,9,24443,1,88,1,1,202409244431008814,1,4,3,1,2, ,2,10.0, ,,,, ,,, , , , , , , , , , , , , , ,,, , , , , ,,,,,,,,,,,, ,, , , , , ,,,, ,, ,, , , , , , , , , , , , , , , , , , , , , , , , , , , , , , , , , , , , , , , , , , , , , , ,, ,,,,,,, ,,,,1,,2024_SetOctNov,,,,, ,0-14,0,
2024,9,24443,1,88,1,1,202409244431008815,1,5,3,1,2, ,2,2.0, ,,,, ,,, , , , , , , , , , , , , , ,,, , , , , ,,,,,,,,,,,, ,, , , , , ,,,, ,, ,, , , , , , , , , , , , , , , , , , , , , , , , , , , , , , , , , , , , , , , , , , , , , , ,, ,,,,,,, ,,,,1,,2024_SetOctNov,,,,, ,0-14,0,
2024,9,24443,1,89,1,1,202409244431008911,1,1,1,1,2, ,1,52.0,1,4.0,8.0,1972.0,1,,, , , , , , , , , , , , ,1, ,7111.0,4100.0,2, ,3,2,1,1.0,0.0,8.0,8.0,8.0,8.0,8.0,0.0,40.0,7.0,47.0,1,,2, ,2,2, ,,,, ,, ,, , , , , , , , ,1,5,2, ,2, ,2, ,2, ,1,5,2, ,2, ,2, ,2, ,2, ,2, ,2, ,6,5, ,2,2,2,2,2,2,10,7,1,, ,2794.0,,,,,, ,2794.0,2794.0,2794.0,1,,2024_SetOctNov,,,,,898.166120285048,40-59,0,
2024,9,24443,1,89,1,1,202409244431008912,1,2,2,1,2, ,2,54.0,2,17.0,4.0,1970.0,2,2.0,2.0,1,2,2,2,2,2,2,2,2,2,2,2,2, ,9622.0,5221.0,2, ,2,2,1,2.0,9.0,9.0,9.0,9.0,9.0,9.0,9.0,63.0,,63.0,1,,2, ,2,2, ,,,, ,, ,, , , , , , , , ,1,5,2, ,2, ,2, ,2, ,1,5,2, ,2, ,2, ,2, ,2, ,2, ,2, ,6,5, ,2,2,2,2,2,2,10,7,1,, ,4796.0,,,,,, ,4796.0,4796.0,4796.0,1,,2024_SetOctNov,,,,,825.9007266388,40-59,0,
2024,9,24443,1,90,1,1,202409244431009011,1,1,1,1,2, ,1,89.0,1,20.0,5.0,1935.0,2,2.0,2.0,2,2,2,2,2,2,2,2,2,2,2,2,1,2,,, , , , , ,,,,,,,,,,,, ,, , , , , ,,,, ,, ,, ,2,6,2,2,3, , ,1,1,1,3,2, ,2, ,2, ,2, ,2, ,2, ,2, ,2, ,1,3,2, ,2, ,4,5, ,2,2,2,2,2,2,10,9,4,, ,,,,,,, ,,,,1,,2024_SetOctNov,,,,,898.166120285048,60+,0,
2024,9,24443,1,90,1,1,202409244431009012,1,2,2,1,2, ,2,85.0,2,28.0,10.0,1938.0,2,2.0,2.0,2,2,2,2,2,2,2,2,2,2,2,2,2,2,,, , , , , ,,,,,,,,,,,, ,, , , , , ,,,, ,, ,, ,2,6,2,2,3, , ,1,1,1,3,2, ,2, ,2, ,2, ,2, ,2, ,2, ,2, ,1,3,2, ,2, ,6,5, ,1,1,2,2,2,2,10,9,4,, ,,,,,,, ,,,,1,,2024_SetOctNov,,,,,825.9007266388,60+,0,
2024,9,47703,1,136,1,1,202409477031013611,1,1,1,1,2, ,2,49.0,1,16.0,4.0,1975.0,2,2.0,2.0,2,2,2,2,2,2,2,2,2,2,2,2,1,2,,, , , , , ,,,,,,,,,,,, ,, , , , , ,,,, ,, ,, ,2,5,2,1,7, , ,1,1,1,4,2, ,2, ,2, ,2, ,2, ,2, ,2, ,2, ,2, ,2, ,2, ,6,5, ,2,2,2,2,2,2,1,1,4,, ,,,,,,, ,,,,1,,2024_SetOctNov,,,,,1103.31226750694,40-59,0,
2024,9,47703,1,136,1,1,202409477031013612,1,2,2,1,2, ,1,52.0,2,30.0,8.0,1972.0,1,,, , , , , , , , , , , , ,2, ,5414.0,8010.0,3,4,1, ,4,400.0,12.0,12.0,12.0,12.0,12.0,12.0,12.0,84.0,,84.0,1,,2, ,2,2,4,2600.0,217.0,, ,, ,, , , , , , , , ,1,1,1,1,2, ,2, ,2, ,2, ,2, ,2, ,2, ,1,1,2, ,2, ,2, ,1, , ,2,2,2,2,2,2,1,1,1,2600.0,710,,,,,,,868,3310.0,3310.0,4178.0,1,,2024_SetOctNov,,,,,1199.85086198258,40-59,0,
2024,9,47703,1,136,1,1,202409477031013613,1,3,3,1,2, ,1,14.0,3,10.0,8.0,2010.0,2,2.0,2.0,2,2,2,2,2,2,2,2,2,2,2,2,3,2,,, , , , , ,,,,,,,,,,,, ,, , , , , ,,,, ,, ,, ,2,4,1,2,5, , ,2,1,1,4,2, ,2, ,2, ,2, ,2, ,2, ,2, ,2, ,2, ,2, ,2, ,5,1, ,2,2,2,2,2,2,10,5,4,, ,,,,,,, ,,,,1,,2024_SetOctNov,,,,,1256.15175206864,0-14,0,
2024,9,47703,1,136,1,1,202409477031013614,1,4,3,1,2, ,2,11.0, ,,,, ,,, , , , , , , , , , , , , , ,,, , , , , ,,,,,,,,,,,, ,, , , , , ,,,, ,, ,, , , , , , , , , , , , , , , , , , , , , , , , , , , , , , , , , , , , , , , , , , , , , , ,, ,,,,,,, ,,,,1,,2024_SetOctNov,,,,, ,0-14,0,
2024,9,47703,1,137,1,1,202409477031013711,1,1,1,1,2, ,1,48.0,1,25.0,8.0,1976.0,2,1.0,, , , , , , , , , , , , ,1, ,7127.0,4322.0,3,5,1, ,5,1500.0,0.0,0.0,0.0,0.0,0.0,0.0,0.0,0.0,,54.0,2,54.0,2, ,2,2,4,2000.0,,, ,, ,, , , , , , , , ,1,1,1,1,2, ,2, ,2, ,2, ,2, ,2, ,2, ,1,1,2, ,2, ,2, ,5,3, ,2,2,2,2,2,2,10,7,1,2000.0, ,,,,,,,516,2000.0,2000.0,2516.0,1,,2024_SetOctNov,,,,,1199.85086198258,40-59,0,
2024,9,47703,1,137,1,1,202409477031013712,1,2,2,1,2, ,2,52.0,2,12.0,1.0,1972.0,1,,, , , , , , , , , , , , ,2, ,5212.0,4711.0,2, ,3,2,1,1.0,0.0,10.0,10.0,10.0,10.0,10.0,10.0,60.0,,60.0,1,,2, ,2,2, ,,,, ,, ,, , , , , , , , ,1,1,1,4,2, ,2, ,2, ,2, ,2, ,2, ,2, ,2, ,2, ,2, ,2, ,6,5, ,2,2,2,2,2,2,10,7,1,, ,2431.0,520.0,,,,, ,2951.0,2951.0,2951.0,1,,2024_SetOctNov,,,,,1103.31226750694,40-59,0,
2024,9,47703,1,137,1,1,202409477031013713,1,3,3,1,2, ,1,18.0,3,10.0,8.0,2006.0,2,2.0,2.0,2,2,2,2,2,2,2,2,2,2,2,2,3,2,,, , , , , ,,,,,,,,,,,, ,, , , , , ,,,, ,, ,, ,1,3,1,1,13,5,3,1,6,2, ,2, ,2, ,2, ,2, ,2, ,2, ,2, ,2, ,2, ,2, ,2, ,6,5, ,2,2,2,2,2,2,10,7,2,, ,,,,,,, ,,,,1,,2024_SetOctNov,,,,,1256.15175206864,15-24,0,
2024,9,47703,1,138,1,1,202409477031013811,1,1,1,1,2, ,1,44.0,1,12.0,9.0,1979.0,1,,, , , , , , , , , , , , ,1, ,7129.0,2393.0,3,5,1, ,4,200.0,0.0,8.0,8.0,8.0,8.0,8.0,8.0,48.0,,48.0,1,,2, ,2,2,4,2500.0,84.0,, ,, ,, , , , , , , , ,1,1,1,1,2, ,2, ,2, ,2, ,2, ,2, ,2, ,1,1,2, ,2, ,2, ,6,5, ,2,2,2,2,2,2,10,6,1,2500.0,364,,,,,,,626,2864.0,2864.0,3490.0,1,,2024_SetOctNov,,,,,1470.27302503381,40-59,0,
2024,9,47703,1,138,1,1,202409477031013812,1,2,2,1,2, ,2,46.0,2,24.0,7.0,1978.0,1,,, , , , , , , , , , , , ,2, ,9111.0,9700.0,6, , , ,1,1.0,0.0,9.0,9.0,9.0,9.0,9.0,0.0,45.0,,45.0,1,,1,1,1,2,3,510.0,100.0,, ,, ,, , , , , , , , ,1,1,1,4,2, ,2, ,2, ,2, ,2, ,2, ,2, ,1,5,2, ,2, ,2, ,8,2, ,2,2,2,2,2,2,10,6,1,1020.0,433,,,,,,, ,1453.0,1453.0,1453.0,1,,2024_SetOctNov,,,,,1103.31226750694,40-59,0,
2024,9,47703,1,138,1,1,202409477031013813,1,3,3,1,2, ,2,22.0,3,11.0,6.0,2002.0,2,2.0,2.0,2,2,2,2,2,2,2,2,2,2,2,2,3,2,,, , , , , ,,,,,,,,,,,, ,, , , , , ,,,, ,, ,, ,1,4,1,2,13,3,1,1,5,2, ,2, ,2, ,2, ,1,5,2, ,2, ,2, ,2, ,2, ,2, ,2, ,10,3, ,2,2,2,2,2,2,10,1,2,, ,,,,,,, ,,,,1,,2024_SetOctNov,,,,,1356.25851052352,15-24,0,
2024,9,47703,1,138,1,1,202409477031013814,1,4,3,1,2, ,2,16.0,4,21.0,8.0,2008.0,2,2.0,2.0,2,2,2,2,2,2,2,2,2,2,2,2,4,2,,, , , , , ,,,,,,,,,,,, ,, , , , , ,,,, ,, ,, ,2,4,2,2,5, , ,2,1,1,4,2, ,2, ,2, ,2, ,2, ,2, ,2, ,2, ,2, ,2, ,2, ,5,3, ,2,2,2,2,2,2,10,9,4,, ,,,,,,, ,,,,1,,2024_SetOctNov,,,,,1356.25851052352,15-24,0,
2024,9,47703,1,139,1,1,202409477031013911,1,1,1,1,2, ,2,39.0,1,20.0,6.0,1985.0,1,,, , , , , , , , , , , , ,1, ,3323.0,6810.0,3,5,1, ,2,30.0,0.0,8.0,8.0,9.0,9.0,8.0,6.0,48.0,,48.0,1,,2, ,2,2,4,3500.0,,, ,, ,, , , , , , , , ,1,1,1,1,2, ,2, ,2, ,2, ,2, ,2, ,2, ,1,1,2, ,2, ,2, ,11,5, ,2,2,2,2,2,2,10,7,1,3500.0, ,,,,,,,876,3500.0,3500.0,4376.0,1,,2024_SetOctNov,,,,,1350.77883348786,25-39,0,
2024,9,47703,1,139,1,1,202409477031013912,1,2,3,1,2, ,2,9.0, ,,,, ,,, , , , , , , , , , , , , , ,,, , , , , ,,,,,,,,,,,, ,, , , , , ,,,, ,, ,, , , , , , , , , , , , , , , , , , , , , , , , , , , , , , , , , , , , , , , , , , , , , , ,, ,,,,,,, ,,,,1,,2024_SetOctNov,,,,, ,0-14,0,
2024,9,21336,1,72,1,1,202409213361007211,1,1,1,1,2, ,2,48.0,1,17.0,8.0,1976.0,1,,, , , , , , , , , , , , ,1, ,5120.0,5629.0,3,5,1, ,1,20.0,0.0,9.0,9.0,9.0,9.0,9.0,9.0,54.0,,54.0,1,,1,2,2,2,4,1200.0,15.0,, ,, ,, , , , , , , , ,1,1,1,1,2, ,2, ,2, ,2, ,2, ,2, ,2, ,2, ,1,1,2, ,2, ,8,1, ,2,2,2,2,2,2,10,7,1,1200.0,450,,,,,,,308,1650.0,1650.0,1958.0,1,,2024_SetOctNov,,,,,767.704293655069,40-59,0,
2024,9,21336,1,72,1,1,202409213361007212,1,2,3,1,2, ,2,27.0,2,13.0,12.0,1996.0,1,,, , , , , , , , , , , , ,2, ,4419.0,5629.0,3,5,1, ,1,20.0,0.0,3.0,3.0,0.0,0.0,0.0,0.0,6.0,,6.0,1,,1,2,2,2,4,400.0,,, ,, ,, , , , , , , , ,1,5,2, ,2, ,2, ,2, ,1,5,2, ,2, ,2, ,2, ,2, ,2, ,2, ,10,4, ,2,2,2,2,2,2,10,7,1,400.0, ,,,,,,, ,400.0,400.0,400.0,1,,2024_SetOctNov,,,,,939.895930451527,25-39,0,
2024,9,21336,1,72,1,1,202409213361007213,1,3,3,1,2, ,1,13.0, ,,,, ,,, , , , , , , , , , , , , , ,,, , , , , ,,,,,,,,,,,, ,, , , , , ,,,, ,, ,, , , , , , , , , , , , , , , , , , , , , , , , , , , , , , , , , , , , , , , , , , , , , , ,, ,,,,,,, ,,,,1,,2024_SetOctNov,,,,, ,0-14,0,
2024,9,21336,1,73,1,1,202409213361007311,1,1,1,1,2, ,2,72.0,1,18.0,12.0,1951.0,2,2.0,2.0,2,2,2,2,2,2,2,2,2,2,2,2,1,2,,, , , , , ,,,,,,,,,,,, ,, , , , , ,,,, ,, ,, ,2,5,1,1,6, , ,1,1,1,4,2, ,2, ,2, ,2, ,2, ,2, ,2, ,2, ,2, ,2, ,2, ,5,1, ,2,2,2,2,2,2,1,1,4,, ,,,,,,, ,,,,1,,2024_SetOctNov,,,,,767.704293655069,60+,0,
2024,9,21336,1,73,1,1,202409213361007312,1,2,2,1,2, ,1,80.0,5,6.0,4.0,1944.0,2,2.0,2.0,2,2,2,2,2,2,2,2,2,2,2,2,2,2,,, , , , , ,,,,,,,,,,,, ,, , , , , ,,,, ,, ,, ,2,7,2,2,7, , ,1,1,1,3,2, ,2, ,2, ,2, ,2, ,2, ,2, ,2, ,1,3,2, ,2, ,5,3, ,1,2,1,1,1,1,10,7,4,, ,,,,,,, ,,,,1,,2024_SetOctNov,,,,,834.877564237698,60+,0,
2024,9,21336,1,73,1,1,202409213361007313,1,3,3,1,2, ,1,44.0,3,19.0,3.0,1980.0,1,,, , , , , , , , , , , , ,3, ,9333.0,5224.0,3,5,3,2,1,4.0,0.0,0.0,0.0,0.0,0.0,0.0,5.0,5.0,,8.0,2,8.0,1,1,1,1,2,120.0,12.0,, ,, ,, , , , , , , , ,1,5,2, ,2, ,2, ,2, ,1,5,2, ,2, ,2, ,2, ,1,5,2, ,2, ,6,5, ,2,2,2,2,2,2,10,7,1,520.0,52,,,,,,, ,572.0,572.0,572.0,1,,2024_SetOctNov,,,,,1023.04211364765,40-59,0,
2024,9,21336,1,73,1,1,202409213361007314,1,4,3,1,2, ,1,38.0,4,16.0,11.0,1985.0,1,,, , , , , , , , , , , , ,4, ,7513.0,1073.0,3,5,1, ,5,600.0,0.0,10.0,10.0,10.0,10.0,10.0,10.0,60.0,,60.0,1,,1,1,1,2,4,2000.0,15.0,, ,, ,, , , , , , , , ,1,1,1,1,2, ,2, ,2, ,2, ,2, ,2, ,2, ,1,1,2, ,2, ,2, ,6,5, ,2,2,2,2,2,2,10,7,1,2000.0,450,,,,,,,584,2450.0,2450.0,3034.0,1,,2024_SetOctNov,,,,,1023.04211364765,25-39,0,
2024,9,21336,1,73,1,1,202409213361007315,1,5,3,1,2, ,1,34.0,5,12.0,12.0,1989.0,1,,, , , , , , , , , , , , ,5, ,8156.0,1520.0,3,5,2,2,1,4.0,0.0,6.0,6.0,6.0,6.0,6.0,6.0,36.0,,36.0,1,,1,2,2,2,2,300.0,,, ,, ,, , , , , , , , ,1,5,2, ,2, ,2, ,2, ,1,5,2, ,2, ,2, ,2, ,2, ,2, ,2, ,6,5, ,2,2,2,2,2,2,10,7,1,1299.0, ,,,,,,, ,1299.0,1299.0,1299.0,1,,2024_SetOctNov,,,,,1023.04211364765,25-39,0,
2024,9,21336,1,74,1,1,202409213361007411,1,1,1,1,2, ,2,41.0,1,7.0,3.0,1983.0,1,,, , , , , , , , , , , , ,1, ,2421.0,6419.0,3,5,1, ,5,1000.0,0.0,12.0,12.0,12.0,12.0,12.0,12.0,72.0,,72.0,1,,2, ,2,2,4,3000.0,,, ,, ,, , , , , , , , ,1,1,1,1,2, ,2, ,2, ,2, ,2, ,2, ,2, ,1,1,2, ,2, ,2, ,11,5, ,2,2,2,2,2,2,10,7,1,3000.0, ,,,,,,,1125,3000.0,3000.0,4125.0,1,,2024_SetOctNov,,,,,939.895930451527,40-59,0,
2024,9,29441,1,71,1,1,202409294411007111,1,1,1,1,2, ,1,39.0,1,11.0,7.0,1985.0,1,,, , , , , , , , , , , , ,1, ,4417.0,8411.0,3,2, , ,5,9998.0,0.0,8.0,8.0,8.0,8.0,8.0,0.0,40.0,,40.0,1,,2, ,2,2,4,3000.0,,, ,, ,, , , , , , , , ,2,5,2, ,2, ,2, ,2, ,1,5,2, ,2, ,2, ,1,5,2, ,2, ,2, ,9,3, ,2,2,2,2,2,2,10,7,1,3000.0, ,,,,,,, ,3000.0,3000.0,3000.0,1,,2024_SetOctNov,,,,,1087.00640620059,25-39,0,
2024,9,29441,1,71,1,1,202409294411007112,1,2,2,1,2, ,2,33.0,2,10.0,3.0,1991.0,1,,, , , , , , , , , , , , ,2, ,4416.0,8412.0,3,2, , ,5,9998.0,0.0,8.0,8.0,8.0,8.0,8.0,0.0,40.0,,40.0,1,,2, ,2,2,4,3500.0,,, ,, ,, , , , , , , , ,1,1,1,1,2, ,2, ,2, ,2, ,2, ,2, ,2, ,1,1,2, ,2, ,2, ,11,6, ,2,2,2,2,2,2,10,7,1,3500.0, ,,,,,,,50,3500.0,3500.0,3550.0,1,,2024_SetOctNov,,,,,998.661622951083,25-39,0,
2024,9,29441,1,71,1,1,202409294411007113,1,3,3,1,2, ,1,2.0, ,,,, ,,, , , , , , , , , , , , , , ,,, , , , , ,,,,,,,,,,,, ,, , , , , ,,,, ,, ,, , , , , , , , , , , , , , , , , , , , , , , , , , , , , , , , , , , , , , , , , , , , , , ,, ,,,,,,, ,,,,1,,2024_SetOctNov,,,,, ,0-14,0,
2024,9,29441,1,72,1,1,202409294411007211,1,1,1,1,2, ,1,39.0,1,17.0,2.0,1985.0,1,,, , , , , , , , , , , , ,1, ,3119.0,5223.0,3,5,1, ,4,500.0,0.0,11.0,11.0,11.0,11.0,11.0,11.0,66.0,,66.0,1,,2, ,2,2,4,8000.0,,, ,, ,, , , , , , , , ,1,1,1,1,2, ,2, ,2, ,2, ,2, ,2, ,2, ,1,1,2, ,2, ,2, ,11,5, ,2,2,2,2,2,2,10,6,1,8000.0, ,,,,,,,2001,8000.0,8000.0,10001.0,1,,2024_SetOctNov,,,,,1087.00640620059,25-39,0,
2024,9,29441,1,72,1,1,202409294411007212,1,2,2,1,2, ,2,31.0,2,30.0,10.0,1992.0,1,,, , , , , , , , , , , , ,2, ,3314.0,4719.0,3,5,1, ,5,5000.0,0.0,11.0,11.0,11.0,11.0,11.0,11.0,66.0,,66.0,1,,2, ,2,2,4,3000.0,,, ,, ,, , , , , , , , ,1,1,1,1,2, ,2, ,2, ,2, ,2, ,2, ,2, ,1,1,2, ,2, ,2, ,9,3, ,2,2,2,2,2,2,10,6,1,3000.0, ,,,,,,,750,3000.0,3000.0,3750.0,1,,2024_SetOctNov,,,,,998.661622951083,25-39,0,
2024,9,29441,1,72,1,1,202409294411007213,1,3,3,1,2, ,1,2.0, ,,,, ,,, , , , , , , , , , , , , , ,,, , , , , ,,,,,,,,,,,, ,, , , , , ,,,, ,, ,, , , , , , , , , , , , , , , , , , , , , , , , , , , , , , , , , , , , , , , , , , , , , , ,, ,,,,,,, ,,,,1,,2024_SetOctNov,,,,, ,0-14,0,
2024,9,29441,1,73,1,1,202409294411007311,1,1,1,1,2, ,1,78.0,1,4.0,9.0,1945.0,2,2.0,2.0,2,2,2,2,2,2,2,2,2,2,2,2,1,2,,, , , , , ,,,,,,,,,,,, ,, , , , , ,,,, ,, ,, ,2,6,2,2,3, , ,1,4,2, ,2, ,2, ,1,3,2, ,2, ,2, ,2, ,2, ,2, ,2, ,1,3,6,5, ,2,2,2,2,2,2,10,7,4,, ,,,,,,, ,,,,1,,2024_SetOctNov,,,,,887.077128705651,60+,0,
2024,9,29441,1,73,1,1,202409294411007312,1,2,2,1,2, ,2,75.0,2,16.0,5.0,1949.0,2,2.0,2.0,2,2,2,2,2,2,2,2,2,2,2,2,2,2,,, , , , , ,,,,,,,,,,,, ,, , , , , ,,,, ,, ,, ,2,6,2,2,7, , ,1,1,1,3,2, ,2, ,2, ,2, ,2, ,2, ,2, ,2, ,1,3,2, ,2, ,6,5, ,2,2,2,2,2,2,10,7,4,, ,,,,,,, ,,,,1,,2024_SetOctNov,,,,,815.703942328779,60+,0,
2024,9,29441,1,74,1,1,202409294411007411,1,1,1,1,2, ,2,33.0,1,25.0,9.0,1990.0,2,2.0,2.0,2,1,2,2,2,2,2,2,2,2,2,2,1, ,9629.0,9609.0,2, ,3,2,1,1.0,0.0,0.0,2.0,2.0,2.0,0.0,0.0,6.0,,6.0,1,,2, ,2,2, ,,,, ,, ,, , , , , , , , ,1,6,2, ,2, ,2, ,2, ,2, ,2, ,2, ,2, ,2, ,2, ,2, ,2, ,11,5, ,2,2,2,2,2,2,10,7,1,, ,1516.0,,,,,, ,1516.0,1516.0,1516.0,1,,2024_SetOctNov,,,,,998.661622951083,25-39,0,
2024,9,29441,1,74,1,1,202409294411007412,1,2,3,1,2, ,2,2.0, ,,,, ,,, , , , , , , , , , , , , , ,,, , , , , ,,,,,,,,,,,, ,, , , , , ,,,, ,, ,, , , , , , , , , , , , , , , , , , , , , , , , , , , , , , , , , , , , , , , , , , , , , , ,, ,,,,,,, ,,,,1,,2024_SetOctNov,,,,, ,0-14,0,
2024,9,20382,1,11,1,1,202409203821001111,1,1,1,1,2, ,2,51.0,1,4.0,11.0,1972.0,2,2.0,2.0,2,2,2,2,2,2,2,2,2,2,2,2,1,2,,, , , , , ,,,,,,,,,,,, ,, , , , , ,,,, ,, ,, ,2,5,2,2,7, , ,1,2,2, ,1,2,2, ,2, ,2, ,2, ,2, ,2, ,2, ,1,5,2, ,2, ,8,2, ,2,2,2,2,2,2,10,7,4,, ,,,,,,, ,,,,1,,2024_SetOctNov,,,,,880.576399327503,40-59,0,
2024,9,20382,1,11,1,1,202409203821001112,1,2,3,1,2, ,2,21.0,2,19.0,5.0,2003.0,1,,, , , , , , , , , , , , ,2, ,5230.0,4630.0,3,5,1, ,2,50.0,4.0,4.0,0.0,4.0,4.0,4.0,4.0,24.0,,24.0,1,,1,2,2,2,4,513.0,,, ,, ,, , , , , , , , ,2,1,1,1,2, ,2, ,2, ,2, ,2, ,2, ,2, ,1,1,2, ,2, ,2, ,10,3, ,2,2,2,2,2,2,10,7,1,513.0, ,,,,,,,86,513.0,513.0,599.0,1,,2024_SetOctNov,,,,,1082.4580410519,15-24,0,
2024,9,20382,1,129,1,1,202409203821012911,1,1,1,1,2, ,2,40.0,1,20.0,5.0,1984.0,1,,, , , , , , , , , , , , ,1, ,3322.0,4390.0,3,5,2,1,1,10.0,0.0,6.0,6.0,6.0,6.0,0.0,0.0,24.0,,30.0,2,30.0,2, ,2,2,4,1200.0,,, ,, ,, , , , , , , , ,1,5,2, ,2, ,2, ,2, ,1,5,2, ,2, ,2, ,2, ,2, ,2, ,2, ,10,2, ,2,2,2,2,2,2,10,7,1,1200.0, ,,,,,,,200,1200.0,1200.0,1400.0,1,,2024_SetOctNov,,,,,1078.08459718143,40-59,0,
2024,9,20382,1,129,1,1,202409203821012912,1,2,2,1,2, ,1,58.0,1,1.0,5.0,1966.0,1,,, , , , , , , , , , , , ,2, ,3314.0,5811.0,1, ,1, ,1,11.0,0.0,8.0,8.0,8.0,8.0,0.0,5.0,37.0,,45.0,2,45.0,2, ,2,2, ,,,5000.0, ,, ,, , , , , , , , ,1,5,2, ,2, ,2, ,2, ,1,5,2, ,2, ,2, ,1,5,2, ,2, ,2, ,6,5, ,2,2,2,2,2,2,10,7,1,, ,5000.0,,,,,, ,5000.0,5000.0,5000.0,1,,2024_SetOctNov,,,,,957.625853433175,40-59,0,
2024,9,20382,1,129,1,1,202409203821012913,1,3,3,1,2, ,1,19.0,3,7.0,10.0,2004.0,2,2.0,2.0,2,2,2,2,2,2,2,2,2,2,2,2,3,2,,, , , , , ,,,,,,,,,,,, ,, , , , , ,,,, ,, ,, ,2,4,1,2,5, , ,2,5,2, ,2, ,2, ,2, ,1,5,2, ,2, ,2, ,2, ,2, ,2, ,2, ,3, ,2,2,2,2,2,2,2,10,7,4,, ,,,,,,, ,,,,1,,2024_SetOctNov,,,,,1002.56076128382,15-24,0,
2024,9,20382,1,129,1,1,202409203821012914,1,4,3,1,2, ,1,5.0, ,,,, ,,, , , , , , , , , , , , , , ,,, , , , , ,,,,,,,,,,,, ,, , , , , ,,,, ,, ,, , , , , , , , , , , , , , , , , , , , , , , , , , , , , , , , , , , , , , , , , , , , , , ,, ,,,,,,, ,,,,1,,2024_SetOctNov,,,,, ,0-14,0,
2024,9,20382,1,130,1,1,202409203821013011,1,1,1,1,2, ,2,83.0,1,16.0,3.0,1941.0,2,2.0,2.0,2,2,2,2,2,2,2,2,2,2,2,2,1,2,,, , , , , ,,,,,,,,,,,, ,, , , , , ,,,, ,, ,, ,2,6,2,1,6, , ,1,1,1,3,2, ,2, ,2, ,2, ,2, ,2, ,2, ,2, ,1,3,2, ,2, ,4,5, ,2,2,2,2,2,2,10,5,4,, ,,,,,,, ,,,,1,,2024_SetOctNov,,,,,880.576399327503,60+,0,
2024,9,20382,1,130,1,1,202409203821013012,1,2,3,1,2, ,2,43.0,1,15.0,4.0,1981.0,2,2.0,2.0,2,2,2,2,2,2,2,2,2,2,2,2,2,2,,, , , , , ,,,,,,,,,,,, ,, , , , , ,,,, ,, ,, ,2,7,1,2,7, , ,1,5,2, ,2, ,2, ,2, ,1,5,2, ,2, ,2, ,2, ,2, ,2, ,2, ,6,5, ,2,2,2,2,2,2,10,7,4,, ,,,,,,, ,,,,1,,2024_SetOctNov,,,,,1078.08459718143,40-59,0,
2024,9,20382,1,130,1,1,202409203821013013,1,3,5,1,2, ,1,3.0, ,,,, ,,, , , , , , , , , , , , , , ,,, , , , , ,,,,,,,,,,,, ,, , , , , ,,,, ,, ,, , , , , , , , , , , , , , , , , , , , , , , , , , , , , , , , , , , , , , , , , , , , , , ,, ,,,,,,, ,,,,1,,2024_SetOctNov,,,,, ,0-14,0,
2024,9,2659001,1,53,1,1,20240926590011005311,1,1,1,1,2, ,2,69.0,1,8.0,11.0,1954.0,2,2.0,2.0,2,2,2,2,2,2,2,2,2,2,2,2,1,2,,, , , , , ,,,,,,,,,,,, ,, , , , , ,,,, ,, ,, ,2,5,2,2,6, , ,1,1,1,3,2, ,2, ,2, ,2, ,2, ,2, ,2, ,2, ,1,3,2, ,2, ,11,6, ,2,2,2,2,2,2,10,7,4,, ,,,,,,, ,,,,1,,2024_SetOctNov,,,,,779.176835270371,60+,0,
2024,9,2659001,1,53,1,1,20240926590011005312,1,2,3,1,2, ,1,33.0,2,22.0,9.0,1990.0,1,,, , , , , , , , , , , , ,2, ,5212.0,4741.0,3,5,1, ,1,20.0,12.0,6.0,12.0,0.0,12.0,6.0,12.0,60.0,7.0,67.0,1,,1,1,1,2,4,2400.0,,, ,, ,500.0, , , , , , , , ,1,1,1,1,2, ,2, ,2, ,2, ,2, ,2, ,2, ,1,1,2, ,2, ,2, ,11,5, ,2,2,2,2,2,2,10,7,1,2400.0, ,,,,500.0,,,42,2900.0,2400.0,2942.0,1,,2024_SetOctNov,,,,,1038.33041321825,25-39,0,
2024,9,2659001,1,54,1,1,20240926590011005411,1,1,1,1,2, ,1,57.0,1,17.0,7.0,1967.0,1,,, , , , , , , , , , , , ,1, ,2511.0,7911.0,3,5,1, ,1,8.0,0.0,8.0,8.0,8.0,8.0,8.0,0.0,40.0,,40.0,1,,2, ,2,2,4,5600.0,,, ,, ,, , , , , , , , ,1,3,1,1,2, ,1,1,2, ,2, ,2, ,2, ,2, ,1,1,2, ,2, ,2, ,11,5, ,2,2,2,2,2,2,10,7,1,5600.0, ,,,,,,,1401,5600.0,5600.0,7001.0,1,,2024_SetOctNov,,,,,847.353940465577,40-59,0,
2024,9,2659001,1,54,1,1,20240926590011005412,1,2,2,1,2, ,2,45.0,2,10.0,7.0,1979.0,1,,, , , , , , , , , , , , ,2, ,1491.0,7911.0,3,5,1, ,1,20.0,0.0,9.0,9.0,9.0,9.0,9.0,0.0,45.0,,45.0,1,,1,1,1,2,4,2500.0,,, ,, ,, , , , , , , , ,1,3,1,1,2, ,1,1,2, ,2, ,2, ,2, ,2, ,1,1,2, ,2, ,2, ,11,5, ,2,2,2,2,2,2,12,6,1,2500.0, ,,,,,,,1124,2500.0,2500.0,3624.0,1,,2024_SetOctNov,,,,,779.176835270371,40-59,0,
2024,9,2659001,1,54,1,1,20240926590011005413,1,3,3,1,2, ,2,9.0, ,,,, ,,, , , , , , , , , , , , , , ,,, , , , , ,,,,,,,,,,,, ,, , , , , ,,,, ,, ,, , , , , , , , , , , , , , , , , , , , , , , , , , , , , , , , , , , , , , , , , , , , , , ,, ,,,,,,, ,,,,1,,2024_SetOctNov,,,,, ,0-14,0,
2024,9,2659001,1,55,1,1,20240926590011005511,1,1,1,1,2, ,1,51.0,1,23.0,6.0,1973.0,1,,, , , , , , , , , , , , ,1, ,5221.0,4649.0,3,5,1, ,2,50.0,0.0,8.0,8.0,8.0,8.0,8.0,8.0,48.0,,48.0,1,,2, ,2,1,4,3000.0,,, ,, ,, , , , , , , , ,1,1,1,1,2, ,2, ,2, ,2, ,2, ,2, ,2, ,1,1,2, ,2, ,2, ,11,5, ,2,2,2,2,2,2,10,7,1,3000.0, ,,,,,,,14,3000.0,3000.0,3014.0,1,,2024_SetOctNov,,,,,847.353940465577,40-59,0,
2024,9,2659001,1,55,1,1,20240926590011005512,1,2,2,1,2, ,2,49.0,2,22.0,3.0,1975.0,1,,, , , , , , , , , , , , ,2, ,2221.0,8610.0,3,2, , ,5,9998.0,0.0,12.0,0.0,12.0,0.0,12.0,0.0,36.0,,36.0,1,,2, ,2,2,4,5000.0,,, ,, ,, , , , , , , , ,1,1,1,1,2, ,2, ,2, ,2, ,2, ,2, ,2, ,1,1,2, ,2, ,2, ,11,5, ,2,2,2,2,2,2,10,7,1,5000.0, ,,,,,,,50,5000.0,5000.0,5050.0,1,,2024_SetOctNov,,,,,779.176835270371,40-59,0,
2024,9,2659001,1,55,1,1,20240926590011005513,1,3,3,1,2, ,1,13.0, ,,,, ,,, , , , , , , , , , , , , , ,,, , , , , ,,,,,,,,,,,, ,, , , , , ,,,, ,, ,, , , , , , , , , , , , , , , , , , , , , , , , , , , , , , , , , , , , , , , , , , , , , , ,, ,,,,,,, ,,,,1,,2024_SetOctNov,,,,, ,0-14,0,
2024,9,2659001,1,56,1,1,20240926590011005611,1,1,1,1,2, ,1,75.0,1,10.0,3.0,1949.0,1,,, , , , , , , , , , , , ,1, ,3334.0,6810.0,2, ,3,2,1,1.0,0.0,2.0,2.0,2.0,2.0,2.0,2.0,12.0,,12.0,1,,1,1,1,2, ,,,, ,, ,, , , , , , , , ,1,1,1,3,2, ,2, ,2, ,2, ,2, ,2, ,2, ,1,3,2, ,2, ,2, ,11,5, ,1,2,2,2,2,2,10,1,1,, ,850.0,,,,,, ,850.0,850.0,850.0,1,,2024_SetOctNov,,,,,847.353940465577,60+,0,
2024,9,2659001,1,56,1,1,20240926590011005612,1,2,2,1,2, ,2,74.0,1,26.0,2.0,1950.0,2,2.0,2.0,2,2,2,2,2,2,2,2,2,2,2,2,2,2,,, , , , , ,,,,,,,,,,,, ,, , , , , ,,,, ,, ,, ,2,6,2,2,7, , ,1,1,1,3,2, ,2, ,2, ,2, ,2, ,2, ,2, ,2, ,1,3,2, ,2, ,6,5, ,2,2,2,2,2,2,10,7,4,, ,,,,,,, ,,,,1,,2024_SetOctNov,,,,,779.176835270371,60+,0,
2024,9,2633401,1,38,1,1,20240926334011003811,1,1,1,1,2, ,1,47.0,1,9.0,3.0,1977.0,1,,, , , , , , , , , , , , ,1, ,4110.0,2100.0,3,5,1, ,4,300.0,0.0,8.0,8.0,8.0,8.0,8.0,0.0,40.0,27.0,67.0,1,,1,1,1,2,4,10000.0,,, ,2000.0, ,, , , , , , , , ,1,1,1,1,2, ,2, ,2, ,2, ,2, ,2, ,2, ,1,1,2, ,2, ,2, ,12,2, ,2,2,2,2,2,2,10,7,1,10000.0, ,,,2000.0,,,,3332,12000.0,10000.0,15332.0,1,,2024_SetOctNov,,,,,829.476408893348,40-59,0,
2024,9,2633401,1,38,1,1,20240926334011003812,1,2,2,1,2, ,2,50.0,2,7.0,6.0,1974.0,2,2.0,2.0,2,2,2,2,2,2,2,2,2,2,2,2,2,2,,, , , , , ,,,,,,,,,,,, ,, , , , , ,,,, ,, ,, ,1,5,1,1,13,7,2,1,3,1,4,1,4,2, ,2, ,2, ,2, ,2, ,2, ,2, ,2, ,2, ,2, ,11,5, ,2,2,2,2,2,2,10,7,2,, ,,,,,,, ,,,,1,,2024_SetOctNov,,,,,762.737708941127,40-59,0,
2024,9,2633401,1,38,1,1,20240926334011003813,1,3,3,1,2, ,2,17.0,2,15.0,3.0,2007.0,2,2.0,2.0,2,2,2,2,2,2,2,2,2,2,2,2,3,2,,, , , , , ,,,,,,,,,,,, ,, , , , , ,,,, ,, ,, ,2,4,2,2,5, , ,1,3,1,4,1,4,2, ,2, ,2, ,2, ,2, ,2, ,2, ,2, ,2, ,2, ,5,4, ,2,2,2,2,2,2,10,7,4,, ,,,,,,, ,,,,1,,2024_SetOctNov,,,,,937.603559313377,15-24,0,
2024,9,2633401,1,38,1,1,20240926334011003814,1,4,3,1,2, ,2,11.0, ,,,, ,,, , , , , , , , , , , , , , ,,, , , , , ,,,,,,,,,,,, ,, , , , , ,,,, ,, ,, , , , , , , , , , , , , , , , , , , , , , , , , , , , , , , , , , , , , , , , , , , , , , ,, ,,,,,,, ,,,,1,,2024_SetOctNov,,,,, ,0-14,0,
2024,9,26461,1,27,1,1,202409264611002711,1,1,1,1,2, ,2,33.0,1,,,1991.0,1,,, , , , , , , , , , , , ,1, ,2142.0,4100.0,3,5,1, ,5,9998.0,0.0,8.0,8.0,8.0,8.0,8.0,8.0,48.0,,48.0,1,,2, ,2,2,4,8500.0,,, ,, ,, , , , , , , , ,2,3,1,1,2, ,1,1,2, ,2, ,2, ,2, ,2, ,1,1,2, ,2, ,2, ,11,5, ,2,2,2,2,2,2,12,8,1,8500.0, ,,,,,,,2124,8500.0,8500.0,10624.0,1,,2024_SetOctNov,,,,,947.353266243334,25-39,0,
2024,9,26461,1,27,1,1,202409264611002712,1,2,2,1,2, ,1,33.0,2,16.0,6.0,1991.0,1,,, , , , , , , , , , , , ,2, ,2142.0,4100.0,3,5,1, ,5,998.0,0.0,8.0,8.0,8.0,8.0,8.0,8.0,48.0,,48.0,1,,2, ,2,2,4,8500.0,,, ,, ,, , , , , , , , ,2,3,1,1,2, ,1,1,2, ,2, ,2, ,2, ,2, ,1,1,2, ,2, ,2, ,11,5, ,2,2,2,2,2,2,12,8,1,8500.0, ,,,,,,,2124,8500.0,8500.0,10624.0,1,,2024_SetOctNov,,,,,1031.15914908047,25-39,0,
2024,9,2230701,1,31,1,1,20240922307011003111,1,1,1,1,2, ,1,20.0,1,22.0,5.0,2004.0,1,,, , , , , , , , , , , , ,1, ,7411.0,4321.0,3,5,2,2,1,7.0,0.0,0.0,8.0,0.0,0.0,0.0,0.0,8.0,,8.0,1,,1,1,1,1,2,50.0,15.0,, ,, ,, , , , , , , , ,1,5,2, ,2, ,2, ,2, ,1,5,1,4,2, ,2, ,2, ,2, ,2, ,2, ,10,2, ,2,2,2,2,2,2,1,1,1,217.0,65,,,,,,, ,282.0,282.0,282.0,1,,2024_SetOctNov,,,,,829.483374966658,15-24,0,
2024,9,2230701,1,31,1,1,20240922307011003112,1,2,7,1,2, ,2,17.0,2,5.0,9.0,2006.0,2,2.0,2.0,2,2,2,2,2,2,2,2,2,2,2,2,2,2,,, , , , , ,,,,,,,,,,,, ,, , , , , ,,,, ,, ,, ,2,8,2,2,5, , ,2,6,2, ,2, ,2, ,2, ,2, ,2, ,2, ,2, ,2, ,2, ,2, ,2, ,6,5, ,2,2,2,2,2,2,10,1,4,, ,,,,,,, ,,,,1,,2024_SetOctNov,,,,,895.587563193424,15-24,0,
2024,9,2230701,1,32,1,1,20240922307011003211,1,1,1,1,2, ,1,32.0,1,1.0,1.0,1992.0,1,,, , , , , , , , , , , , ,1, ,7352.0,1410.0,2, ,3,2,1,1.0,0.0,10.0,10.0,10.0,10.0,6.0,0.0,46.0,,60.0,2,60.0,1,1,1,2, ,,,, ,, ,, , , , , , , , ,1,5,2, ,2, ,2, ,2, ,1,5,2, ,2, ,2, ,2, ,2, ,2, ,2, ,6,5, ,2,2,2,2,2,2,1,1,1,, ,1950.0,,,,,, ,1950.0,1950.0,1950.0,1,,2024_SetOctNov,,,,,970.875556173123,25-39,0,
2024,9,2230701,1,32,1,1,20240922307011003212,1,2,2,1,2, ,2,29.0,2,20.0,6.0,1995.0,1,,, , , , , , , , , , , , ,2, ,5141.0,9602.0,3,5,2,1,1,5.0,10.0,10.0,10.0,10.0,10.0,10.0,10.0,70.0,,70.0,2,60.0,2, ,2,2,2,350.0,,, ,, ,, , , , , , , , ,1,5,2, ,2, ,2, ,2, ,1,5,2, ,2, ,2, ,2, ,2, ,2, ,2, ,6,5, ,2,2,2,2,2,2,10,7,1,1516.0, ,,,,,,, ,1516.0,1516.0,1516.0,1,,2024_SetOctNov,,,,,891.969130154755,25-39,0,
2024,9,2230701,1,33,1,1,20240922307011003311,1,1,1,1,2, ,1,73.0,1,15.0,7.0,1951.0,1,,, , , , , , , , , , , , ,1, ,9511.0,4781.0,2, ,3,2,1,1.0,0.0,12.0,12.0,12.0,12.0,12.0,12.0,72.0,,72.0,1,,2, ,2,2, ,,,, ,, ,, , , , , , , , ,1,5,2, ,2, ,2, ,2, ,1,5,2, ,2, ,2, ,2, ,2, ,2, ,2, ,6,5, ,2,2,2,2,2,2,10,7,1,, ,850.0,20.0,,,,, ,870.0,870.0,870.0,1,,2024_SetOctNov,,,,,792.305818795356,60+,0,
2024,9,2230701,1,33,1,1,20240922307011003312,1,2,2,1,2, ,2,70.0,2,15.0,4.0,1954.0,1,,, , , , , , , , , , , , ,2, ,9411.0,5610.0,2, ,3,2,1,1.0,7.0,7.0,7.0,7.0,7.0,7.0,7.0,49.0,,49.0,1,,2, ,2,2, ,,,, ,, ,, , , , , , , , ,1,5,2, ,2, ,2, ,2, ,1,5,2, ,2, ,2, ,2, ,1,5,2, ,2, ,6,5, ,2,2,2,2,2,2,1,7,1,, ,260.0,,,,,, ,260.0,260.0,260.0,1,,2024_SetOctNov,,,,,728.557820969199,60+,0,
2024,9,2230701,1,33,1,1,20240922307011003313,1,3,3,1,2, ,1,33.0,3,3.0,7.0,1991.0,1,,, , , , , , , , , , , , ,3, ,5212.0,4771.0,2, ,2,2,1,1.0,7.0,11.0,11.0,11.0,11.0,11.0,7.0,69.0,,69.0,1,,1,1,1,1, ,,,, ,, ,, , , , , , , , ,1,5,2, ,2, ,2, ,2, ,1,5,2, ,2, ,2, ,2, ,1,5,2, ,2, ,10,3, ,2,2,2,2,2,2,10,1,1,, ,868.0,80.0,,,,, ,948.0,948.0,948.0,1,,2024_SetOctNov,,,,,970.875556173123,25-39,0,
2024,9,4744203,1,28,1,1,20240947442031002811,1,1,1,1,2, ,1,54.0,1,30.0,11.0,1969.0,2,2.0,2.0,2,2,2,2,2,2,2,2,2,2,2,2,1,2,,, , , , , ,,,,,,,,,,,, ,, , , , , ,,,, ,, ,, ,1,5,1,1,13,5,2,1,6,2, ,2, ,2, ,2, ,2, ,2, ,2, ,2, ,1,5,2, ,2, ,2, ,6,5, ,2,2,2,2,2,2,1,7,2,, ,,,,,,, ,,,,1,,2024_SetOctNov,,,,,470.389126216674,40-59,0,
2024,9,4744203,1,28,1,1,20240947442031002812,1,2,2,1,2, ,2,43.0,2,14.0,5.0,1981.0,2,2.0,2.0,2,2,2,1,2,2,2,2,2,2,2,2,2, ,9533.0,4799.0,2, ,3,2,1,1.0,1.0,1.0,1.0,1.0,1.0,1.0,1.0,7.0,,7.0,1,,1,1,1,2, ,,,, ,, ,, , , , , , , , ,1,5,2, ,2, ,2, ,2, ,1,5,2, ,2, ,2, ,2, ,2, ,2, ,2, ,6,5, ,2,2,2,2,2,2,10,7,1,, ,350.0,30.0,,,,, ,380.0,380.0,380.0,1,,2024_SetOctNov,,,,,529.558877131146,40-59,0,
2024,9,4744203,1,28,1,1,20240947442031002813,1,3,3,1,2, ,1,12.0, ,,,, ,,, , , , , , , , , , , , , , ,,, , , , , ,,,,,,,,,,,, ,, , , , , ,,,, ,, ,, , , , , , , , , , , , , , , , , , , , , , , , , , , , , , , , , , , , , , , , , , , , , , ,, ,,,,,,, ,,,,1,,2024_SetOctNov,,,,, ,0-14,0,
2024,9,4744203,1,28,1,1,20240947442031002814,1,4,3,1,2, ,2,7.0, ,,,, ,,, , , , , , , , , , , , , , ,,, , , , , ,,,,,,,,,,,, ,, , , , , ,,,, ,, ,, , , , , , , , , , , , , , , , , , , , , , , , , , , , , , , , , , , , , , , , , , , , , , ,, ,,,,,,, ,,,,1,,2024_SetOctNov,,,,, ,0-14,0,
2024,9,4744203,1,29,1,1,20240947442031002911,1,1,1,1,2, ,1,25.0,1,28.0,3.0,1999.0,1,,, , , , , , , , , , , , ,1, ,7352.0,1410.0,1, ,3,2,1,4.0,0.0,10.0,10.0,10.0,10.0,10.0,8.0,58.0,,58.0,1,,2, ,2,2, ,,,, ,, ,, , , , , , , , ,1,5,2, ,2, ,2, ,2, ,1,5,2, ,2, ,2, ,2, ,2, ,2, ,2, ,6,5, ,2,2,2,2,2,2,10,3,1,, ,3417.0,,,,,, ,3417.0,3417.0,3417.0,1,,2024_SetOctNov,,,,,576.405339579313,25-39,0,
2024,9,4744203,1,29,1,1,20240947442031002912,1,2,2,1,2, ,2,29.0,2,21.0,12.0,1994.0,1,,, , , , , , , , , , , , ,2, ,8153.0,1410.0,3,5,3,2,1,4.0,0.0,10.0,10.0,10.0,10.0,10.0,7.0,57.0,,57.0,1,,2, ,2,2,2,250.0,,, ,, ,, , , , , , , , ,1,5,2, ,2, ,2, ,2, ,1,5,2, ,2, ,2, ,2, ,2, ,2, ,2, ,6,5, ,2,2,2,2,2,2,1,1,1,1083.0, ,,,,,,,22,1083.0,1083.0,1105.0,1,,2024_SetOctNov,,,,,529.558877131146,25-39,0,
2024,9,4744203,1,29,1,1,20240947442031002913,1,3,3,1,2, ,1,4.0, ,,,, ,,, , , , , , , , , , , , , , ,,, , , , , ,,,,,,,,,,,, ,, , , , , ,,,, ,, ,, , , , , , , , , , , , , , , , , , , , , , , , , , , , , , , , , , , , , , , , , , , , , , ,, ,,,,,,, ,,,,1,,2024_SetOctNov,,,,, ,0-14,0,
2024,9,4744203,1,29,1,1,20240947442031002914,1,4,6,1,2, ,1,64.0,4,21.0,8.0,1960.0,1,,, , , , , , , , , , , , ,4, ,8153.0,1410.0,3,5,3,2,1,4.0,0.0,7.0,6.0,6.0,6.0,6.0,4.0,35.0,,35.0,1,,2, ,2,2,2,220.0,,, ,, ,, , , , , , , , ,1,5,2, ,2, ,2, ,2, ,1,5,2, ,2, ,2, ,2, ,2, ,2, ,2, ,3,3, ,2,2,2,2,2,2,1,1,1,953.0, ,,,,,,, ,953.0,953.0,953.0,1,,2024_SetOctNov,,,,,470.389126216674,60+,0,
2024,9,4744203,1,30,1,1,20240947442031003011,1,1,1,1,2, ,2,36.0,1,6.0,3.0,1988.0,1,,, , , , , , , , , , , , ,1, ,8153.0,1410.0,3,5,3,2,1,4.0,0.0,0.0,0.0,6.0,0.0,0.0,0.0,6.0,3.0,9.0,1,,1,2,2,2,2,40.0,,, ,60.0, ,, , , , , , , , ,1,5,2, ,2, ,2, ,2, ,1,5,2, ,2, ,2, ,2, ,2, ,2, ,2, ,6,5, ,2,2,2,2,2,2,1,7,1,173.0, ,,,60.0,,,, ,233.0,173.0,233.0,1,,2024_SetOctNov,,,,,529.558877131146,25-39,0,
2024,9,4744203,1,30,1,1,20240947442031003012,1,4,11,1,2, ,2,16.0,4,16.0,7.0,2008.0,2,2.0,2.0,2,2,2,2,2,2,2,2,2,2,2,2,4,2,,, , , , , ,,,,,,,,,,,, ,, , , , , ,,,, ,, ,, ,2,4,2,2,5, , ,2,5,2, ,2, ,2, ,2, ,1,5,2, ,2, ,2, ,2, ,2, ,2, ,2, ,5,3, ,2,2,2,2,2,2,10,7,4,, ,,,,,,, ,,,,1,,2024_SetOctNov,,,,,531.70712786332,15-24,0,
2024,9,4744203,1,30,1,1,20240947442031003013,1,2,3,1,2, ,1,12.0, ,,,, ,,, , , , , , , , , , , , , , ,,, , , , , ,,,,,,,,,,,, ,, , , , , ,,,, ,, ,, , , , , , , , , , , , , , , , , , , , , , , , , , , , , , , , , , , , , , , , , , , , , , ,, ,,,,,,, ,,,,1,,2024_SetOctNov,,,,, ,0-14,0,
2024,9,4744203,1,30,1,1,20240947442031003014,1,3,3,1,2, ,2,4.0, ,,,, ,,, , , , , , , , , , , , , , ,,, , , , , ,,,,,,,,,,,, ,, , , , , ,,,, ,, ,, , , , , , , , , , , , , , , , , , , , , , , , , , , , , , , , , , , , , , , , , , , , , , ,, ,,,,,,, ,,,,1,,2024_SetOctNov,,,,, ,0-14,0,
2024,9,1952802,1,107,1,1,20240919528021010711,1,1,1,1,2, ,2,28.0,1,2.0,2.0,1996.0,1,,, , , , , , , , , , , , ,1, ,5141.0,9602.0,2, ,3,2,1,1.0,0.0,0.0,0.0,0.0,0.0,0.0,6.0,6.0,,6.0,1,,1,1,1,1, ,,,, ,, ,, , , , , , , , ,1,6,2, ,2, ,2, ,2, ,2, ,2, ,2, ,2, ,2, ,2, ,2, ,2, ,6,5, ,2,2,2,2,2,2,10,6,1,, ,150.0,,,,,, ,150.0,150.0,150.0,1,,2024_SetOctNov,,,,,1422.45551011636,25-39,0,
2024,9,1952802,1,111,1,1,20240919528021011111,1,1,1,1,2, ,2,53.0,1,,,1971.0,2,2.0,2.0,2,2,2,2,2,2,2,2,2,2,2,2,1,2,,, , , , , ,,,,,,,,,,,, ,, , , , , ,,,, ,, ,, ,2,5,2,2,7, , ,1,4,2, ,2, ,2, ,1,4,2, ,2, ,2, ,2, ,2, ,2, ,2, ,2, ,9,3, ,2,2,2,2,2,2,10,7,4,, ,,,,,,, ,,,,1,,2024_SetOctNov,,,,,1161.85757089621,40-59,0,
2024,9,1969502,1,49,1,1,20240919695021004911,1,1,1,1,2, ,1,79.0,1,5.0,5.0,1945.0,2,2.0,2.0,2,2,2,2,2,2,2,2,2,2,2,2,1,2,,, , , , , ,,,,,,,,,,,, ,, , , , , ,,,, ,, ,, ,2,6,2,2,3, , ,1,1,1,3,2, ,2, ,2, ,2, ,2, ,2, ,2, ,2, ,2, ,1,3,2, ,10,2, ,2,2,2,2,2,2,1,9,4,, ,,,,,,, ,,,,1,,2024_SetOctNov,,,,,1020.119993888,60+,0,
2024,9,1969502,1,50,1,1,20240919695021005011,1,1,1,1,2, ,2,37.0,1,12.0,8.0,1987.0,1,,, , , , , , , , , , , , ,1, ,2221.0,8610.0,3,2, , ,5,9998.0,11.0,11.0,0.0,0.0,0.0,11.0,11.0,44.0,12.0,56.0,1,,2, ,2,2,4,2200.0,,, ,1500.0, ,, , , , , , , , ,1,1,1,1,2, ,2, ,2, ,2, ,2, ,2, ,2, ,1,1,2, ,2, ,2, ,11,5, ,2,2,2,2,2,2,10,7,1,2200.0, ,,,1500.0,,,,50,3700.0,2200.0,3750.0,1,,2024_SetOctNov,,,,,1148.43980949832,25-39,0,
2024,9,1969502,1,50,1,1,20240919695021005012,1,2,8,2, ,2,1,21.0, ,,,, ,,, , , , , , , , , , , , , , ,,, , , , , ,,,,,,,,,,,, ,, , , , , ,,,, ,, ,, , , , , , , , , , , , , , , , , , , , , , , , , , , , , , , , , , , , , , , , , , , , , , ,, ,,,,,,, ,,,,0,,2024_SetOctNov,,,,, ,15-24,0,
